:1000000000040020810A000015070000610A0000BA
:100010001F07000029070000330700000000000050
:10002000000000000000000000000000A50A000021
:100030003D070000000000004707000051070000D6
:100040005B070000650700006F07000079070000EC
:10005000830700008D07000097070000A10700003C
:10006000AB070000B5070000BF070000C90700008C
:10007000D3070000DD070000E7070000F1070000DC
:10008000FB070000050800000F0800001908000029
:10009000230800002D080000370800004108000078
:1000A0004B080000550800005F08000069080000C8
:1000B000730800007D080000870800009108000018
:1000C0009B080000A5080000AF080000B908000068
:1000D000C3080000CD080000D7080000E1080000B8
:1000E000EB080000F5080000FF0800000909000007
:1000F000130900001D090000270900003109000054
:100100003B0900001FB500F003F88DE80F001FBD8C
:1001100000F0ACBC40F6FC7108684FF01022401CA7
:1001200008D00868401C09D00868401C04D0086842
:1001300000F037BA9069F5E79069F9E7704770B554
:100140000B46010B184400F6FF70040B4FF0805073
:100150000022090303692403406943431D1B104621
:1001600000F048FA29462046BDE8704000F042BA47
:10017000F0B54FF6FF734FF4B4751A466E1E11E0DA
:10018000A94201D3344600E00C46091B30F8027B3B
:10019000641E3B441A44F9D19CB204EB134394B25D
:1001A00004EB12420029EBD198B200EB134002EBB2
:1001B000124140EA0140F0BDF34992B00446D1E952
:1001C0000001CDE91001FF224021684600F0F4FB58
:1001D00094E80F008DE80F00684610A902E004C8FB
:1001E00041F8042D8842FAD110216846FFF7C0FF7C
:1001F0001090AA208DF8440000F099F9FFF78AFFCB
:1002000040F6FC7420684FF01025401C0FD0206889
:1002100010226946803000F078F92068401C08D030
:100220002068082210A900F070F900F061F9A869AF
:10023000EEE7A869F5E74FF080500369406940F6A2
:10024000FC71434308684FF01022401C06D0086838
:1002500000F58050834203D2092070479069F7E788
:100260000868401C04D00868401C03D00020704778
:100270009069F9E70420704770B504460068C34DE3
:10028000072876D2DFE800F033041929631E250021
:10029000D4E9026564682946304600F062F92A46CE
:1002A0002146304600F031F9AA002146304600F0E0
:1002B00057FB002800D0032070BD00F009FC4FF46C
:1002C000805007E0201D00F040F90028F4D100F034
:1002D000FFFB60682860002070BD241D94E80700C3
:1002E000920000F03DFB0028F6D00E2070BDFFF715
:1002F000A2FF0028FAD1D4E901034FF0805100EBAE
:10030000830208694D69684382420ED840F6F8704E
:1003100005684FF010226D1C09D0056805EB8305B8
:100320000B6949694B439D4203D9092070BD55694A
:10033000F4E70168491C03D00068401C02D003E0C8
:100340005069FAE70F2070BD2046FFF735FFFFF731
:1003500072FF0028F7D1201D00F0F7F80028F2D135
:1003600060680028F0D100F0E2F8FFF7D3FE00F05B
:10037000BFF8072070BD10B50C46182802D0012028
:10038000086010BD2068FFF777FF206010BD41684E
:10039000054609B1012700E0002740F6F8742068FF
:1003A0004FF01026401C2BD02068AA68920000F065
:1003B000D7FA38B3A86881002068401C27D020688D
:1003C000FFF7BDFED7B12068401C22D026684FF051
:1003D0008050AC686D68016942695143A9420DD9EA
:1003E000016940694143A14208D92146304600F0E5
:1003F000B8F822462946304600F087F800F078F831
:100400007069D2E700F093F8FFF784FEF6E77069B1
:10041000D6E77669DBE740F6FC7420684FF01026DB
:10042000401C23D02068401C0CD02068401C1FD0EA
:100430002568206805F18005401C1BD027683879A5
:10044000AA2819D040F6F8700168491C42D001680A
:10045000491C45D00168491C3ED001680968491C07
:100460003ED00168491C39D000683EE0B069DAE747
:10047000B569DEE7B769E2E710212846FFF778FEA5
:100480003968814222D12068401C05D0D4F8001080
:1004900001F18002C03107E0B169F9E730B108CA63
:1004A00051F8040D984201D1012000E000208A4259
:1004B000F4D158B1286810B1042803D0FEE72846CB
:1004C000FFF765FF3149686808600EE0FFF722FE1C
:1004D00000F00EF87169BBE77169BFE7706904E06D
:1004E0004FF480500168491C01D000F0CBFAFEE7C0
:1004F000BFF34F8F26480168264A01F4E06111439B
:100500000160BFF34F8F00BFFDE72DE9F0411746B3
:100510000D460646002406E03046296800F054F8EF
:10052000641C2D1D361DBC42F6D3BDE8F08140F69B
:10053000FC700168491C04D0D0F800004FF48051D1
:10054000FDE54FF010208069F8E74FF080510A690F
:10055000496900684A43824201D810207047002050
:10056000704770B50C4605464FF4806608E0284693
:1005700000F017F8B44205D3A4F5806405F5805562
:10058000002CF4D170BD0000F40A0000000000202F
:100590000CED00E00400FA05144801680029FCD0C5
:1005A0007047134A0221116010490B68002BFCD0E0
:1005B0000F4B1B1D186008680028FCD0002010603D
:1005C00008680028FCD07047094B10B501221A605A
:1005D000064A1468002CFCD0016010680028FCD08A
:1005E0000020186010680028FCD010BD00E4014015
:1005F00004E5014070B50C46054600F073F810B9EB
:1006000000F07EF828B121462846BDE8704000F091
:1006100007B821462846BDE8704000F037B8000012
:100620007FB5002200920192029203920A0B000B06
:100630006946012302440AE0440900F01F0651F80C
:10064000245003FA06F6354341F82450401C8242F8
:10065000F2D80D490868009A10430860081D016827
:10066000019A1143016000F03DF800280AD00649C4
:1006700010310868029A10430860091D0868039A3F
:10068000104308607FBD00000006004030B50F4CED
:10069000002200BF04EB0213D3F800582DB9D3F8A1
:1006A000045815B9D3F808581DB1521C082AF1D3C3
:1006B00030BD082AFCD204EB0212C2F80008C3F8CD
:1006C00004180220C3F8080830BD000000E0014013
:1006D0004FF08050D0F83001082801D0002070473A
:1006E000012070474FF08050D0F83011062905D016
:1006F000D0F83001401C01D0002070470120704725
:100700004FF08050D0F830010A2801D00020704707
:100710000120704708208F490968095808471020B0
:100720008C4909680958084714208A4909680958FA
:100730000847182087490968095808473020854923
:100740000968095808473820824909680958084744
:100750003C20804909680958084740207D490968BC
:100760000958084744207B49096809580847482028
:1007700078490968095808474C207649096809589A
:10078000084750207349096809580847542071499F
:1007900009680958084758206E49096809580847E8
:1007A0005C206C4909680958084760206949096854
:1007B00009580847642067490968095808476820AC
:1007C00064490968095808476C2062490968095852
:1007D000084770205F4909680958084774205D4937
:1007E00009680958084778205A490968095808478C
:1007F0007C205849096809580847802055490968EC
:10080000095808478420534909680958084788202F
:1008100050490968095808478C204E490968095809
:10082000084790204B4909680958084794204949CE
:10083000096809580847982046490968095808472F
:100840009C204449096809580847A0204149096883
:1008500009580847A4203F49096809580847A820B3
:100860003C49096809580847AC203A4909680958C1
:100870000847B0203749096809580847B420354966
:10088000096809580847B8203249096809580847D3
:10089000BC203049096809580847C0202D4909681B
:1008A00009580847C4202B49096809580847C82037
:1008B0002849096809580847CC2026490968095879
:1008C0000847D0202349096809580847D4202149FE
:1008D000096809580847D8201E4909680958084777
:1008E000DC201C49096809580847E02019490968B3
:1008F00009580847E4201749096809580847E820BB
:100900001449096809580847EC2012490968095830
:100910000847F0200F49096809580847F4200D4995
:10092000096809580847F8200A490968095808471A
:10093000FC2008490968095808475FF48070054998
:10094000096809580847000003480449024A034B54
:100950007047000000000020000B0000000B0000AA
:1009600040EA010310B59B070FD1042A0DD310C82C
:1009700008C9121F9C42F8D020BA19BA884201D97E
:10098000012010BD4FF0FF3010BD1AB1D30703D0C6
:10099000521C07E0002010BD10F8013B11F8014B7C
:1009A0001B1B07D110F8013B11F8014B1B1B01D198
:1009B000921EF1D1184610BD02F0FF0343EA032254
:1009C00042EA024200F005B87047704770474FF0A6
:1009D00000020429C0F0128010F0030C00F01B800C
:1009E000CCF1040CBCF1020F18BF00F8012BA8BF1A
:1009F00020F8022BA1EB0C0100F00DB85FEAC17CDE
:100A000024BF00F8012B00F8012B48BF00F8012B90
:100A100070474FF0000200B51346944696462039C1
:100A200022BFA0E80C50A0E80C50B1F12001BFF4A7
:100A3000F7AF090728BFA0E80C5048BF0CC05DF80D
:100A400004EB890028BF40F8042B08BF704748BF5B
:100A500020F8022B11F0804F18BF00F8012B7047CF
:100A6000014B1B68DB6818470000002009480A4951
:100A70007047FFF7FBFFFFF745FB00BD20BFFDE719
:100A8000064B1847064A1060016881F308884068E1
:100A900000470000000B0000000B000017040000DE
:100AA000000000201EF0040F0CBFEFF30881EFF3ED
:100AB0000981886902380078182803D100E0000015
:100AC000074A1047074A12682C3212681047000084
:100AD00000B5054B1B68054A9B58984700BD0000B0
:100AE0007703000000000020F00A0000040000006E
:100AF000001000000000000000FFFFFF0090D00386
:10100000B00F002021AE010065B0000087AD0100E7
:1010100065B0000065B0000065B000000000000091
:10102000000000000000000000000000ADAE010064
:1010300065B000000000000065B0000065B0000071
:1010400015AF01001BAF010065B0000065B00000E6
:1010500065B0000065B0000065B0000065B000003C
:1010600021AF010065B0000065B0000027AF0100AE
:1010700065B000002DAF010033AF010039AF0100B2
:1010800065B0000065B0000065B0000065B000000C
:1010900065B0000065B0000065B0000065B00000FC
:1010A00065B000003FAF010065B0000065B0000012
:1010B00065B0000065B0000065B0000065B00000DC
:1010C00045AF010065B0000065B0000065B00000EC
:1010D00065B0000065B0000065B0000065B00000BC
:1010E00065B0000065B0000065B0000065B00000AC
:1010F00065B0000065B0000065B0000065B000009C
:1011000065B0000065B0000000F002F819F077FE4D
:101110000AA090E8000C82448344AAF10107DA4552
:1011200001D119F06CFEAFF2090EBAE80F0013F00E
:10113000010F18BFFB1A43F00103184770A201000A
:1011400090A201000A4410F8014B14F00F0508BFEB
:1011500010F8015B240908BF10F8014B6D1E05D083
:1011600010F8013B6D1E01F8013BF9D1641E03D05C
:10117000641E01F8015BFBD19142E4D3704700008B
:101180000023002400250026103A28BF78C1FBD890
:10119000520728BF30C148BF0B6070471FB500F031
:1011A00003F88DE80F001FBD19F026BE70B51B4C6B
:1011B00005460A202070A01C00F0D7F85920A08016
:1011C00029462046BDE8704006F0FEBE06F00CBF82
:1011D00070B50C461249097829B1A0F160015E2969
:1011E00008D3012013E0602804D0692802D043F21C
:1011F00001000CE020CC0B4E94E80E0006EB8000C2
:10120000A0F58050241FD0F8806E2846B04720609B
:1012100070BD0120704706207047000008000020C4
:101220001800002074AF01003249884201D2012029
:1012300070470020704770B50446A0F500002E4EA0
:10124000B0F1786F02D23444A4F5000429488442F6
:1012500001D2012500E0002500F043F848B125B98E
:10126000B44204D32548006808E0012070BD002086
:1012700070BD002DF9D1B442F9D321488442F6D291
:10128000F3E710B50446A0F50000B0F1786F03D283
:1012900019480444A4F5000400F023F84FF08041FD
:1012A00030B11648006804E08C4204D2012003E00B
:1012B00013488442F8D2002080F0010010BD10B520
:1012C00020B1FFF7DEFF08B1012010BD002010BDE6
:1012D00010B520B1FFF7AFFF08B1012010BD00200D
:1012E00010BD084808490068884201D101207047B4
:1012F0000020704700C00100000000201C000020FA
:101300000800002058000020BEBAFECA10B50446EE
:101310000021012000F041F800210B2000F03DF8F1
:101320000021082000F039F80421192000F035F8D8
:1013300004210D2000F031F804210E2000F02DF8DA
:1013400004210F2000F029F80421C84300F025F8FB
:101350000621162000F021F80621152000F01DF8C6
:101360002046FFF723FF002010BDCC2101807047ED
:10137000FFF72CBF1148704710487047104A10B54E
:1013800014680F4B0F4A08331A60FFF721FF0C480F
:10139000001D046010BD704770474907090E002802
:1013A00004DB00F1E02080F80014704700F00F002B
:1013B00000F1E02080F8141D7047000003F900429E
:1013C000100502400100000130B5FF4D0446062C17
:1013D000A9780ED2DFE804F0030E0E0E0509FFDF38
:1013E00008E0022906D0FFDF04E0032902D0FFDF76
:1013F00000E0FFDFAC7030BDF34810B5407E41081F
:10140000F14800F11A0005D00DF043FBBDE8104093
:1014100006F07ABC0DF024FBF8E730B50446A1F1E4
:1014200020000D460A2847D2DFE800F005070C1916
:10143000202532373C41FFDF3FE0207820283CD197
:10144000FFDF3AE0E0488078052836D0207824286D
:1014500033D0252831D023282FD0FFDF2DE020786E
:1014600022282AD0232828D8FFDF26E02078222827
:1014700023D0FFDF21E0207822281ED024281CD092
:1014800026281AD0272818D0292816D0FFDF14E0E4
:101490002078252811D0FFDF0FE0207825280CD0F8
:1014A000FFDF0AE02078252807D0FFDF05E020785D
:1014B000282802D0FFDF00E0FFDF257030BD1FB518
:1014C0000022ADF800200C88ADF802404B88ADF842
:1014D0000430CA88ADF808208988ADF806100021CC
:1014E000ADF80A10ADF80C1080B14FF6FF70062170
:1014F000844201D1ADF80210834201D1ADF804104D
:10150000824203D14FF44860ADF8080068460DF000
:10151000BEFB06F0F9FB04B010BD70B514460D46D5
:101520000646FFF788FE60B90DB1A54201D90C202F
:1015300070BD002409E000BF56F82400FFF77BFED1
:1015400008B1102070BD641CE4B2AC42F4D300209A
:1015500070BD2DE9F04105461F4690460E46002419
:101560000068FFF7B5FE30B9A98828680844401E16
:10157000FFF7AEFE10B11020BDE8F081286800280A
:10158000A88802D0B84202D850E00028F4D0092040
:10159000F2E72968085DB8B1671CCA5D152A2ED02C
:1015A0003CDC152A3AD2DFE802F039122222282840
:1015B0002A2A313139393939393939393939220019
:1015C000085D30BB641CA4B2A242F9D833E0022803
:1015D000DDD1A01C085C88F80000072801D2400774
:1015E00001D40A20C8E7307840F0010015E0C1437B
:1015F000C90707E0012807D010E00620BCE7010773
:10160000A1F180510029F5D01846B5E7307881075F
:1016100001D50B20B0E740F0020030702868005D73
:10162000384484B2A888A04202D2B0E74FF44853AD
:1016300082B2A242ADD800209EE710B502785408CD
:1016400009D0012243F20223012C07D0022C0DD035
:10165000032C13D10FE00020087005E080790324EB
:10166000B4EB901F0AD10A70002010BD8079B2EB54
:10167000901F03D1F7E780798009F4D0184610BD98
:1016800008B500208DF800004F4890F8221051B1A5
:1016900090F8230002280FD003280FD0FFDF00BFEF
:1016A0009DF8000008BD48486946193001F0C6F9A8
:1016B0000028F5D0FFDFF3E7032000E001208DF8DC
:1016C0000000EDE738B50C460546694601F0B6F96D
:1016D00000280DD19DF80010207861F3470020709C
:1016E00055F8010FC4F80100A888A4F805000020EF
:1016F00038BD38B51378C0B1022816D033A46D4672
:10170000246800944C7905EB9414247864F347031F
:10171000137003280ED003F0FE0010700868C2F8A2
:1017200001008888A2F8050038BD23F0FE0313707D
:101730000228EED1D8B240F00100EEE702210EF00F
:10174000BDBC38B50C460978222901D2082038BD25
:10175000ADF800008DF8022068460DF0D9F906F0CA
:10176000D3FA050003D121212046FFF756FE284673
:1017700038BD1CB500208DF80000CDF80100ADF893
:101780000500114890F82200022801D0012000E055
:1017900000208DF8070068460DF024FA002800D0DC
:1017A000FFDF1CBD2DE9FF478CB00025BDF834607C
:1017B00082461C4690468DF81C50700703D5606821
:1017C000FFF739FD90B903E0A00100200302FF01FB
:1017D000FE4F4FF0010997F8220058B197F8230007
:1017E000022807D16068FFF773FD18B1102010B010
:1017F000BDE8F087300702D5A089802815D870078A
:1018000004D4B8F1000F01D0387E70B1E07DC0F390
:1018100000108DF81B00617D072041B1012906D021
:101820000229E4D00429E2D117E00720DFE78DF890
:1018300017908DF819908DF81580606878B107A918
:10184000FFF7FBFE0028D2D1606850F8011FCDF8E9
:101850000F108088ADF8130005E00620C7E7CDF82B
:101860000F50ADF81350E07B0028F6D1207C002803
:10187000F3D1607C0028F0D1A07C0028EDD1E07C81
:10188000C006EAD18DF800A0BDF83400ADF8020022
:10189000A0680190A0680290CDA0D0E90010CDE929
:1018A0000A10E07C0AA901EB501000788DF80C00BA
:1018B000FFF7E6FE8DF80D009DF81C008DF80E0078
:1018C0008DF818508DF816508DF81A5009A96846F1
:1018D0000DF02CFA06F018FA89E7F0B58FB0002465
:1018E0008DF830408DF814408DF8344006468DF860
:1018F0002840019402940394049419B10FC901ADD6
:1019000085E80F00B14DA878052801D004280CD136
:1019100001986968884200D120B90398E968884233
:1019200003D110B108200FB0F0BD1F273B460DAA10
:1019300005A903A8FFF70DFE0028F4D13B460AAA2B
:101940000CA901A8FFF705FE0028ECD19DF81400B2
:10195000C00701D00A20E6E7A88A410708D4A97D7C
:1019600031B19DF82810890702D043F20120DAE74F
:101970009DF82810C90709D0400707D4288818B156
:1019800044F25061884201D90720CCE78DF8184015
:101990008DF81960BDF80800ADF81A00019807909D
:1019A00006A80DF0CEF906F0AFF90028BBD18DF8EE
:1019B00020408DF82160BDF81000ADF8220003989A
:1019C000099008A80DF0DFF906F09EF90028AAD1C9
:1019D00001AC2D1D94E80F0085E80F000020A2E760
:1019E00070B50646FFF7AAFE054606F06FFB040039
:1019F00000D1FFDF6680207820F00F00801C20F0EF
:101A0000F000203020700320207295F83E006072B4
:101A1000BDE8704006F05EBB2DE9F04385B00400E0
:101A200000D1FFDF2078694E20F00F00801C20F0ED
:101A3000F0007030207060680178C91F14292AD224
:101A4000DFE801F04DF3290AF3F33AF2292966F2AF
:101A5000F2F129F2F2F0EFF286883046FFF76EFEDF
:101A60000546304608F0BDF8C0B16068807985F859
:101A70003E0021212846FFF7D0FC304603F0FAF95A
:101A8000304604F0ADFB3146012012F047F9A87F43
:101A900020F01000A87705B0BDE8F083207820F092
:101AA000F00020302070032020726680606880790A
:101AB000607206F00FFBDCE785882846FFF73EFEE4
:101AC00000B9FFDF60688078012800D0FFDF606820
:101AD000817905B02846BDE8F04308F04ABA868807
:101AE0003046FFF72BFE050000D1FFDF06F0F2FACB
:101AF00060683146C08828816068008968816068B4
:101B00004089A881012012F009F90020A875C2E7D8
:101B1000807828B10228BED03C28BCD0FFDFBAE7CD
:101B200006F0D8FA6568A879AD1C00B9FFDFF77830
:101B3000B5F80290B046384606F05FF8060000D1CE
:101B4000FFDF0022022148460EF0AFFA040000D168
:101B5000FFDF22212046FFF760FCA17F012060F318
:101B60000101A177298B2181698B6181A98BA181D9
:101B700084F822708DF80800B0680090F068019039
:101B80006A46032148460EF090FA00B9FFDFB0889C
:101B9000ADF81000B0788DF8120004AA052148466F
:101BA0000EF083FA00B9FFDFB088ADF80C00F078D2
:101BB0008DF80E0003AA042148460EF076FA00B90B
:101BC000FFDF062105F1120006E00000A001002061
:101BD000070605040302010000F04DFF30B36879E9
:101BE000800700D5FFDF6979E07D61F34700E0758C
:101BF000D5F80600A0616889A083062105F10C00D4
:101C000000F039FFE0B198F819104A08617862F3E2
:101C100047016170D8F81A10C4F80210B8F81E0015
:101C200017E028E020E033E02DE017E0E07D20F031
:101C3000FE00801CE075D5F81200A061E88ADBE7A1
:101C4000607820F0FE00801C6070E868C4F8020034
:101C5000288AE0800320FFF7B7FB1CE705B0204689
:101C6000BDE8F04301F092BC06F034FA16F8240FF8
:101C700040F0020005E006F02DFA16F8240F40F0BF
:101C80000400307007E705B0BDE8F04306F022BA63
:101C9000B178052909D00429DFD106F01BFA02200A
:101CA00005B0BDE8F043FFF78FBB80780028D4D0A3
:101CB000F07800F0AAFE06F00DFA0320F0E72DE917
:101CC000F047054600780027000991460C463E463D
:101CD000012871D0022870D007280AD00A286DD0B8
:101CE000FFDF00BFA9F800600CB1278066800020EC
:101CF0007EE5D5F804C0DFF8448804F108009CF8BC
:101D000000204FF0010AD21F4FF6FF71142A76D23D
:101D1000DFE802F00AF9F9F9F9F9F91DF9F926C035
:101D2000889DF91061D476EE12271026BCF80400C5
:101D30002146F3E01C270A26ECB3BCF80200A08081
:101D4000686800792072686840796072CAE71B276A
:101D5000092684B30320207268684088A080C1E708
:101D60009CF802103C29BDD010272C260CF1020C47
:101D70000CB3BCF80210A180BCF818106182BCF84A
:101D800018102182BCF81A10A182BCF81C10E18244
:101D90009CF8053002460CF106011846FFF7A9FC35
:101DA0009CF8040001289DD184F80FA00020207623
:101DB00008F1040003E00BE0A8E0B2E0EAE090E8FC
:101DC0000E00D8F81000C4E90930C4E9071289E709
:101DD000A9F800608BE720271126002CF8D0A180FD
:101DE000686804F10A02807820726868807A6072FC
:101DF00069680B1DC8781946FFF77BFC72E782E023
:101E000021270A26002CE3D0BCF80200A0806868D5
:101E10000079207268684079607298F8241021F087
:101E2000040162E022270B26002CD1D0BCF804006C
:101E3000A0806868807820726868807900F02AFE47
:101E400060726868C07900F025FEA0724AE7262714
:101E50001C26002CBCD0A1806868C07860726868BD
:101E60008079A07208F1040090E80E00D8F8100004
:101E7000C4E90530C4E90312686880783C2803D0BF
:101E8000432804D0FFDF2DE784F808A02AE70220CA
:101E9000207227E724271026002C99D0BCF80200D6
:101EA000A0806868007920816868007A608168682D
:101EB000C088A08168684089E08113E72327102645
:101EC000002C85D0BCF80200A08068688088208142
:101ED0006868C088608168680089A08168684089F6
:101EE000E08198F8241021F0020188F82410F9E626
:101EF0002F272A26002C86D0A18069682222891CDF
:101F00000BF017FAEEE64A46214644E0287A02280A
:101F100001D0FFDFE6E612271026688800F098FD62
:101F2000E0E6287AB0B3012835D0022833D0032860
:101F300001D0FFDFD6E611270926002C8AD0B5F89C
:101F400002804046FFF7FAFB90F822A0A4F8048034
:101F5000687A2072042140460EF0C2F805214046FE
:101F60000EF0BEF8002140460EF0BAF801214046BE
:101F70000EF0B6F8032140460EF0B2F802214046BA
:101F80000EF0AEF8062140460EF0AAF8504600F0DA
:101F90003CFDA7E6FFE72846BDE8F04701F02CBC72
:101FA00070B5012801D0FFDF70BD8DB22846FFF764
:101FB000C5FB040000D1FFDF20782128F4D006F013
:101FC00085F880B1017821F00F01891C21F0F00122
:101FD000103101700221017245800020A075BDE81A
:101FE000704006F077B821462846BDE870401322BD
:101FF000FFF7A7BB2DE9F04116460C00804600D143
:10200000FFDF307820F00F00801C20F0F00010304F
:1020100030702078022802D0FFDFBDE8F081404612
:10202000FFF78CFB050000D1FFDFA1884FF6FF70A2
:102030000027814202D1E288824203D0814201D14D
:10204000E08840B106F046F894E80F00083686E8CC
:102050000F00AF75E1E7A87D0128DED178230022CB
:10206000414611F0B1FD0220A875D6E738B5054606
:102070000C460846FFF7DFF8A8B9242D31D006DC5E
:10208000202D0AD0212D0AD0222D04D124E0252D87
:102090001BD03F2D2DD0072038BD062038BD6068ED
:1020A000FFF70DF908B1102038BD618820886A4615
:1020B0000CF0E1FF05F028FE0028F5D16168002949
:1020C000F2D0BDF800200A8038BDA07800F00101F0
:1020D00020880DF001F808E02068BDE8384001F0E4
:1020E000C0BD618820880CF05FFFBDE8384005F076
:1020F0000BBE207800F001008DF8000068460CF05F
:10210000BDFD05F001FE38BD70B505460C4608461C
:10211000FFF7B7F808B1102070BD202D07D0212D92
:102120000DD0222D0BD0252D09D0072070BD208881
:10213000A11C0CF03CFDBDE8704005F0E5BD06209B
:1021400070BDFE481930704708B528220021FB48B1
:102150000BF019F90120FFF737F9F84968461A31F1
:1021600005F04AFFF5489DF80020417E62F34701E3
:1021700021F001014176002180F822104FF46171B5
:102180000184022180F82310FFF736F900B1FFDF48
:1021900000F0AEFC01F0CCF908BD10B50C464022B1
:1021A000002120460BF0EFF8A07F20F00300A0777D
:1021B000202020700020A07584F8230010BD7047F7
:1021C0002DE9FC410746FFF736F810B11020BDE8B5
:1021D000FC81DA4E06F11901D6F819000090B6F824
:1021E0001D50ADF80450F47F8DF806403846FFF7D7
:1021F00069FA0028EBD1FFF7FFF80028E7D0009933
:1022000046F8191FB580B471E1E710B50446FFF731
:1022100038F808B1102010BDC848C8492246407E91
:102220001A314008FFF765FA002010BD3EB504469C
:102230000D460846FFF725F808B110203EBD14B141
:1022400043F204003EBDBD488078052803D0042831
:1022500001D008203EBD694602A80BF01AFB2A46B1
:1022600069469DF80800FFF744FA00203EBDFEB520
:102270000D4604004FF0000711D00822FFF74DF97A
:10228000002811D1002608E054F826006946FFF71F
:10229000D4F9002808D1761CF6B2AE42F4D30CF083
:1022A00037FB10B143F20320FEBDA44E3776FCB1DC
:1022B00000271AE054F8270002A9FFF7BEF900B181
:1022C000FFDF9DF808008DF8000054F8270050F853
:1022D000011FCDF801108088ADF8050068460CF0AC
:1022E0003CFB00B1FFDF7F1CFFB2AF42E2D335768B
:1022F0000020FEBD2DE9F0478AB01546894604004E
:102300001DD00F4608222946FFF707F9002810D1F3
:10231000002612E054F826006946103000F08EFBCB
:10232000002806D13FB157F82600FEF784FF10B110
:1023300010200AB0DCE4761CF6B2AE42EAD30026E6
:10234000A5F101081CE000BF06F1010A0AF0FF0731
:1023500012E000BF54F82600017C4A0854F8271008
:102360000B7CB2EB530F05D10622113011310AF06C
:10237000B3FF58B17F1CFFB2AF42EBD30AF0FF06A8
:102380004645E1DB4E4624B1012003E043F205203F
:10239000CFE700200CF000FB10B90CF009FB10B1E6
:1023A00043F20420C5E75CB300270DF1170825E0D0
:1023B00054F827006946103000F040FB00B1FFDF01
:1023C00054F82700102250F8111FCDF80110808812
:1023D000ADF8050054F827100DF107000AF0A9FF29
:1023E00096B156F82710102240460AF0A2FF684620
:1023F0000CF098FA00B1FFDF7F1CFFB2AF42D7D3D9
:10240000FFF7B7F9002094E7404601F01EFCEEE725
:1024100030B585B00446FEF70EFF18B96068FEF7C8
:1024200057FF10B1102005B030BD60884AF2B811D6
:10243000884206D82078414D28B1012806D00228CC
:1024400004D00720EFE7FEF7D7FF18E060780228F6
:1024500004D0032802D043F20220E4E785F82300E9
:10246000C1B200200090ADF8040002292CD003294D
:1024700027D0FFDF68460CF00CFB05F045FC002878
:10248000D1D1606801F0D4FB207858B101208DF8DB
:1024900000000DF1010001F0D8FB68460CF075FE5C
:1024A00000B1FFDF207885F82200FFF762F960882D
:1024B00060B1288480B20CF067FA00B1FFDF002021
:1024C000B1E78DF80500D5E74020FAE74FF46170D9
:1024D000EFE710B50446FEF7D4FE20B9606838B1C6
:1024E000FEF7EDFE08B1102010BD606801F0ADFBF5
:1024F000124830F8201F6180C178617080782070A8
:10250000002010BD2DE9F843144689460646FEF723
:10251000B8FEB8B94846FEF7DBFE98B92046FEF78C
:10252000D7FE78B9054DA878012800D154B131788B
:10253000FF2909D061B143F2040001E0A0010020AD
:10254000BDE8F8831020F8E7012801D00420F4E763
:10255000CCB3052811D004280FD06946204600F0DE
:10256000A4FA0028E9D1217D49B1012909D0022925
:1025700009D0032909D00720DFE70820DDE702465C
:1025800004E0012202E0022200E00322804623460A
:10259000174600200099FFF705F90028CDD1A08942
:1025A0002880A07BE875BDF80000A882AF75BDF853
:1025B0000010090701D5A18931B1A1892980C0077F
:1025C00004D0032003E006E08021F7E70220FEF7B5
:1025D000FBFE86F800804946BDE8F8430020FFF77F
:1025E0007CB92DE9FC41FF4C06460D46A078022837
:1025F00003D0032801D00820E9E516B143F2040016
:10260000E5E506200DF00EFD10B9A078032849D0AD
:102610000FF07CFC074610F0DBFE381A00F0FF08D4
:1026200006200DF0F7FC074606200DF0FBFC391ADA
:10263000A078042809D000221144A8EB010111F070
:10264000FF0F04D0032804D00DE00122F4E713208B
:10265000BDE5284605F0D1FA10B3407810B32846FE
:1026600005F0D6FDE570FFF70BF80BF054F80120EC
:102670008DF800008DF801008DF802602088ADF81B
:102680000400E07D8DF8060068460CF050FC05F073
:102690003BFB0028B0D1A078032805D0042010E02F
:1026A000052094E5122092E5E07805F0A6FA0400F2
:1026B00000D1FFDF607800B9FFDF6078401E6070F6
:1026C0000520FEF781FE002081E51CB510B143F224
:1026D00004001CBDC34CA078042803D0052801D0F9
:1026E00008201CBD00208DF8000001218DF801108C
:1026F0008DF8020068460CF01AFC05F005FB002876
:10270000EFD1A078052805D05FF00200FEF75CFE4F
:1027100000201CBDE07800F078F90320F6E72DE9F1
:10272000FC4180460D4603260846FEF7D1FD08B160
:1027300010204CE54046FFF701F8040004D0207853
:10274000222804D2082042E543F202003FE5A07FA0
:1027500000F003073DB1012F0AD000202946FEF703
:10276000AEFE0600E5D1012F04D0FFDF30462EE596
:102770000120F3E7A07D2946022801D011B107E02E
:10278000112024E5684600F0E7FA0028D1D1694617
:10279000404607F0CEFB0600E8D10120A075E5E732
:1027A00070B50C460546FEF7C9FF010005D022466C
:1027B0002846BDE87040FEF7C4BF43F2020070BD7A
:1027C00010B5012807D1874B9B78012B00D011B1A0
:1027D00043F2040010BD0CF009F9BDE8104005F00B
:1027E00093BA012300F01BB900231A46194600F0E2
:1027F00016B970B5064615460C460846FEF741FD6B
:1028000018B92846FEF73DFD08B1102070BD2A46D4
:10281000214630460CF017FC05F076FA0028F5D179
:1028200021787F29F2D1052070BD7CB505460C4684
:102830000846FEF700FD08B110207CBD2846FEF7D3
:102840007DFF20B10078222804D208207CBD43F20D
:1028500002007CBD634890F82400400701D5112098
:102860007CBD2178C80802D16078C20801D0072059
:102870007CBD890801D1800801D006207CBDADF85F
:10288000005020788DF8020060788DF80300022057
:10289000ADF8040068460BF00FFF05F035FA7CBD7B
:1028A00070B586B014460D460646FEF747FF28B1C0
:1028B0000078222805D2082006B070BD43F202003D
:1028C000FAE72846FEF704FD20B944B12046FEF79A
:1028D000F6FC08B11020EFE700202060A0804148FE
:1028E00090F82400800701D51120E5E703A93046C0
:1028F0000BF01FFF18B100BF05F006FADCE7ADF8DA
:102900000060BDF81400ADF80200BDF81600ADF887
:102910000400BDF81000BDF81210ADF80600ADF8C7
:1029200008107DB1298809B1ADF80610698809B190
:10293000ADF80210A98809B1ADF80810E98809B10D
:10294000ADF80410DCB1BDF80610814201D9081AB7
:102950002080BDF80210BDF81400814201D9081A88
:102960006080BDF80800BDF80410BDF816200144D1
:10297000BDF812001044814201D9081AA0806846AF
:102980000BF074FFB8E770B505460C460846FEF735
:1029900078FC08B1102070BD214628460CF04AF999
:1029A000BDE8704005F0B0B93EB505460C46084696
:1029B000FEF767FC08B110203EBD0020009001909A
:1029C0000290ADF800502089ADF8080020788DF80D
:1029D0000200606801902089ADF808006089ADF8B8
:1029E0000A0001E0A001002068460CF031F905F072
:1029F0008BF93EBD0EB5ADF8000000200190684691
:102A00000CF026F905F080F90EBD10B505F0F5F8CB
:102A1000040000D1FFDF6078401C607010BD1CB561
:102A2000ADF800008DF802308DF803108DF8042009
:102A300068460CF0D7FA05F067F91CBD0278520819
:102A400004D0012A02D043F202207047FEF7F5BD00
:102A500070B50C0006460DD0FEF770FE050000D1E3
:102A6000FFDFA68028892081288960816889A0816C
:102A7000A889E08170BD10B500231A4603E0845C8C
:102A80002343521CD2B28A42F9D30BB1002010BDAD
:102A9000012010BD00B530B1012803D0022801D0BB
:102AA000FFDF002000BDFF2000BD00220A8092B29F
:102AB00022F060020A800078062817D2DFE800F0D2
:102AC000160306090C1142F0110007E042F01D0048
:102AD00009E042F0150006E042F0100040F002006C
:102AE00001E042F010000880002070470720704786
:102AF000FD48002101604160018170472DE9FF4FD1
:102B000093B09B46209F160004460DD01046FEF75A
:102B100092FB18B1102017B0BDE8F08F31460120AC
:102B2000FEF7CDFC0028F6D101258DF842504FF478
:102B3000C050ADF84000002210A9284603F016FE50
:102B40000028E8D18DF84250A8464FF428500025BF
:102B5000ADF840001C222946684607950AF013FC90
:102B60009DF81C000DF11C0A20F00F00401C20F005
:102B7000F00010308DF81C0020788DF81D00617871
:102B80009DF81E000DF1400961F3420040F0010084
:102B90008DF81E009DF8000008AA40F002008DF894
:102BA00000002089ADF83000ADF832506089ADF8F2
:102BB0003400CDF82CA060680E900AA9CDF82890BA
:102BC000684603F0C8FB0028A5D16068FEF777FBD4
:102BD00040B16068FEF77CFB20B9607800F003002C
:102BE000022801D0012000E00020BF4C08AA0AA959
:102BF0002072BDF8200020808DF8428042F601202E
:102C0000ADF840009DF81E0020F00600801C20F06A
:102C100001008DF81E000220ADF83000ADF8340040
:102C200014A80E90684603F096FB002889D1BDF8E1
:102C30002000608036B1211D304600F059F900288F
:102C4000C2D109E0BBF1000F05D00AF017F9E8BBCB
:102C50000AF014F9D0BBA58017B1012F43D04AE088
:102C60008DF8428042F6A620ADF8400046461C2270
:102C70000021684607950AF086FB9DF81C00ADF818
:102C8000346020F00F00401C20F0F00010308DF870
:102C90001C009DF81D0020F0FF008DF81D009DF820
:102CA0001E0020F0060040F00100801C8DF81E0080
:102CB0009DF800008DF8446040F002008DF800009F
:102CC000CDE90A9AADF8306011A800E011E00E904D
:102CD00008AA0AA9684603F03EFB0028A6D1BDF861
:102CE0002000E08008E00AF0C9F810B90AF0C6F840
:102CF00008B103200FE7E58000200CE73EB504464D
:102D0000794D0820ADF80000A88828B12046FEF7CC
:102D100092FA18B110203EBD06203EBD214601208A
:102D2000FEF7CDFB0028F8D12088ADF804006088BC
:102D3000ADF80600A088ADF80800E088ADF80A00FC
:102D4000A88801AB6A46002103F00CFFBDF8001013
:102D50000829E2D003203EBD7FB5634D0446A88814
:102D600068B1002002900820ADF80800CDF80CD022
:102D70002046FEF760FA20B1102004B070BD062096
:102D8000FBE7A98802AA4FF6FF7004F02DF900288E
:102D9000F3D1BDF80810082901D00320EDE7BDF8F4
:102DA00000102180BDF802106180BDF80410A180E0
:102DB000BDF80610E180E0E701B582B00220ADF871
:102DC0000000494802AB6A464088002103F0CAFE71
:102DD000BDF80010022900D003200EBD1CB5002153
:102DE00000910221ADF800100190FEF74AFA08B1F7
:102DF00010201CBD3C486A4641884FF6FF7004F025
:102E0000F3F8BDF800100229F3D003201CBDFEB575
:102E1000354C06461546207A0F46C00705D00846B1
:102E2000FEF709FA18B11020FEBD0F20FEBDF82DE7
:102E300001D90C20FEBD3046FEF7FDF918BB2088F5
:102E400001A902F08AFF0028F4D130788DF805003E
:102E5000208801A903F064FE0028EBD100909DF8C2
:102E600000009DF8051040F002008DF800000907F1
:102E700003D040F008008DF800002088694603F078
:102E8000ECFD0028D6D1ADF8085020883B4602AAB8
:102E9000002103F067FEBDF80810A942CAD0032044
:102EA000FEBD7CB505460020009001900888ADF875
:102EB00000000C4628460195FEF701FA18B9204695
:102EC000FEF7DFF908B110207CBD15B1BDF8000098
:102ED00060B105486A4601884FF6FF7004F084F837
:102EE000BDF8001021807CBDC80100200C20FAE74D
:102EF00030B5044693B000200D46014600901422E0
:102F000001A80AF040FA1C22002108A80AF03BFAA6
:102F10009DF80000CDF808D020F00F00401C20F0F4
:102F2000F00010308DF800009DF8010006AA20F096
:102F3000FF008DF801009DF8200001A940F002007B
:102F40008DF8200001208DF8460042F60420ADF8EF
:102F5000440011A801902088ADF83C006088ADF8CD
:102F60003E00A088ADF84000E088ADF842009DF832
:102F7000020020F00600801C20F001008DF8020005
:102F80000820ADF80C00ADF810000FA8059008A8B7
:102F900003F0E1F9002803D1BDF8180028800020D3
:102FA00013B030BD0A4810B5046809490948083112
:102FB00008600FF0BEFE0648001D046010BD064903
:102FC000002008604FF0E0210220C1F88002704725
:102FD0001005024001000001FC1F00400548064AA0
:102FE0000168914201D1002101600449012008607B
:102FF0007047000058000020BEBAFECA40E50140FC
:103000002CFFFFFFDBE5B15100C00100CC00FFFF4A
:1030100071000000C1CF6A00FEA0D9111C1006C3C8
:1030200089CCFC7A7B3B49141906A8C010B504462C
:10303000FEF701F908B1102010BD2078C0F302108E
:10304000042807D86078072804D3A178102901D86C
:10305000814201D2072010BDE078410706D42179D2
:103060004A0703D4000701D4080701D5062010BD84
:10307000002010BD70B514460D46064605F026F832
:1030800080B10178182221F00F01891C21F0F00194
:10309000A03100F8081B21460AF04BF9BDE870404A
:1030A00005F018B829463046BDE870401322FEF7F7
:1030B00048BB2DE9F047064608A8904690E8300442
:1030C00089461F461422002128460AF05CF9002197
:1030D000CAF80010B8F1000F03D0B9F1000F03D106
:1030E00014E03878C00711D02068FEF7CAF8C0BBDA
:1030F000B8F1000F07D12068123028602068143022
:1031000068602068A8602168CAF8001038788007D5
:1031100024D56068FEF7D3F818BBB9F1000F21D0B1
:10312000FFF70FF80168C6F868118188A6F86C11DE
:10313000807986F86E0101F034FAF84FEF6062682A
:1031400062B196F8680106F2691140081032FEF784
:10315000D0FA1022394660680AF0EBF80020BDE88A
:10316000F08706E0606820B1E8606068C6F8640136
:10317000F4E71020F3E730B5054608780C4620F058
:103180000F00401C20F0F001103121700020607011
:1031900095F8230030B104280FD0052811D0062857
:1031A00014D0FFDF20780121B1EB101F04D295F875
:1031B000200000F01F00607030BD21F0F0002030D2
:1031C00002E021F0F00030302070EBE721F0F00059
:1031D0004030F9E7F0B591B0022715460C46064697
:1031E0003A46ADF80870092103AB05F070FD049074
:1031F000002810D004208DF804008DF80170E03410
:10320000099605948DF818500AA968460EF051FCED
:1032100000B1FFDF012011B0F0BD2DE9F84F0646E7
:10322000808A0C4680B28246FEF788FA0546BB4F7C
:103230003078203F4FF002094FF000080F287CD271
:10324000DFE800F07BA39D082C5B6A7CBADAFD976F
:1032500048979700012150460CF030FF040000D140
:10326000FFDF97F85C00C00701D0386E0BE0032148
:1032700004F11D0010F06BFAD4F81D00A849B0FB52
:10328000F1F201FB1200C4F81D0070686067B068BD
:10329000A0672878252872D0FFDF70E00121504612
:1032A0000CF00CFF060000D1FFDF3078810702D55B
:1032B0002978252904D040F001003070BDE8F88F4E
:1032C00084F80090307F207106F11D002D36C4E98E
:1032D0000206F3E7012150460CF0F0FE050000D194
:1032E000FFDF2878C10604D5072020703D356560D2
:1032F000E4E740F008002870E0E7E87F000700D529
:10330000FFDF307CB28800F0010301B05046BDE819
:10331000F04F092106F06FBD05B9FFDF716821B1DB
:10332000102205F124000AF004F828212846FEF7AF
:1033300074F8307A85F82000C0E7F7E001215046A4
:103340000CF0BCFE050000D1FFDF022105F1850075
:1033500010F0FDF90420207005F5B4706060B5F838
:10336000850020826D4810387C356561C4E90270A3
:10337000A4E7012150460CF0A1FE00B9FFDF324660
:1033800029465046BDE8F84F74E605B9FFDF2878B6
:10339000212893D93079012803D1E87F40F0080033
:1033A000E877324629465046FFF764FE2846BDE8D6
:1033B000F84F2321FEF731B83279A28004F10803D7
:1033C0000921504605F083FCE06010B10520207013
:1033D00074E74546012150460CF070FE040000D110
:1033E000FFDF04F1620102231022081F0CF0FFFC32
:1033F00005703179417061E7012150460CF05EFEA5
:10340000040000D1FFDF94F8840000F003000128DD
:1034100059D1E87F10F0010003D194F8A010C9073A
:103420002AD0D4F8602132B394F88330117C63F34E
:1034300087011174AA7FD30963F3410100E071E0B1
:10344000D4F860211174D4F8602160F30001117484
:1034500090B1D4F86001102205F12401883409F0FC
:1034600068FF207E40F001002076207820F00100E7
:1034700004F8880919E0C0B994F88810C90714D075
:10348000D4F85C218AB194F88330117C63F387010E
:103490001174AA7FD309D4F85C2163F3410111743C
:1034A000D4F85C2160F30001117494F8880080075F
:1034B00009D594F87C00D4F86421400804F17D011A
:1034C0001032FEF716F98DF8009094F884006A46E1
:1034D00000F003008DF8010094F888108DF80210B8
:1034E00094F8A0008DF803002946504601F042F8F8
:1034F0002878252805D0212807D0FFDF2878222822
:1035000003D922212846FDF788FF012150460CF0FF
:10351000E7FD00283FF4DDAEFFDFCFE6F401002039
:1035200040420F00716881F80180C7E6FFDFC5E601
:1035300070B5FE4C002584F85C5025660EF085FAC7
:1035400004F11001204604F07DFD84F8305070BD78
:1035500070B50D46FEF7F2F8040000D1FFDF4FF41E
:10356000B8720021284609F00EFF2434012105F12C
:10357000E0002C610EF06AFA002800D0FFDF70BD79
:103580000A46014602F1E0000EF081BA70B5054628
:10359000406886B00178082906D00B2933D00C2961
:1035A0002FD0FFDF06B070BD46883046FEF7C6F864
:1035B000040000D1FFDF20782128F3D028281BD178
:1035C000686802210C3000F0A0FFA8B168680821EB
:1035D000001D00F09AFF78B104F1240130460BF091
:1035E000A8FC04F091FB00B1FFDF06B02046BDE867
:1035F00070402921FDF711BF06B0BDE8704004F00E
:1036000069BD01218171686886883046FEF796F8A9
:10361000040000D1FFDF20782128C3D068688179B9
:1036200009B1807808B1FFDFBCE704F053FDA07F4B
:10363000000622D5E07FC00705D094F8200000F0F6
:103640001F00102817D0052084F82300207829288F
:1036500015D02428A6D13146042010F05FFB22218A
:103660002046FDF7DAFE012130460CF039FD002836
:1036700098D0FFDF96E70620E6E70420E4E7012183
:1036800030460CF01BFD050000D1FFDF2521204650
:10369000FDF7C3FE03208DF80000694605F1E00048
:1036A0000EF0ECF90228BFD00028BDD0FFDF79E78B
:1036B0002DE9F04788B09A46164688468146FEF7BF
:1036C0003DF805003AD02878222837D3232835D072
:1036D000E87F000732D40027012148460CF0EEFCB9
:1036E000040005D10121002248460CF0DEFC04460E
:1036F000694600F066FF009800B9FFDF00983CB112
:10370000E03404612878222804D0242802D005E07F
:10371000076103E025212846FDF77FFE009801217F
:103720004170C0F824908680C0E9028A01A90EF099
:10373000C0F9022802D0002800D0FFDF08B00EE553
:1037400070B586B00546FDF7F9FF0078222814D938
:10375000012128460CF0B2FC04002CD1FFDF2AE046
:10376000B4F85E0004F1620630440178427829B171
:1037700021462846FFF72EFDB0B913E7ADF8042027
:103780000921284602AB05F0A2FA03900028F4D0E4
:1037900005208DF80000694604F1E0000EF06EF996
:1037A000022801D000B1FFDF02231022314604F1CC
:1037B0005E000CF052FBB4F860000028D0D1F1E6B6
:1037C00010B586B00446FDF7B9FF0078222811D95C
:1037D000012120460CF072FC040000D1FFDF06201E
:1037E0008DF80000694604F1E0000EF047F900286A
:1037F00000D0FFDF06B010BD2DE9F84F0546007878
:103800000C460027010904F1080090463E46BA46DE
:10381000009002297ED0072902D00A2909D142E06E
:1038200068680178082905D00B292CD00C292AD0EA
:10383000FFDF72E114271C26002C6CD04088A0808A
:10384000FDF77CFF5FEA000900D1FFDF99F8170060
:1038500009F118014008009AFDF74BFF686880895C
:10386000208268684168C4F812108068C4F81600A5
:10387000A07E20F0060040F00100A07699F81E001E
:1038800040F020014FE01A270A26002CD5D080886E
:10389000A080FDF753FF050000D1FFDF2846009907
:1038A000FFF769FC39E10CB1A88BA080287A4FF0B2
:1038B000010B0B287ED006DC01287CD0022808D022
:1038C000032804D137E00D2876D00E2875D0FFDF0D
:1038D00023E11E270926002CAFD0A088FDF72EFF7C
:1038E0005FEA000900D1FFDF287B00F00300012818
:1038F000207A1DD020F001002072297B890861F315
:1039000041002072297BC90861F382002072297B63
:10391000090901E0F7E0AEE061F3C300207299F815
:103920001E0040F0400189F81E10F6E0D40100208E
:1039300040F00100E0E713270D26002CA6D0A08858
:10394000FDF7FCFE81460121A0880CF0B7FB0500C5
:1039500000D1FFDF686F817801F003010129217A2E
:1039600050D021F00101217283789B0863F341015B
:1039700021728378DB0863F38201217283781B094B
:1039800063F3C3012172037863F306112172437854
:1039900063F3C711217284F809A0C178A17202797A
:1039A000E17A62F30001E1720279520862F34101A7
:1039B000E17203E029E067E04EE05FE002799208FF
:1039C00062F38201E1720279D20862F3C301E1720B
:1039D0004279217B62F3000121734279520862F33C
:1039E000410121734279920862F382012173407987
:1039F000C00860F3C301217399F8000023282AD975
:103A0000262139E041F00101ADE71827102694B3D3
:103A1000A088FDF793FE00900121A0880CF04EFBDA
:103A20005FEA000900D1FFDFE868A06099F80000B4
:103A300040F0040189F8001099F80100800708D5CA
:103A400084F80CB000980078232866D927210098C4
:103A500052E084F80CA060E015270F265CB1A08826
:103A6000FDF76CFE81460622E868009909F0E9FC42
:103A700084F80EB085E042E048463DE0162709266E
:103A8000ECB3287B207248E0287B19270E26B4B3BC
:103A9000C4F808A0A4F80CA0012807D0022808D078
:103AA00003280CD004280AD0FFDF15E084F808B002
:103AB00001E002202072607A20F003000BE0697BB5
:103AC000042801F00F0141F080012172F3D1607AE6
:103AD00020F00300401C6072A088FDF72FFE054611
:103AE0000078212819D0232800D0FFDF0121A088E9
:103AF0000CF0F6FA22212846FDF78FFC0DE0FFE7D7
:103B0000A8F800600EE00CB16888A080287A10B395
:103B1000012809D002283AD0FFDFA8F800600CB1D4
:103B200027806680002007E415270F26002CE7D0A9
:103B3000A088FDF703FE0121A0880CF0BFFA050064
:103B400000D1FFDFD5F81D000622009909F079FCAD
:103B500084F80EA0E1E717270926002CD0D0A08812
:103B6000FDF7ECFD81460121A0880CF0A7FA0500C5
:103B700000D1FFDF6878800701D5022000E0012036
:103B8000207299F800002328C7D9272174E7192744
:103B90000E26002CB4D0A088FDF7D0FD5FEA000906
:103BA00000D1FFDFC4F808A0A4F80CA084F808A096
:103BB000A07A40F00300A07299F81E10C90961F3C1
:103BC0008200A07299F81F2099F81E1012EAD11FE6
:103BD00005D099F8201001F01F01102925D020F000
:103BE0000800A07299F81F10607A61F3C300607238
:103BF000697A01F0030101298FD140F0040060725D
:103C0000E87A217B60F300012173AA7A607B62F37A
:103C100000006073EA7A520862F341012173A97AC5
:103C2000490861F34100607377E740F00800D8E786
:103C300010B5F84C30B10146102204F1200009F013
:103C400078FB012084F8300010BD10B5044600F068
:103C5000A8FCF04920461022BDE81040203109F0B0
:103C600068BB70B5EB4D06004FF0000412D0FDF7B5
:103C7000E2FA08B110240BE00621304609F0C8FB37
:103C8000411C04D02866012085F85C0000E0072470
:103C9000204670BD0020F7E7007810F00F0204D036
:103CA000012A05D0022A0CD110E0000909D10AE04E
:103CB0000009012807D0022805D0032803D00428D2
:103CC00001D0072070470870002070470620704719
:103CD00005282AD2DFE800F003070F171F00087835
:103CE00020F0FF001EE0087820F00F00401C20F0BC
:103CF000F000103016E0087820F00F00401C20F093
:103D0000F00020300EE0087820F00F00401C20F07A
:103D1000F000303006E0087820F00F00401C20F062
:103D2000F0004030087000207047072070472DE9F0
:103D3000F043804687B00D464FF000090846FDF776
:103D4000C7FAA8B94046FDF7F9FC060003D0307861
:103D500022280BD104E043F2020007B0BDE8F08353
:103D600035B1B07FC10601D4000703D50820F4E7C0
:103D70001020F2E7F07F000701D50D20EDE70027C6
:103D8000012140460CF09AF9040006D101210022DD
:103D900040460CF08AF9040005D0694600F011FC99
:103DA000009818B901E00420D7E7FFDF009802214E
:103DB000E0344170C0F82480446107810121017121
:103DC000297801F00102017E62F3010101762A786F
:103DD000520862F3820101762A78920862F3C301E5
:103DE00001762A78D20862F3041101762421304644
:103DF000FDF713FB01A900980DF05BFE022801D02E
:103E000000B1FFDF4846A8E72DE9FF4F0E46824983
:103E1000904697B09A4607C914AB4FF0000983E863
:103E200007001798FDF78AFC050006D02878262899
:103E300006D008201BB0BDE8F08F43F20200F9E77E
:103E400026B94046FFF7F2F80028F3D10121179870
:103E50000CF034F9040000D1FFDF852E27D007DCF9
:103E6000EEB1812E1DD0822E1DD0832E08D11CE0F4
:103E7000862E1ED0882E1ED0892E1ED08A2E1ED0B1
:103E80000F2020710F281CD004F020F9D8B1012098
:103E90008DF83400201D0E902079B0B126E100206D
:103EA000EFE70120EDE70220EBE70320E9E705203B
:103EB000E7E70620E5E70820E3E70920E1E70A2035
:103EC000DFE70720B6E71120B4E798F80000D4E94F
:103ED0001D764208A87F002162F3C710A87798F8E2
:103EE00000008208E87F62F30000E87798F800009D
:103EF000C209607862F34100607098F8000002091E
:103F0000207862F34710207098F80000C2086078AB
:103F100062F30000607098F80100607198F800008A
:103F200000F00102B07862F30100B070AA7FD209FC
:103F300062F38200B070EA7F62F3C300B07062780F
:103F400062F30410B0702278C0F3C00052093270DE
:103F50006278C2F34002727098F80220F2707171B8
:103F60003171B978C1F3C00108405FEA000B2ED06F
:103F70005046FDF760F978BBDAF80C00FDF75BF905
:103F800050BBDAF81C00FDF756F928BBDAF80C0034
:103F9000A060DAF81C00E06060787A7842EA5001AC
:103FA00061F341006070B978C0B200EA111161F3A9
:103FB000000060700020207705F117006061681C28
:103FC000A061B07800F00300012806D046E06078D8
:103FD0007A7802EA5001E3E719E0B87800F00300CC
:103FE00001283BD1321D711D404600F099FA31790C
:103FF000387901408DF8281070797A7910408DF861
:10400000300001432AD05046FDF715F930B1102099
:1040100010E70000D4010020E8B001000AF1100010
:1040200004F5AE7304F18C028DE80D0000210AAB9B
:104030005A462046FFF73DF80028E9D104F5B07252
:1040400004F1A403CDF800A0CDE9013201210CABAD
:104050005A462046FFF72DF80028D9D1607880070E
:1040600022D4B078B978C0F38000C1F3800108434E
:104070001AD0307814AA397832F810204B00DA4080
:1040800002F00309B9F1030F01D14FF00209BBF1AE
:10409000000F09D0012801D0042805D1012901D041
:1040A000042901D14FF00409A87F40F08000A877CF
:1040B000E97F6BF30001E9776078800706D503207C
:1040C000A071BBF1000F11D100202CE00220B9F14A
:1040D000020F1AD0B9F1010F19D0B9F1040F2AD08B
:1040E0000020A071A87F20F08000A8772521284615
:1040F000FDF793F90DA904F1E0000DF0BFFC10B13C
:10410000022800D0FFDF002094E6A071DCE7A07158
:104110000D22002104F1200009F035F9207840F04B
:104120000200207001208DF84C0013AA2946179830
:1041300000F020FADAE70120A071D7E72DE9F0437B
:1041400087B09046894604460025FDF7F7FA070038
:1041500004D03878272804D00820FEE543F2020076
:10416000FBE5012120460BF0A9FF040000D1FFDF91
:10417000A6795FEA090005D0012821D0B9F1020F24
:1041800026D110E0B8F1000F22D1012E05D0022E69
:1041900005D0032E05D0FFDF2EE00C252CE00125F5
:1041A0002AE0022528E04046FDF745F8B0B9032E85
:1041B0000ED11022414604F11D0009F0BAF81BE0AF
:1041C000012E02D0022E03D104E0B8F1000F13D06B
:1041D0000720C2E54046FDF72EF808B11020BCE5E7
:1041E0001022002104F11D0009F0CDF806214046FF
:1041F00009F00EF9C4F81D002078252140F00200D6
:1042000020703846FDF709F92078C10713D020F057
:104210000100207002208DF8000004F11D000290C2
:104220008DF804506946C3300DF028FC022803D0F5
:1042300010B1FFDF00E0257700208EE530B587B0B4
:104240000D460446FDF77AFA60B1012120460BF0D5
:1042500035FF04000CD02846FCF7EDFF28B11020F4
:1042600007B030BD43F20200FAE72078400701D4DE
:104270000820F5E7294604F13D002022054609F013
:1042800058F8207840F01000207001070FD520F07A
:104290000800207007208DF80000694604F1E00056
:1042A00001950DF0EBFB022801D000B1FFDF0020EB
:1042B000D6E770B50D460646FDF740FA18B100780E
:1042C000272817D102E043F2020070BD01213046D9
:1042D0000BF0F4FE040000D1FFDFA079022809D121
:1042E0006078C00706D02A4621463046FEF772FFA6
:1042F00010B10FE0082070BDB4F860000E280BD29A
:1043000004F1620102231022081F0BF070FD01214D
:1043100001704570002070BD112070BD70B506465B
:1043200014460D460846FCF786FF18B92046FCF7F0
:10433000A8FF08B1102070BDA6F57F40FF380ED051
:104340003046FDF7FBF938B1417822464B08811C15
:104350001846FDF7CEF907E043F2020070BD204693
:10436000FDF753FF0028F9D11021E01D0FF0EFF900
:10437000E21D294604F1170000F033F9002070BD5A
:104380002DE9F04104468AB015460E46002708463E
:10439000FCF79EFF18B92846FCF79AFF18B11020C9
:1043A0000AB0BDE8F0812046FDF7C8F95FEA0008D1
:1043B00004D098F80000272810D102E043F2020050
:1043C000EEE7012120460BF079FE040000D1FFDF6B
:1043D0002078400702D56078800701D40820DFE705
:1043E000D4E91D01497801B18DB1407800B176B1B1
:1043F000ADB1EA1D06A8E16800F0F3F8102206A9A5
:1044000005F1170008F068FF18B1042707E007203E
:10441000C6E71022E91D04F12D0008F08AFF2EB135
:104420001022F11D04F11D0008F083FF20782521E2
:1044300040F0020020704046FCF7EFFF2078C107F3
:1044400015D020F00100207002208DF8000004F14A
:104450001D000290103003908DF804706946B3304F
:104460000DF00CFB022803D010B1FFDF00E027772E
:10447000002095E770B50D4606460BB1072070BDCC
:10448000FDF75CF9040007D02078222802D3A07F32
:10449000800604D4082070BD43F2020070BDADB1A7
:1044A000294630460AF045FD03F02EFC297C4A08D7
:1044B000A17F62F3C711A177297CE27F61F300023B
:1044C000E277297C890884F8201004E030460AF05D
:1044D00053FD03F019FCA17F21F02001A17770BDED
:1044E00070B50D46FDF72AF9040005D02846FCF703
:1044F000C8FE20B1102070BD43F2020070BD2946F5
:104500002046FEF738FE002070BD04E010F8012BB5
:104510000AB100207047491E89B2F7D201207047C6
:1045200010B5C4780B7864F300030B70C47864088A
:1045300064F341030B70C478A40864F382030B7026
:10454000C478E40864F3C3030B700379117863F350
:104550000001117003795B0863F341011170037965
:104560009B0863F3820111700079C00860F3C301F6
:10457000117010BD70B51546064603F0A7FD040086
:1045800000D1FFDF207820F00F00801C20F0F00029
:104590002030207066802868A060BDE8704003F07D
:1045A00099BD10B5134C94F83000002808D104F1DF
:1045B0002001A1F110000DF0A3FA012084F83000D1
:1045C00010BD10B190F8B9202AB10A4890F8350012
:1045D00018B1002003E0B83001E00648343008602C
:1045E000704708B50023009313460A460BF065FF99
:1045F00008BD0000D4010020F0B5007B059F1E46D9
:1046000014460D46012800D0FFDF0C2030803A20F0
:104610003880002C08D0287A032806D0287B01286F
:1046200000D0FFDF17206081F0BDA889FBE72DE9EE
:10463000F04786B0144691F80C900E9A0D46B9F1E9
:10464000010F0BD01021007B2E8A8846052807D049
:10465000062833D0FFDF06B0BDE8F0870221F2E77D
:10466000E8890C2100EB400001EB4000188033206A
:104670001080002CEFD0E889608100271AE00096B6
:10468000688808F1020301AA696900F086FF06EB59
:104690000800801C07EB470186B204EB4102BDF81D
:1046A000040090810DF1060140460E320DF09EFA95
:1046B0007F1CBFB26089B842E1D8CCE734201080BB
:1046C000E889B9F1010F11D0122148430E3018804A
:1046D000002CC0D0E88960814846B9F1010F00D0B4
:1046E0000220207300270DF1040A1FE00621ECE7E9
:1046F0000096688808F1020301AA696900F04DFF7D
:1047000006EB0800801C86B2B9F1010F12D007EB4E
:10471000C70004EB4000BDF80410C18110220AF16B
:104720000201103008F005FE7F1CBFB26089B8425C
:10473000DED890E707EB470104EB4102BDF8040027
:10474000D0810AF10201404610320DF04FFAEBE73A
:104750002DE9F0470E4688B090F80CC096F80C8012
:10476000378AF5890C20109902F10C044FF0000AE9
:10477000BCF1030F08D0BCF1040F3FD0BCF1070F10
:104780007ED0FFDF08B067E705EB850C00EB4C003F
:10479000188031200880002AF4D0A8F1060000F02B
:1047A000FF09558126E01622002101A808F0EBFD43
:1047B00000977088434601AA716900F0EEFEBDF8CB
:1047C00004002080BDF80600E080BDF808002081CC
:1047D000A21C0DF10A0148460DF008FAB9F1000FCC
:1047E00000D018B184F804A0A4F802A007EB0800D8
:1047F00087B20A346D1EADB2D5D2C3E705EB850C86
:1048000000EB4C00188032200880002ABAD0A8F1B2
:10481000050000F0FF09558137E000977088434696
:1048200001AA716900F0B9FE9DF80600BDF80410F8
:10483000E1802179420860F3000162F341018208BE
:1048400062F38201C20862F3C301020962F3041138
:10485000420962F34511820962F386112171C00990
:104860006071BDF80700208122460DF1090148461C
:104870000DF0BCF918B184F802A0A4F800A000E083
:1048800007E007EB080087B20A346D1EADB2C4D250
:1048900078E7A8F1020084B205FB08F000F10E0CE5
:1048A000A3F800C035230B80002AA6D0558194813F
:1048B000009783B270880E32716900F06EFE61E776
:1048C0002DE9F84F1E460A9D0C4681462AB1607AB2
:1048D00000F58070D080E089108199F80C000C27D9
:1048E0004FF000084FF00E0A0D2872D2DFE800F0FA
:1048F0009D070E1B272F374554697272720021469F
:1049000048460095FFF778FEBDE8F88F207B91467A
:10491000082802D0032800D0FFDF3780302009E0CC
:10492000A9F80A80F0E7207B9146042800D0FFDF39
:10493000378031202880B9F1000FF1D1E4E7207BE6
:104940009146042800D0FFDF37803220F2E7207B39
:104950009146022800D0FFDF37803320EAE7207B32
:104960001746022800D0FFDF3420A6F800A02880D8
:10497000002FC9D0A7F80A80C6E7207B1746042875
:1049800000D0FFDF3520A6F800A02880002FBBD084
:104990004046A7F80A8012E0207B1746052802D07F
:1049A000062800D0FFDF1020308036202880002F1E
:1049B000AAD0E0897881A7F80E80B9F80E00B881F6
:1049C000A2E7207B9146072800D0FFDF3780372001
:1049D000B0E72AE04FF0120018804FF038001700BF
:1049E000288091D0E0897881A7F80E80A7F8108000
:1049F00099F80C000A2805D00B2809D00C280DD0F6
:104A0000FFDF81E7207B0A2800D0FFDF01200AE0DA
:104A1000207B0B2800D0FFDF042004E0207B0C2843
:104A200000D0FFDF052038736EE7FFDF6CE770B55D
:104A30000C460546FCF782FE20B10078222804D2FD
:104A4000082070BD43F2020070BD052128460BF01E
:104A500035FB206008B1002070BD032070BD30B46C
:104A60004880087820F00F00C01C20F0F000903043
:104A700001F8080B1DCA81E81D0030BC03F02ABBF9
:104A80002DE9FF4784B00027824602970798904699
:104A90008946123006F043FB401D20F003060798BC
:104AA00028B907A95046FFF7C2FF002854D1B9F131
:104AB000000F05D00798017B19BB052504681BE092
:104AC00098F80000092803D00D2812D0FFDF46E037
:104AD000079903254868B0B3497B428871439142E6
:104AE00039D98AB2B3B2011D0BF06DF904460780C3
:104AF00002E0079C042508340CB1208810B1032D76
:104B000029D02CE007980121123006F03AFBADF8CD
:104B10000C00024602AB2946504604F0D8F80700C4
:104B200001D1A01C029007983A461230C8F8040040
:104B3000A8F802A003A94046029B06F02FFBD8B1BB
:104B40000A2817D200E006E0DFE800F00709141495
:104B5000100B0D141412132014E6002012E611207D
:104B600010E608200EE643F203000BE6072009E6F4
:104B70000D2007E6032005E6BDF80C002346CDE92D
:104B800000702A465046079900F017FD57B9032DCB
:104B900008D10798B3B2417B406871438AB2011DC6
:104BA0000BF025F9B9F1000FD7D0079981F80C90D7
:104BB000D3E72DE9FE4F91461A881C468A46804667
:104BC000FAB102AB494604F082F8050019D040461C
:104BD000A61C27880BF0B7FB3246072629463B4622
:104BE00000960AF0D6FF20882346CDE900504A46B9
:104BF0005146404600F0E1FC002020800120BDE845
:104C0000FE8F0020FBE710B586B01C46AAB1042336
:104C10008DF800301388ADF808305288ADF80A20BE
:104C20008A788DF80E200988ADF80C1000236A46AA
:104C30002146FFF725FF06B010BD1020FBE770B539
:104C40000D4605210BF03AFA040000D1FFDF29469A
:104C500004F11200BDE8704006F07CBA2DE9F8437B
:104C60000D468046002603F031FA044628781028C5
:104C700078D2DFE800F0773B3453313112313131F3
:104C80000831313131312879001FC0B2022801D0FA
:104C9000102810D114BBFFDF35E004B9FFDF052178
:104CA00040460BF00BFA007B032806D004280BD0FB
:104CB000072828D0FFDF072655E02879801FC0B2DB
:104CC000022820D050B1F6E72879401FC0B2022850
:104CD00019D0102817D0EEE704B9FFDF13E004B9AC
:104CE000FFDF287901280ED1172137E00521404642
:104CF0000BF0E4F9070000D1FFDF07F11201404695
:104D000006F005FA2CB12A4621464046FFF7A7FED9
:104D100029E013214046FDF743FD24E004B9FFDFFD
:104D2000052140460BF0CAF9060000D1FFDF6946B5
:104D300006F1120006F0F5F9060000D0FFDFA988A1
:104D4000172901D2172200E00A46BDF8000082426E
:104D500002D9014602E005E01729C5D3404600F01C
:104D60003CFCD0E7FFDF3046BDE8F883401D20F073
:104D7000030219B102FB01F0001D00E00020104405
:104D8000704713B5009848B1002468460AF0C5FF83
:104D9000002C02D1F74A009911601CBD01240020AB
:104DA000F4E72DE9F0470C46154624220021204661
:104DB00008F0E9FA05B9FFDFA87860732888DFF802
:104DC000B4A3401D20F00301AF788946DAF8000053
:104DD0000AF0C1FF060000D1FFDF4FF00008266097
:104DE000A6F8008077B109FB07F1091D0AD0DAF8AF
:104DF00000000AF0B0FF060000D1FFDF6660C6F8D1
:104E0000008001E0C4F80480298804F11200BDE8A4
:104E1000F04706F06DB92DE9F047804601F1120028
:104E20000D46814606F07BF9401DD24F20F003026B
:104E30006E7B1446296838680AF0B8FF3EB104FB5F
:104E400006F2121D03D0696838680AF0AFFF05202A
:104E50000BF0E0F8044605200BF0E4F8201A0128D6
:104E600002D138680AF06CFF49464046BDE8F04779
:104E700006F054B970B5054605210BF01FF9040082
:104E800000D1FFDF04F112012846BDE8704006F0B2
:104E90003EB92DE9F04F91B04FF0000BADF834B0B2
:104EA000ADF804B047880C460546924605213846C1
:104EB0000BF004F9060000D1FFDF24B1A780A4F8AD
:104EC00006B0A4F808B0297809220B20B2EB111F14
:104ED0007ED12A7A04F1100138274FF00C084FF0E8
:104EE00001090391102A74D2DFE802F073F3F2F1A2
:104EF0008008D3898EA03DDCF4EFB7B7307B022861
:104F000000D0FFDFA88908EBC001ADF80410302104
:104F1000ADF83410002C25D06081B5F80E90002734
:104F20001DE004EBC708317C88F80E10F189A8F861
:104F30000C10CDF800906888042304AA296900F0B9
:104F40002CFBBDF81010A8F8101009F10400BDF8F2
:104F500012107F1C1FFA80F9A8F81210BFB26089E6
:104F6000B842DED80EE1307B022800D0FFDFE989AD
:104F700008EBC100ADF804003020ADF83400287B08
:104F80000A90001FC0B20F90002CEBD06181B5F8E1
:104F90001090002726E000BFCDF80090688869696E
:104FA00003AA0A9B00F0F9FA0A9804EBC7084844E0
:104FB0001FFA80F908F10C0204A90F980CF016FEF4
:104FC00018B188F80EB0A8F80CB0BDF80C1001E0CC
:104FD000D4E0D1E0A8F81010BDF80E107F1CA8F89E
:104FE0001210BFB26089B842D6D8CBE00DA80090AD
:104FF00001AB224629463046FFF719FBC2E0307B61
:10500000082805D0FFDF03E0307B082800D0FFDF51
:10501000E8891030ADF804003620ADF83400002CDB
:105020003FD0A9896181F189A18127E0307B0928DE
:1050300000D0FFDFA88900F10C01ADF80410372182
:10504000ADF83410002C2CD06081E8890090AB8939
:10505000688804F10C02296956E0E889392110308A
:1050600080B2ADF80400ADF83410002C74D0A989DA
:105070006181287A0E280AD002212173E989E18111
:10508000288A0090EB8968886969039A3CE00121CD
:10509000F3E70DA8009001AB224629463046FFF702
:1050A00057FB6FE0307B0A2800D0FFDF1220ADF8FD
:1050B0000400ADF834704CB3A9896181A4F810B034
:1050C000A4F80EB084F80C905CE020E002E031E03F
:1050D00039E042E0307B0B2800D0FFDF288AADF8B2
:1050E00034701230ADF8040084B104212173A98911
:1050F0006181E989E181298A2182688A00902B8A6D
:10510000688804F11202696900F047FA3AE0307BDE
:105110000C2800D0FFDF1220ADF80400ADF8347089
:105120003CB305212173A4F80AB0A4F80EB0A4F88A
:1051300010B027E00DA8009001AB2246294630466A
:10514000FFF75AFA1EE00DA8009001AB224629464F
:105150003046FFF7B5FB15E034E03B21ADF8040025
:10516000ADF8341074B3A4F80690A4F808B084F82D
:105170000AB007E010000020FFDF03E0297A0129D0
:1051800017D0FFDFBDF80400AAF800006CB1BDF82D
:1051900034002080BDF804006080BDF83400392858
:1051A00003D03C2801D086F80CB011B00020BDE837
:1051B000F08F3C21ADF80400ADF8341014B1697AD9
:1051C000A172DFE7AAF80000EFE72DE9F84356885F
:1051D0000F4680461546052130460AF06FFF040051
:1051E00000D1FFDF123400943B46414630466A68E6
:1051F00006F008F9B8E570B50D4605210AF05EFF26
:10520000040000D1FFDF294604F11200BDE8704020
:1052100005F092BF70B50D4605210AF04FFF04005E
:1052200000D1FFDF294604F11200BDE8704005F00F
:10523000B0BF70B5054605210AF040FF040000D15B
:10524000FFDF04F1080321462846BDE87040042230
:10525000AFE470B5054605210AF030FF040000D127
:10526000FFDF214628462368BDE870400522A0E400
:1052700070B5064605210AF021FF040000D1FFDFCA
:1052800004F1120005F04BFF401D20F0030511E072
:10529000011D00880322431821463046FFF789FC90
:1052A00000280BD0607BABB2684382B26068011DFE
:1052B0000AF0D3FD606841880029E9D170BD70B55E
:1052C0000E46054602F002FF040000D1FFDF012078
:1052D000207266726580207820F00F00C01C20F0DC
:1052E000F00030302070BDE8704002F0F3BE2DE9D0
:1052F000F0438BB00D461446814606A9FFF797FB95
:10530000002814D14FF6FF7601274FF420588CB1B6
:1053100003208DF800001020ADF8100007A80590BC
:1053200007AA204604A90CF080FC78B107200BB036
:10533000BDE8F0830820ADF808508DF80E708DF8A8
:105340000000ADF80A60ADF80C800CE00698A1787A
:1053500001742188C1818DF80E70ADF80850ADF848
:105360000C80ADF80A606A4602214846069BFFF7AA
:1053700087FBDCE708B501228DF8022042F6020225
:10538000ADF800200A4603236946FFF73CFC08BD40
:1053900008B501228DF8022042F60302ADF8002084
:1053A0000A4604236946FFF72EFC08BD00B587B006
:1053B00079B102228DF800200A88ADF808204988CA
:1053C000ADF80A1000236A460521FFF759FB07B024
:1053D00000BD1020FBE709B1072314E40720704744
:1053E00070B588B00D461446064606A9FFF71FFBA8
:1053F00000280ED17CB10620ADF808508DF80000D1
:10540000ADF80A40069B6A460821DC813046FFF76A
:1054100037FB08B070BD05208DF80000ADF80850CE
:10542000F0E700B587B059B107238DF80030ADF82B
:105430000820039100236A460921FFF721FBC6E7F4
:105440001020C4E770B588B00C460646002506A9B2
:10545000FFF7EDFA0028DCD106980121123005F0A3
:1054600090FE9CB12178062921D2DFE801F02005C9
:1054700005160318801E80B2C01EE28880B20AB1F1
:10548000A3681BB1824203D90C20C2E71020C0E7F9
:10549000042904D0A08850B901E00620B9E7012909
:1054A00013D0022905D004291CD005292AD00720B1
:1054B000AFE709208DF800006088ADF80800E088AB
:1054C000ADF80A00A068039023E00A208DF80000E0
:1054D0006088ADF80800E088ADF80A00A0680A25E9
:1054E000039016E00B208DF800006088ADF80800EE
:1054F000A088ADF80A00E088ADF80C00A0680B2584
:10550000049006E00C208DF8000060788DF808000B
:105510000C256A4629463046069BFFF7B1FA78E724
:1055200000B587B00D228DF80020ADF808100023DB
:105530006A461946FFF7A4FA49E700B587B071B18A
:1055400002228DF800200A88ADF808204988ADF8BD
:105550000A1000236A460621FFF792FA37E7102067
:1055600035E770B586B0064601200D46ADF8081047
:105570008DF80000014600236A463046FFF780FAA6
:10558000040008D12946304601F006FB00213046D0
:1055900001F020FB204606B070BDF8B51C4615464C
:1055A0000E46069F0AF0BDFE2346FF1DBCB23146E3
:1055B0002A4600940AF0B9FAF8BD30B41146DDE984
:1055C00002423CB1032903D0002330BC04F013BCD9
:1055D0000123FAE71A8030BC704770B50C460546C7
:1055E000FFF72DFB2146284601F0E5FA2846BDE8E5
:1055F0007040012101F0EEBA18B18178012938D14B
:1056000001E010207047018842F60112881A914289
:1056100031D018DC42F60102A1EB020091422AD0FF
:105620000CDC41B3B1F5C05F25D06FF4C050081851
:1056300021D0A0F57060FF381BD11CE001281AD0E2
:1056400002280AD117E0B0F5807F14D008DC0128C9
:1056500011D002280FD003280DD0FF2809D10AE06D
:10566000B0F5817F07D0A0F58070033803D0012802
:1056700001D0002070470F2070470A281FD008DC97
:105680000A2818D2DFE800F0191B1F1F171F231D5F
:105690001F21102815D008DC0B2812D00C2810D0A0
:1056A0000D2816D00F2806D10DE011280BD0842824
:1056B0000BD087280FD003207047002070470520AB
:1056C0007047072070470F2070470420704706205E
:1056D00070470C20704743F20200704738B50C4603
:1056E000050041D06946FEF7D7FA002819D19DF888
:1056F0000010607861F3020060706946681CFEF774
:10570000CBFA00280DD19DF80010607861F3C50038
:105710006070A978C1F34101012903D0022905D0A5
:10572000072038BD217821F0200102E0217841F0E6
:1057300020012170410704D0A978C90861F38610BF
:105740006070607810F0380F07D0A978090961F30C
:10575000C710607010F0380F02D16078400603D592
:10576000207840F040002070002038BD70B504461D
:105770000020088015466068FFF7B0FF002816D1AA
:105780002089A189884211D860688078C0070AD032
:10579000B1F5007F0AD840F20120B1FBF0F200FB26
:1057A0001210288007E0B1F5FF7F01D90C2070BDF1
:1057B00001F201212980002070BD10B50478137812
:1057C00064F3000313700478640864F341031370F6
:1057D0000478A40864F3820313700478E40864F383
:1057E000C30313700478240964F30413137004785A
:1057F000640964F3451313700078800960F386131D
:10580000137031B10878C10701D1800701D501209B
:1058100000E0002060F3C713137010BD42785307F7
:1058200002D002F0070306E012F0380F02D0C2F3F4
:10583000C20300E001234A7863F302024A70407811
:1058400010F0380F02D0C0F3C20005E0430702D0C9
:1058500000F0070000E0012060F3C5024A707047C5
:105860002DE9F04F95B00D00824613D01222002191
:10587000284607F088FD4FF6FF7B05AA0121584610
:1058800007F049FB0024264637464FF420586FF4B2
:10589000205972E0102015B0BDE8F08F9DF81E0071
:1058A00001280AD1BDF81C1041450BD011EB0900AD
:1058B0000AD001280CD002280CD0042C0ED0052CC4
:1058C0000FD10DE0012400E00224BDF81A6008E0C9
:1058D000032406E00424BDF81A7002E0052400E069
:1058E0000624BDF81A10514547D12C74BEB34FF0B1
:1058F000000810AA4FF0070ACDE90282CDE900A8FE
:105900000DF13C091023CDF810904246314658461F
:1059100007F0D1FB08BBBDF83C002A46C0B210A975
:105920000CF064F9C8B9AE81CFB1CDE900A80DF192
:10593000080C0AAE40468CE8410213230022394687
:10594000584607F0B8FB40B9BDF83C00F11CC01E3A
:10595000C0B22A1D0CF04AF910B103209BE70AE0FF
:10596000BDF82900E881062C05D19DF81E00A8721B
:10597000BDF81C00288100208DE705A807F0D7FAA4
:1059800000288BD0FFF779FE85E72DE9F0471C460C
:10599000DDE90978DDF8209015460E00824600D139
:1059A000FFDF0CB1208818B1D5B11120BDE8F08718
:1059B000022D01D0012100E0002106F1140006F0C3
:1059C00073F9A8F8000002463B462946504603F00A
:1059D0007EF9C9F8000008B9A41C3C600020E5E786
:1059E0001320E3E7F0B41446DDE904528DB100233F
:1059F00014B1022C09D101E0012306E00D7CEE0771
:105A000003D025F0010501230D742146F0BC04F0FC
:105A1000F2B91A80F0BC70472DE9FE4F91461A8802
:105A20001C468A468046FAB102AB494603F04FF95C
:105A3000050019D04046A61C27880AF084FC32468F
:105A4000072629463B4600960AF0A3F820882346FD
:105A5000CDE900504A4651464046FFF7C3FF0020BB
:105A600020800120BDE8FE8F0020FBE72DE9F047F4
:105A700086B082460EA8904690E8B000894604AAF7
:105A800005A903A88DE807001E462A462146504670
:105A9000FFF77BFF039901B101213970002818D16C
:105AA000FA4904F1140204AB0860039805998DE8E3
:105AB000070042464946504606F0A9FCA8B109280D
:105AC00011D2DFE800F005080510100A0C0C0E00DA
:105AD000002006B06AE71120FBE70720F9E708205D
:105AE000F7E70D20F5E70320F3E7BDF81010039862
:105AF000CDE9000133462A4621465046FFF772FFA2
:105B0000E6E72DE9F04389B01646DDE910870D463A
:105B100081461C461422002103A807F034FC012012
:105B200002218DF810108DF80C008DF81170ADF871
:105B3000146064B1A278D20709D08DF81600E0880D
:105B4000ADF81A00A088ADF81800A068079008A862
:105B50000095CDE90110424603A948466B68FFF75E
:105B600085FF09B0BDE8F083F0B58BB00024064690
:105B7000069407940727089405A8099401940097B0
:105B80000294CDE903400D4610232246304607F02B
:105B900092FA78B90AA806A9019400970294CDE96F
:105BA0000310BDF8143000222946304607F021F8D2
:105BB000002801D0FFF761FD0BB0F0BD06F0B2BECA
:105BC0002DE9FC410C468046002602F07FFA05468E
:105BD00020780D287ED2DFE800F0BC0713B325BD86
:105BE00049496383AF959B00A848006820B141787C
:105BF00041F010014170ADE0404602F099FAA9E091
:105C0000042140460AF05AFA070000D1FFDF07F1ED
:105C10001401404605F0DDFFA5BB13214046FCF70B
:105C2000BFFD97E0042140460AF048FA070000D182
:105C3000FFDFE088ADF800000020B8819DF800008B
:105C4000010704D5C00602D5A088B88105E09DF8FB
:105C5000010040067ED5A088F88105B9FFDF224605
:105C60002946404601F0C0FC022673E0E188ADF809
:105C700000109DF8011009060FD5072803D006284B
:105C80000AD00AE024E0042140460AF017FA060090
:105C900000D1FFDFA088F0810226CDB9FFDF17E039
:105CA000042140460AF00AFA070000D1FFDF07F19D
:105CB000140006F06EFE90F0010F02D1E0790006AC
:105CC00048D5387C022640F00200387405B9FFDF61
:105CD000224600E03DE02946404601F085FC39E0DF
:105CE000042140460AF0EAF9017C002D01F0020689
:105CF000C1F340016171017C21F002010174E7D11F
:105D0000FFDFE5E702260121404602F043FA21E0E9
:105D1000042140460AF0D2F90546606800902089C7
:105D2000ADF8040001226946404602F054FA287C8E
:105D300020F0020028740DE0002DC9D1FFDFC7E775
:105D4000022600214046FFF765FA002DC0D1FFDF93
:105D5000BEE7FFDF3046BDE8FC813EB50C0009D050
:105D600001466B4601AA002007F02AFA20B1FFF78E
:105D700084FC3EBD10203EBD00202080A0709DF818
:105D8000050002A900F00700FDF7A2FF50B99DF839
:105D9000080020709DF8050002A9C0F3C200FDF7BD
:105DA00097FF08B103203EBD9DF8080060709DF884
:105DB0000500C109A07861F30410A0709DF80510DA
:105DC000890961F3C300A0709DF80410890601D50C
:105DD000022100E0012161F342009DF8001061F30F
:105DE0000000A07000203EBD70B5144606460D466A
:105DF00051EA040005D075B10846FBF760FA78B99E
:105E000001E0072070BD2946304607F040FA10B186
:105E1000BDE8704031E454B12046FBF750FA08B1B8
:105E2000102070BD21463046BDE8704095E7002047
:105E300070BD2DE9FC5F0C469046054600270178B1
:105E40000822007A3E46B2EB111F7DD104F10A010F
:105E500000910A31821E4FF0020A04F1080B0191F1
:105E6000092A72D2DFE802F0EDE005F528287BAAC6
:105E7000CE00688804210AF021F9060000D1FFDF76
:105E8000B08928B152270726C3E00000380200205D
:105E900051271026002C7DD06888A0800120A07199
:105EA000A88900220099FFF79FFF002873D1A889D5
:105EB0002081288AE081D1E0B5F81290072824D10A
:105EC000E87B000621D5512709F1140086B2002C89
:105ED000E1D0A88900220099FFF786FF00285AD157
:105EE0006888A08084F806A0A88920810120A0737A
:105EF000288A2082A4F81290A88A009068884B46CD
:105F0000A969019A01F04CFBA8E0502709F11200A1
:105F100086B2002C3ED0A88900225946FFF764FFC4
:105F2000002838D16888A080A889E080287A0728CE
:105F300013D002202073288AE081E87BC0096073B7
:105F4000A4F81090A88A01E085E082E000906888BB
:105F50004B4604F11202A969D4E70120EAE7B5F83B
:105F60001290512709F1140086B2002C66D068887F
:105F700004210AF0A3F883466888A080A88900223B
:105F80000099FFF731FF00286ED184F806A0A88998
:105F9000208101E052E067E00420A073288A20827B
:105FA000A4F81290A88A009068884B46A969019AC3
:105FB00001F0F6FAA989ABF80E104FE06888FBF7FC
:105FC000BDFB0746688804210AF078F8064607B941
:105FD000FFDF06B9FFDF687BC00702D05127142618
:105FE00001E0502712264CB36888A080502F06D0BD
:105FF00084F806A0287B594601F0E2FA2EE0287BBF
:10600000A11DF9E7FE49A8894989814205D1542794
:1060100006269CB16888A08020E053270BE06888A2
:10602000A080A889E08019E0688804210AF046F879
:1060300000B9FFDF55270826002CF0D1A8F8006032
:1060400011E056270726002CF8D06888A080002091
:1060500013E0FFDF02E0012808D0FFDFA8F80060AE
:106060000CB1278066800020BDE8FC9F57270726DB
:10607000002CE3D06888A080687AA071EEE7401D0C
:1060800020F0030009B14143091D01EB40007047B6
:1060900013B5DB4A00201071009848B1002468460F
:1060A00009F03BFE002C02D1D64A009911601CBDBC
:1060B00001240020F4E770B50D461446064686B06C
:1060C0005C220021284607F05EF904B9FFDFA078C2
:1060D0006874A2782188284601F09DFA0020A881E2
:1060E000E881228805F11401304605F056FD6A4624
:1060F0000121304606F00FFF1AE000BF9DF80300B3
:10610000000715D5BDF806103046FFF72DFD9DF8A8
:106110000300BDF8061040F010008DF80300BDF834
:106120000300ADF81400FF233046059A07F077F816
:10613000684606F0FCFE0028E0D006B070BD10B541
:106140000C4601F1140005F060FD0146627C20461A
:10615000BDE8104001F094BA30B50446A84891B0AB
:106160004FF6FF75C18905AA284606F0D4FE30E037
:106170009DF81E00A0422AD001282AD1BDF81C009B
:10618000B0F5205F03D042F60101884221D1002002
:1061900002AB0AAA0CA9019083E80700072000902F
:1061A000BDF81A1010230022284606F084FF38B9E3
:1061B000BDF828000BAAC0B20CA90BF017FD10B156
:1061C000032011B030BD9DF82E00A04201D1002067
:1061D000F7E705A806F0ABFE0028C9D00520F0E7D8
:1061E00070B50546042109F069FF040000D1FFDF06
:1061F00004F114010C46284605F0EBFC2146284624
:10620000BDE8704005F0ECBC70B58AB00C4606469F
:10621000FBF794FA050014D02878222827D30CB174
:10622000A08890B101208DF80C0003208DF810009B
:1062300000208DF8110054B1A088ADF81800206836
:1062400007E043F202000AB070BD0920FBE7ADF899
:10625000180005900421304609F030FF040000D1F9
:10626000FFDF04F1140005F0E6FC000701D408206C
:10627000E9E701F02BFF60B108A802210094CDE905
:10628000011095F8232003A930466368FFF7EEFB61
:10629000D9E71120D7E72DE9F04FB2F802A08346E5
:1062A00089B0154689465046FBF748FA074604214F
:1062B000504609F003FF0026044605964FF00208F9
:1062C0000696ADF81C6007B9FFDF04B9FFDF414651
:1062D000504603F0DAFE50B907AA06A905A88DE8D2
:1062E00007004246214650466368FFF74EFB44488C
:1062F00007AB0660DDE9051204F11400CDF800904B
:10630000CDE90320CDE9013197F8232059465046C5
:106310006B6805F0D9FC06000AD0022E04D0032ECB
:1063200014D0042E00D0FFDF09B03046BDE8F08F56
:10633000BDF81C000028F7D00599CDE900104246B1
:10634000214650466368FFF74DFBEDE7687840F063
:1063500008006870E8E72DE9F04F99B004464FF067
:1063600000082748ADF81C80ADF82080ADF82480E7
:10637000A0F80880ADF81480ADF81880ADF82C8036
:10638000ADF82880007916460D464746012808D00A
:10639000022806D0032804D0042802D0082019B00F
:1063A000C4E72046FAF747FF70BB2846FAF743FFD9
:1063B00050BB6068FAF78CFF30BB606848B16089F9
:1063C0002189884202D8B1F5007F01D90C20E6E787
:1063D00080460EAA06A92846FFF7C8F90028DED194
:1063E00068688078C0F34100022808D19DF8190040
:1063F00010F0380F03D02869FAF761FF20B904E0E4
:10640000380200201400002022E005A92069FFF7CF
:1064100065F90028C3D1206948B1607880079DF8EC
:10642000150000F0380001D5F0B300E0E0BB9DF8A6
:10643000140080060ED59DF8150010F0380F03D01B
:106440006068FAF73CFF18B96068FAF741FF08B1D5
:106450001020A4E70AA96069FFF740F900289ED13F
:10646000606940B19DF8290000F0070101293CD185
:1064700010F0380F39D00BA9A069FFF72FF90028C9
:106480008DD19DF8280080062FD49DF82C00800621
:106490002BD4A06950B19DF82D0000F0070101290F
:1064A00023D110F0380F00E01FE01ED0E06818B1D3
:1064B0000078D0B11C2818D20FAA611C2046FFF723
:1064C0007CF90121384661F30F2082468DF8521085
:1064D000B94642F603000F46ADF850000DF13F02F9
:1064E00018A928680BF0A1FB08B1072057E79DF811
:1064F000600015A9CDF80090C01CCDE9019100F015
:10650000FF0B00230BF20122514614A806F02EFCCB
:10651000F0BBBDF854000C90FE482A89296900920E
:10652000CDE901106B89BDF838202868069906F07E
:106530001DFC01007ED120784FF0020AC10601D473
:1065400080062BD5CDF80C90606950B90AA906A831
:10655000FFF764F99DF8290020F00700401C8DF832
:1065600029009DF8280008A940F0C8008DF82800EF
:106570008DF8527042F60210ADF8500003AACDF823
:1065800000A0CDE90121002340F2032214A800E07D
:106590001EE00A9906F0EAFB01004BD1DD484D46AA
:1065A00008385B460089ADF83D000FA8CDE90290A0
:1065B000CDF80490CDF810904FF007090022CDF8E7
:1065C0000090BDF854104FF6FF7006F012FB10B1AA
:1065D000FFF753F8E3E69DF83C00000624D5294672
:1065E000012060F30F218DF852704FF42450039571
:1065F000ADF8500062789DF80C00002362F30000B3
:106600008DF80C006278CDF800A0520862F34100CA
:106610008DF80C0003AACDE9012540F2032214A84D
:1066200006F0A4FB010005D1606888B32069A8B911
:1066300005A900E084E006A8FFF7F0F8607880077D
:1066400006D49DF8150020F038008DF8150005E0FF
:106650009DF8140040F040008DF814008DF8527041
:1066600042F60110ADF85000208940F20121B0FB44
:10667000F1F201FB1202606809ABCDF80080CDE9B0
:106680000103002314A8059906F070FB010057D1FF
:106690002078C00728D00395A06950B90BA906A897
:1066A000FFF7BCF89DF82D0020F00700401C8DF886
:1066B0002D009DF82C008DF8527040F040008DF8B0
:1066C0002C0042F60310ADF8500007A903AACDF83C
:1066D00000A0CDE90121002340F2032214A80B9968
:1066E00006F044FB01002BD1E06868B32946012085
:1066F00060F30F218DF8527042F60410ADF850008F
:10670000E068002302788DF8582040788DF8590011
:10671000E06816AA4088ADF85A00E06800798DF864
:106720005C00E068C088ADF85D00CDF80090CDE970
:1067300001254FF4027214A806F018FB010003D0E3
:106740000C9800F0C9FF2AE672480321083801714D
:1067500056B100893080BDF824007080BDF820005B
:10676000B080BDF81C00F080002018E670B501254F
:106770008AB016460B46012802D0022816D104E042
:106780008DF80E504FF4205003E08DF80E5042F675
:106790000100ADF80C005BB10024601C60F30F2415
:1067A00004AA08A918460BF040FA18B107204AE5D8
:1067B000102048E504A99DF820205648CDE9002185
:1067C000801E02900023214603A802F2012206F057
:1067D000CDFA10B1FEF751FF35E54E4808380EB13D
:1067E000C1883180057100202DE5F0B593B00746D2
:1067F00001268DF83E6041F60100ADF83C0012AA7A
:106800000FA93046FFF7B2FF002849D1414C0025BF
:10681000083CEFB31C22002102A806F0B4FD9DF84D
:1068200008008DF83E6040F020008DF8080042F628
:106830000520ADF83C000E959DF83A00119520F02A
:106840000600801C8DF83A009DF838006A4620F05A
:10685000FF008DF838009DF8390009A920F0FF00ED
:106860008DF839000420ADF82C00ADF830000EA8EA
:106870000A9011A80D900FA80990ADF82E5002A80B
:10688000FFF769FD00280BD1BDF80000608100E032
:1068900008E0BDF80400A081401CE08125710020C3
:1068A00013B0F0BD6581A581BDF84800F4E72DE97E
:1068B000F74F1849A0B00024083917940A79A14667
:1068C000012A04D0022A02D0082023B02EE5CA886B
:1068D000824201D00620F8E721988A46824201D1FF
:1068E0000720F2E70120214660F30F21ADF84800B0
:1068F0004FF6FF780691ADF84A808DF86E0042F6AB
:10690000020B8DF872401CA9ADF86CB0ADF8704068
:10691000139101E040020020ADF8508012A806F06B
:1069200035FB00252E462F460DAB072212A9404607
:1069300006F02FFB78B10A285DD195B38EB3ADF880
:106940006450ADF866609DF85E008DF8144019AC97
:10695000012864D06BE09DF83A001FB3012859D19B
:10696000BDF8381059451FD118A809A901940294FF
:10697000CDE9031007200090BDF836101023002247
:10698000404606F098FBB0BBBDF86000042801D07B
:1069900006284AD1BDF82410219881423AD10F200F
:1069A00093E73AE0012835D1BDF83800B0F5205F13
:1069B00003D042F6010188422CD1BAF80600BDF896
:1069C0003610884201D1012700E0002705B19EB1B1
:1069D000219881421ED118A809AA01940294CDE9F8
:1069E0000320072000900D4610230022404606F0A9
:1069F00062FB00B902E02DE04E460BE0BDF86000FE
:106A0000022801D0102810D1C0B217AA09A90BF092
:106A1000EDF850B9BDF8369086E7052055E705A991
:106A200017A8221D0BF001F908B103204DE79DF8CE
:106A300014000023001DC2B28DF814202298009289
:106A4000CDE901401BA8069906F090F910B9022281
:106A50008AF80420FEF711FE37E710B50B46401EFA
:106A600088B084B205AA00211846FEF7A6FE0020D1
:106A70000DF1080C06AA05A901908CE80700072073
:106A800000900123002221464FF6FF7006F0B1F876
:106A90000446BDF81800012800D0FFDF2046FEF7AD
:106AA000ECFD08B010BDF0B5F74F044687B038795B
:106AB0000E46032804D0042802D0082007B0F0BDF9
:106AC00004AA03A92046FEF751FE0500F6D160682E
:106AD0008078C0F3410002280AD19DF80D0010F023
:106AE000380F05D02069FAF7EAFB08B11020E5E776
:106AF000208905AA21698DE807006389BDF8102067
:106B00002068039906F032F910B1FEF7B6FDD5E71B
:106B100016B1BDF814003080042038712846CDE746
:106B2000F8B50C0006460CD001464FF6FF75002361
:106B30006A46284606F044FB28B100BFFEF79DFDDB
:106B4000F8BD1020F8BD69462046FEF7C7FD0028B5
:106B5000F8D1A078314600F001032846009A06F0EB
:106B60005EFBEBE730B587B0144600220DF1080C50
:106B700005AD01928CE82C00072200920A460146DE
:106B800023884FF6FF7006F034F8BDF8141021800A
:106B9000FEF773FD07B030BD70B50D46042109F056
:106BA0008DFA040000D1FFDF294604F11400BDE88E
:106BB000704005F039B870B50D46042109F07EFA31
:106BC000040000D1FFDF294604F11400BDE8704045
:106BD00005F04DB870B50D46042109F06FFA0400B8
:106BE00000D1FFDF294604F11400BDE8704005F034
:106BF00065B870B50546042109F060FA040000D1BB
:106C0000FFDF214628462368BDE870400122FEF7D9
:106C100003BF70B50646042109F050FA040000D104
:106C2000FFDF04F1140004F0F0FF401D20F0030525
:106C300011E0011D00880022431821463046FEF76E
:106C4000EBFE00280BD0607CABB2684382B2A06838
:106C5000011D09F002F9A06841880029E9D170BD41
:106C600070B50546042109F029FA040000D1FFDFC0
:106C7000214628466368BDE870400222FEF7CCBE7C
:106C800070B50E46054601F021FA040000D1FFDF81
:106C90000120207266726580207820F00F00001DB0
:106CA00020F0F00040302070BDE8704001F012BAD2
:106CB00010B50446012900D0FFDF2046BDE8104092
:106CC0000121FEF7A7BA2DE9F04F97B04FF0000A67
:106CD0000C008346ADF814A0D04619D0E06830B15E
:106CE000A068A8B10188ADF81410A0F800A058461B
:106CF000FAF724FD070043F2020961D03878222810
:106D00005CD30421584609F0D9F9050005D103E008
:106D1000102017B0BDE8F08FFFDF05F1140004F07C
:106D200074FF401D20F00306A078012803D002283C
:106D300001D00720EDE7218807AA584606F0EBF8B6
:106D400030BB07A806F0F3F810BB07A806F0EFF871
:106D500048B99DF82600012805D1BDF82400A0F50A
:106D60002451023902D04FF45050D2E7E068B0B15C
:106D7000CDE902A00720009005AACDF804A0049256
:106D8000A2882188BDF81430584605F032FF10B1B2
:106D9000FEF773FCBDE7A168BDF8140008809DF8FC
:106DA0001F00C00602D543F20140B2E70B9838B18C
:106DB000A1780078012905D080071AD40820A8E717
:106DC0004846A6E7C007F9D002208DF83C00A86825
:106DD0004FF00009A0B1697C4288714391420FD9FC
:106DE0008AB2B3B2011D08F0EEFF8046A0F800A001
:106DF00006E003208DF83C00D5F800804FF0010933
:106E00009DF8200010F0380F00D1FFDF9DF8200022
:106E10001E49C0F3C200084497F8231010F8010C73
:106E2000884201D90F2074E72088ADF8400014A9EA
:106E30000095CDE90191434607220FA95846FEF778
:106E400015FE002891D19DF8500050B9A078012876
:106E500007D1687CB3B2704382B2A868011D08F004
:106E6000C6FF002055E770B5064615460C46084695
:106E7000FEF7C2FB002805D12A4621463046BDE870
:106E8000704073E470BD12E538020020F2B00100DA
:106E900070B51E4614460D0009D044B1616831B189
:106EA00038B1FC49C988814203D0072070BD102049
:106EB00070BD2068FEF7A0FB0028F9D132462146BC
:106EC0002846BDE87040FFF746BA70B515460C007D
:106ED00006D038B1EF490989814203D0072070BD3F
:106EE000102070BD2068FEF787FB0028F9D12946E5
:106EF0002046BDE87040D6E570B5064686B00D4622
:106F000014461046FAF7BDF9D0BB6068FAF7E0F90D
:106F1000B0BBA6F57F40FF3803D03046FAF70EFC31
:106F200080B128466946FEF79BFC00280CD19DF8ED
:106F300010100F2008293DD2DFE801F008060606F0
:106F4000060A0A0843F2020006B070BD0320FBE700
:106F50009DF80210012908D1BDF80010B1F5C05FFD
:106F6000F2D06FF4C052D142EED09DF80610012944
:106F70000DD1BDF80410A1F52851062907D200E073
:106F800029E0DFE801F0030304030303DCE79DF8D5
:106F90000A1001290FD1BDF80810B1F5245FD3D034
:106FA000A1F60211B1F50051CED00129CCD00229B1
:106FB00001D1C9E7FFDF606878B9002305AA294637
:106FC000304606F0FDF810B1FEF757FBBCE79DF820
:106FD0001400800601D41020B6E7618822462846B6
:106FE0006368FFF7BFFDAFE72DE9F043814687B047
:106FF000884614461046FAF744F918B1102007B035
:10700000BDE8F083002306AA4146484606F0D8F8BA
:1070100018B100BFFEF731FBF1E79DF81800C0067C
:1070200002D543F20140EAE70025072705A80195AC
:1070300000970295CDE9035062884FF6FF734146F1
:10704000484606F038F8060013D16068FAF719F9D7
:1070500060B960680195CDE90250009704952388D6
:1070600062884146484606F026F80646BDF81400F8
:1070700020803046CEE739B1864B0A889B899A42F8
:1070800002D843F2030070471DE610B586B0814C6C
:107090000423ADF81430638943B1A4898C4201D232
:1070A000914205D943F2030006B010BD0620FBE76C
:1070B000ADF81010002100910191ADF800300221CF
:1070C0008DF8021005A9029104A90391ADF81220D0
:1070D0006946FFF7F8FDE7E72DE9FC4781460D46D5
:1070E0000846FAF7A8F888BB4846FAF727FB5FEA94
:1070F00000080AD098F80000222829D30421484625
:1071000008F0DCFF070005D103E043F20200BDE810
:10711000FC87FFDF07F1140004F08DFD0646287898
:10712000012803D0022804D00720F0E7B0070FD5CC
:1071300002E016F01C0F0BD0A8792C1DC00709D057
:10714000E08838B1A068FAF776F818B11020DEE7C9
:107150000820DCE721882A780720B1F5847F35D024
:107160001EDC40F20315A1F20313A94226D00EDC67
:10717000B1F5807FCBD003DCF9B1012926D1C6E778
:10718000A1F58073013BC2D0012B1FD113E0012B6D
:10719000BDD0022B1AD0032BB9D0042B16D112E08C
:1071A000A1F20912082A11D2DFE802F00B04041040
:1071B00010101004ABE7022AA9D007E0012AA6D0DC
:1071C00004E0320700E0F206002AA0DACDB200F0B7
:1071D0007DFF50B198F82300CDE90005FA892346D8
:1071E00039464846FEF78DFC91E711208FE72DE9DF
:1071F000F04F8BB01F4615460C4683460026FAF723
:107200009DFA28B10078222805D208200BB081E52C
:1072100043F20200FAE7B80801D00720F6E7032F8F
:1072200000D100274FF6FF79CCB1022D73D3204651
:10723000FAF74EF830B904EB0508A8F10100FAF7A7
:1072400047F808B11020E1E7AD1E38F8028CAAB269
:107250002146484606F007F940455CD1ADB20D49DC
:10726000B80702D58889401C00E001201FFA80F889
:10727000F80701D08F8900E04F4605AA41465846DD
:1072800005F049FE4FF0070A4FF00009DCB3204635
:107290000BE0000038020020408810283BD8361D43
:1072A000304486B2AE4236D2A01902884245F3D3AA
:1072B00051E000BF9DF8170002074CD594B304EBD2
:1072C0000608361DB8F80230B6B2102B23D89A192A
:1072D000AA4220D8B8F8002091421CD1C0061CD583
:1072E000CDE900A90DF1080C0AAAA11948468CE8BD
:1072F0000700B8F800100022584605F07AFC20B1CB
:10730000FEF7BBF982E726E005E0B8F80200BDF819
:107310002810884201D00B2078E7B8F802003044EA
:1073200086B207E0FFE7C00604D55846FEF71CFC0E
:10733000002888D19DF81700BDF81A1020F0100021
:107340008DF81700BDF81700ADF80000FF23584670
:10735000009A05F064FF05A805F0E9FD18B9BDF82D
:107360001A10B942A6D90421584608F0A7FE040015
:1073700000D1FFDFA2895AB1CDE900A94D46002313
:1073800021465846FEF7BDFB0028BBD1A5813DE74D
:1073900000203BE72DE9FF4F8BB01E4617000D463E
:1073A0004FF0000412D0B00802D007200FB0B1E4B3
:1073B000032E00D100265DB10846F9F780FF28B9F9
:1073C0003888691E0844F9F77AFF08B11020EDE704
:1073D000C74AB00701D5D18900E00121F0074FF677
:1073E000FF7802D0D089401E00E0404686B206AA4F
:1073F0000B9805F090FD4FF000094FF0070B0DF1D1
:10740000140A38E09DF81B00000734D5CDF804902D
:10741000CDF800B0CDF80890CDE9039A434600229C
:107420000B9805F048FE60BB05B3BDF814103A8810
:1074300021442819091D8A4230D3BDF81E2020F8A6
:10744000022BBDF8142020F8022BCDE900B9CDE9BC
:107450000290CDF810A0BDF81E10BDF81430002227
:107460000B9805F028FE08B103209FE7BDF8140033
:107470002044001D84B206A805F059FD20B10A2859
:1074800006D0FEF7FAF891E7BDF81E10B142B9D95F
:1074900034B17DB13888A11C884203D20C2085E725
:1074A000052083E722462946404605F0DCFF0146D9
:1074B00028190180A41C3C80002077E710B5044601
:1074C000F9F7DFFE08B1102010BD8948C08920807F
:1074D000002010BDF0B58BB00D46064614220021E9
:1074E00003A805F050FF01208DF80C008DF8100066
:1074F00000208DF81100ADF814503046FAF71EF94F
:1075000048B10078222812D30421304608F0D6FD75
:10751000040005D103E043F202000BB0F0BDFFDF31
:1075200004F11400074604F086FB800601D408200D
:10753000F3E7207C022140F00100207409A80094A8
:10754000CDE90110072203A930466368FEF78EFAE1
:1075500020B1217C21F001012174DEE7294630466B
:10756000FDF749FE08A9384604F054FB00B1FFDFDF
:10757000BDF82040172C01D2172000E02046A84279
:1075800001D92C4602E0172C00D2172421463046A0
:10759000FFF711FB21463046FDF751FB0020BCE709
:1075A000F8B51C4615460E46069F08F0BAFE23465F
:1075B000FF1DBCB231462A46009408F0B6FAF8BD69
:1075C00070B50C4605460E220021204605F0DBFE74
:1075D000002020802DB1012D01D0FFDF70BD0620DD
:1075E00000E00520A07170BD10B5488008781346F2
:1075F00020F00F00001D20F0F00080300C460870D5
:107600001422194604F1080005F093FE00F062FD13
:107610003748046010BD2DE9F047DFF8D890491DC8
:10762000064621F0030117460C46D9F8000008F081
:1076300092FB050000D1FFDF4FF000083560A5F890
:1076400000802146D9F8000008F085FB050000D134
:10765000FFDF7560A5F800807FB104FB07F1091D0D
:107660000BD0D9F8000008F076FB040000D1FFDF52
:10767000B460C4F80080BDE8F087C6F80880FAE777
:107680002DE9F0411746491D21F00302194D064628
:1076900001681446286808F089FB2246716828684A
:1076A00008F084FB3FB104FB07F2121D03D0B16860
:1076B000286808F07BFB042008F0ACFC044604209A
:1076C00008F0B0FC201A012804D12868BDE8F04178
:1076D00008F036BBBDE8F08110B50C4605F0EAFBBA
:1076E00000B1FFDF2046BDE81040FDF7C6BF000037
:1076F00038020020140000204FF0E0214FF4004039
:10770000C1F88001BFF34F8FBFF36F8F00F021B836
:1077100010B5044600F01DF8002C09D0124A12489A
:1077200012491432124B012C03D0022C07D0FFDF78
:1077300010BD0224046011604FF0407004E0032487
:10774000046011604FF40000186010BD00B5FFDF49
:1077500000BD054800210160016005494FF06070DF
:10776000091D08607047000000F500404802002035
:1077700004F501402DE9F05FDFF850A44FF0000858
:107780008B4606469AF80940474645469AF80190C6
:1077900008E0284601F00EF8817B407811FB007765
:1077A0006D1CEDB24D45F4D19AF8090020442044F7
:1077B00020440744FF2F01D94FF013083068C01C44
:1077C00020F0030232605BEA080021D1FF48FBB2DF
:1077D000062120300CF0C8F9002408E0062C0FD256
:1077E000DFE804F005030A0A0C05F94800E0F9484F
:1077F0000CF0DAF9054604E0F748F9E7F748F7E74F
:10780000FFDFA54200D0FFDF641CE4B2062CE5D305
:10781000306800EB071030604046BDE8F09F38B597
:107820000C468288817B19B14189914200D90A4670
:107830002280C188121D90B26A4607F081FCBDF813
:107840000000032800D30320C1B2208800F0D1FF3C
:1078500038BD38B50C468288817B19B101899142C7
:1078600000D90A462280C188121D90B26A4607F0EC
:1078700067FCBDF80000022800D30220C1B22088B6
:1078800000F0B7FF401CC0B238BD2DE9FF5F824653
:107890008B46D34814460BF10302D0E90110CDE921
:1078A000021022F0030201A84421019208F035FAE7
:1078B000C64E002C02D1CB49019A8A60019901443D
:1078C0000191B57E05F1010504D1E8B20AF026F96F
:1078D00000B1FFDF019800EB0510C01C20F0030190
:1078E000019144B9727A00200870B08B80B205F023
:1078F00040F900B1FFDF0198F16908440190214689
:1079000001A8FFF737FF80460198C01C20F0030054
:107910000190717A04B1002008F0F5FA0199084449
:107920000190214601A800F06FFFA84800273D46BE
:1079300090F801900CE0284600F03CFF0646817864
:107940008088FDF713FA71786D1C00FB0177EDB2AA
:107950004D45F0D10198C01C20F00300019004B106
:1079600000203946FDF70DFA0199002708440190DF
:1079700096483D4690F801900CE0284600F01AFF2A
:107980000646C1788088FEF77AFB71786D1C00FB93
:107990000177EDB24D45F0D10198C01C20F00300F5
:1079A000019004B100203946FEF772FB01994FF0B7
:1079B00000090844019085484D4647780EE0284666
:1079C00000F0F8FE0646807B30B106F1080002F0B8
:1079D0009DF8727800FB02996D1CEDB2BD42EED1AC
:1079E0000198C01C20F00300019004B100207D49E3
:1079F0004A78494602F08EF80199084401902146E0
:107A000001A800F0B3FE0198C01D20F0070001900E
:107A1000DAF80010814204D3A0EB0B01B1F5803FEE
:107A200004DB4FF00408CAF8000004E0CAF80000C4
:107A3000B8F1000F02D0404604B0EEE674BB6A49CC
:107A40000020019A0CF0FEF9FAF77EFB5F4C207ED5
:107A50000090607E012823D0002318B300225B48E9
:107A600000210C30FBF74AF800B1FFDFE07EFEF7A3
:107A7000BCFE00B1FFDF55484FF4F67200213830EC
:107A800005F081FC51480421383080F8E91180F874
:107A9000EA11062180F8EB11032101710020CBE7E8
:107AA0000123DAE702AADAE770B5484C0646383413
:107AB000207804EB4015E078083598B9A01990F8C3
:107AC000E80100280FD0A0780F2800D3FFDF202284
:107AD0000021284605F057FC687866F302006870BC
:107AE0000120E070284670BD2DE9F04105460C46A6
:107AF00000270078052190463E46B1EB101F00D0CC
:107B0000FFDF287A50B101280ED0FFDFA8F800600F
:107B10000CB1278066800020BDE8F081012709268E
:107B200074B16888A08008E00227142644B16888F0
:107B3000A0802869E060A88A2082287B2072E5E77F
:107B4000A8F80060E7E730B5204C01200021207044
:107B50006170207260726176217621730521A182A5
:107B60001F21E182607321A121610A21A176E076C3
:107B70001C4D4FF4B060E0616868C11C21F0030146
:107B8000814200D0FFDF6868606030BD30B5154CC1
:107B90001568636810339D4202D20420136030BD23
:107BA0000A4B5D785A6802EB051210705170032081
:107BB000D080172090800120D070907000209073AA
:107BC0005878401C58706068103013E0540300204F
:107BD000A11F0000359C0000A9B000000F19010092
:107BE000F8B0010018000020000000206E52463559
:107BF000780000006060002030BD70B50646F8488F
:107C00000024457807E0204600F0D4FD0178B14219
:107C100004D0641CE4B2AC42F5D1002070BDF7B5CD
:107C2000074608780C4610B3FFF7E7FF0546A7F1B3
:107C30002006202F06D0052E19D2DFE806F00F2BE4
:107C40002B151A0000F0C2FD0DB1697800E000218B
:107C5000401AA17880B20844FF2808D8A07830B133
:107C6000A088022824D202E06088172820D20720AA
:107C7000FEBD207AE0B161881729F8D3A1881729C1
:107C8000F5D3A1790029F2D0E1790029EFD040287D
:107C900004D9ECE7242F0BD1207A48B161884FF644
:107CA000FB70814202D8A188814201D90420FEBD27
:107CB00065B9207802AA0121FFF768FF0028F6D1F4
:107CC0002078FFF79AFF050000D1FFDF052E18D2BC
:107CD000DFE806F0030B0E081100A0786870A0889A
:107CE000E8800FE06088A8800CE0A078A87009E028
:107CF000A078E87006E054F8020FA8606068E860B9
:107D000000E0FFDF0020FEBD1A2835D00DDC13286F
:107D100032D2DFE800F01B31203131272723252D17
:107D2000313129313131312F0F00302802D003DCBD
:107D30001E2821D1072070473A3809281CD2DFE8D5
:107D400000F0151B0F1B1B1B1B1B0700002070479F
:107D500043F20400704743F202007047042070476A
:107D60000D2070470F207047082070471120704782
:107D700013207047062070470320704710B5007825
:107D800000F0010007F0D2F9BDE81040BCE710B5E3
:107D9000007800F0010007F0CEF9BDE81040B3E72D
:107DA0000EB5017801F001018DF80010417801F065
:107DB00001018DF801100178C1F340018DF8021026
:107DC0004178C1F340018DF80310017889088DF8DE
:107DD0000410417889088DF8051081788DF8061017
:107DE000C1788DF8071000798DF80800684606F014
:107DF0005DFEFFF789FF0EBD2DE9F84F784CDFF8E7
:107E0000E481383400261FE0012000F048FD012005
:107E1000FFF74AFE054644214746D8F8080007F018
:107E20009AFF686000B9FFDF686806F03BFDA8B103
:107E30002846F9F7F1FD284600F036FD20B9442226
:107E40006968B86807F0B2FF94F9E9010428DBDA41
:107E5000022008F0DFF807460025A6E04422696802
:107E6000D8F8080007F0A2FFF2E7B8F80210404681
:107E7000491C89B2A8F80210B94201D300214180FF
:107E80000221B8F8020008F019F9002865D0B8F806
:107E90000200694607F0C8F8FFF736FF00B1FFDFC0
:107EA0009DF8000078B1B8F8020008F04CFA5FEADB
:107EB000000900D1FFDF484607F0CBFC18B1B8F845
:107EC000020002F0D0F8B8F8020008F02AFA5FEADF
:107ED000000900D1FFDF484607F0B3FCE8BB0321EF
:107EE000B8F8020008F0EAF85FEA000B48D1FFDFBB
:107EF00046E000BFDBF8100010B10078FF2849D041
:107F0000022000F0CCFC0220FFF7CEFD824648465E
:107F100007F0A3FDCAF8040000B9FFDFDAF8040097
:107F200007F06BFE002100900170B8F80210504677
:107F3000AAF8021001F0BAFF484607F060FE00B947
:107F4000FFDF504600F0B0FC18B99AF801000007B6
:107F500004D50099CBF8101012E024E0DBF81000F3
:107F600038B10178491C11F0FF01017008D1FFDF21
:107F700006E000221146484600F0F6FB00B9FFDF9C
:107F800094F9EA01022805DBB8F8020001F055FF78
:107F90000028AFD194F9E901042804DB484607F032
:107FA00092FE00B101266D1CEDB2BD4204D294F9DF
:107FB000EA010228BFF659AF002E7FF423AFBDE8D7
:107FC000F84F032000F06BBC10B5064CE060086869
:107FD0002061AFF2DB1002F0C8FF607010BD00003E
:107FE0005403002018000020F74800210170F748D2
:107FF0000170F7494160704770B505464FF08050F9
:108000000C46D0F8A410491C05D1D0F8A810C943DB
:108010000904090C0BD050F8A01F01F001012970D0
:10802000416821608068A080287830B970BD062141
:1080300020460BF08CFB01202870607940F0C000D6
:10804000607170BD70B54FF080540D46D4F880104B
:10805000491C0BD1D4F88410491C07D1D4F88810DE
:10806000491C03D1D4F88C10491C0CD0D4F88010D2
:108070000160D4F884104160D4F888108160D4F88D
:108080008C10C16002E010210BF061FBD4F890006D
:10809000401C0BD1D4F89400401C07D1D4F89800B0
:1080A000401C03D1D4F89C00401C09D054F8900F18
:1080B000286060686860A068A860E068E86070BDDB
:1080C0002846BDE8704010210BF041BBBE48383057
:1080D0000079E9E470B5BC4C3834E07830B32078EE
:1080E00004EB4010407A00F00700204490F9E801CA
:1080F000002800DCFFDF2078002504EB4010407AE8
:1081000000F00700011991F8E801401E81F8E8012C
:108110002078401CC0B220700F2800D12570A078B4
:10812000401CA0700BF09CF9E57070BDFFDF70BDC6
:108130003EB50546032107F0C1FF0446284608F076
:10814000F0F8054604B9FFDF206918B10078FF2870
:1081500000D1FFDF01AA6946284600F005FB60B99F
:10816000FFDF0AE0002202A9284600F0FDFA00B96C
:10817000FFDF9DF8080000B1FFDF9DF80000411E01
:108180008DF80010EED220690199884201D10020BB
:1081900020613EBD70B50546A0F57F400C46FF3816
:1081A00000D1FFDF012C01D0FFDF70BDFFF78EFF94
:1081B000040000D1FFDF207820F00F00401D20F0E8
:1081C000F000503020706580002020720120207364
:1081D000BDE870407EE72DE9F04116460D460746A2
:1081E000FFF774FF040000D1FFDF207820F00F00BC
:1081F000401D20F0F0005030207067800120207278
:1082000028682061A888A0822673BDE8F04161E754
:108210007FB5FFF7F2FC040000D1FFDF02A9204682
:10822000FFF7FDFA054603A92046FFF712FB8DF87C
:1082300000508DF80100BDF80800001DADF80200E7
:10824000BDF80C00001DADF80400E088ADF8060094
:10825000684606F053FF002800D0FFDF7FBD2DE900
:10826000F05F5A4E8146307810B10820BDE8F09F8B
:108270004846F9F706F808B11020F7E7524C207885
:1082800008B9FFF760FC647A4D4600F09FFAA042FF
:1082900007D2201AC1B22A460020FFF777FC002837
:1082A000E4D171684848C91C002721F003017160BE
:1082B000B3463E463D46BA463C4690F801800AE049
:1082C000204600F077FA4178807B0E4410FB015580
:1082D000641CE4B27F1C4445F2D10AEB870000EB3A
:1082E000C600DBF8041000EB850045185C4601224F
:1082F00029464846FFF7C9FA060013D00020FFF7C9
:108300007CFC05000CD005F11300616820F003002F
:10831000884200D0FFDF2C484178491E41706560DB
:108320003046A3E7002229464846FFF7AEFA00B1DF
:10833000FFDFD9F8000060604FF6FF706080012019
:108340002070002092E72DE9F04104461F481746AF
:108350000E46007810B10820BDE8F0810846F8F715
:108360006AFF08B11020F7E7174D287808B9FFF722
:10837000EAFB601E1E2807D8012C22D13078FE2887
:108380001FD8A8760020E7E7A4F120001F2805D811
:10839000E0B23A463146BDE8F04140E4A4F1400085
:1083A0001F2805D831462046BDE8F04100F0A2BAAA
:1083B000A4F1A0001F2804D80020A02C0AD0A12CD2
:1083C0000DD00720C8E7000054030020180000204B
:1083D00048100020317801F00101E976BCE73168EE
:1083E0000922F82901D38B0701D01046B4E76B7B33
:1083F00003F00303012B04D1EB8AD7339CB28C42E8
:10840000F3D8E961A8E72DE9F04781460E46084612
:10841000F8F737FF48B94846F8F751FF28B909F18E
:10842000030020F00301494502D01020BDE8F08789
:10843000FC484FF0000A817869B14178804600EB32
:1084400041140834378832460021204600F039FABA
:10845000050004D027E0A6F800A00520E6E7B9F162
:10846000000F24D03088B84201D90C251FE0607875
:1084700000F00705284600F012FA08EB050732461F
:1084800097F8E8014946401C87F8E801204607F5BF
:10849000F47700F016FA05463878401E387003204D
:1084A00000F0FDF92DB10C2D01D0A6F800A0284652
:1084B000BCE76078DC4E00F00701012923D00229D7
:1084C0000CD0032933D0FFDF98F801104046491C37
:1084D000C9B288F801100F2934D035E0616821B1A4
:1084E000000702D46088FFF723FE98F8EA014746A8
:1084F000012802D1707802F057FD97F9EA010428AB
:10850000E2DBFFDFE0E7616819B14422B06807F001
:108510004DFC98F8E9014746032802D1707802F033
:1085200043FD97F9E9010428CEDBFFDFCCE7C00665
:1085300002D56088FFF7FCFD98F9EB010628C3DB44
:10854000FFDFC1E780F801A08178491E8170617862
:1085500001F0070101EB080090F8E811491C80F8D0
:10856000E811A4E770B50D460446F8F764FE18B9A3
:108570002846F8F786FE08B1102070BD294620462F
:10858000BDE8704009F002BB70B5054609F021FB5B
:10859000C4B22846F8F793FE08B1102070BD35B17B
:1085A00028782C7018B1A04201D0072070BD204659
:1085B000FDF7D2FD052805D109F00FFB012801D0F8
:1085C000002070BD0F2070BD70B5044615460E46E4
:1085D0000846F8F730FE18B92846F8F752FE08B1F9
:1085E000102070BD022C03D0102C01D0092070BDCA
:1085F0002A463146204609F0F9FA0028F7D005202E
:1086000070BD70B514460D460646F8F714FE38B92D
:108610002846F8F736FE18B92046F8F750FE08B19C
:10862000102070BD22462946304609F0FEFA002887
:10863000F7D0072070BD3EB50446F8F722FE08B11A
:1086400010203EBD684606F0C0F9FFF75DFB00282C
:10865000F7D19DF806002070BDF808006080BDF8D5
:108660000A00A08000203EBD70B505460C460846B5
:10867000F8F725FE20B93CB12068F8F702FE08B1F2
:10868000102070BDA08828B121462846BDE8704062
:10869000FDF7BABD092070BD70B505460C46084609
:1086A000F8F7C9FD30B9681E1E2814D82046F8F71F
:1086B000C2FD08B1102070BD032D01D9072070BD87
:1086C00005B9FFDF594800EB850050F8041C20462F
:1086D000BDE870400847A5F120001F2805D82146B5
:1086E0002846BDE87040F9F7C1BCF02D0AD0BF2D77
:1086F000E4D1A078218800F0010001F08DFA68B182
:10870000002070BDA068F8F796FD0028D2D1204661
:1087100006F04CFDBDE87040FFF7F6BA082070BDCA
:1087200070B504460D460846F8F7ABFD30B9601E3B
:108730001E280FD82846F8F77EFD08B1102070BD1E
:10874000012C03D0022C01D0032C01D1062070BDD6
:10875000072070BDA4F120001F28F9D82946204623
:10876000BDE87040F9F7D0BC07F03AB81CB5002955
:108770001FD104F02AFE2C4800224178C06805F081
:108780001DFF29481030C0788DF8000010B1012875
:1087900002D004E0012000E000208DF800006846CF
:1087A00006F06BF9214824380068019001A806F012
:1087B000BFFA1CBD30B51B4D0446383D6878A04259
:1087C00000D8FFDF686800EB041030BD70B51548B5
:1087D000002538382C46467807E02046FFF7EAFFA8
:1087E0004078641C2844C5B2E4B2B442F5D12846AE
:1087F00070BD021D5143452900D245210844C01CCB
:10880000B0FBF2F0C0B270472DE9FC5F06460548A8
:108810004FF0000838388B464746444690F80190A0
:1088200029E000008C030020180000201CB101008A
:108830002046FFF7BFFF050000D1FFDF68786946DB
:108840003844C7B22846FEF7EAFF824601A9284607
:10885000FEF7FFFF0346BDF804005246001D81B23B
:10886000BDF80000001D80B207F0A6FC6A78641C09
:1088700000FB0288E4B24C45DAD13068C01C20F01D
:1088800003003060BBF1000F00D0002042463946A3
:1088900007F0A0FC316808443060BDE8FC9F5649F1
:1088A00008710020C87070475349CA782AB10A7805
:1088B00001EB42110831814201D0012070470020B4
:1088C00070472DE9F04106460078154600F00F0488
:1088D00000201080601E0F46052800D3FFDF4748A8
:1088E0002A4600EB8400394650F8043C3046BDE887
:1088F000F04118472DE9F0413F4E0C46383E4028E4
:1089000006D041281AD0422822D0432826D11AE086
:1089100020786578012801D913201DE5FF2D08D89E
:1089200009F0F4FA07460AF053FD381A401EA8422F
:1089300001DA122010E5208830810DE0BDE8F04119
:10894000084600F00DB80878022807D8307603E012
:108950000878022802D870760020FDE40720FBE4A6
:1089600038B50446407800F00300012803D00228FF
:108970000BD0072038BD606858B1F8F7A9FCD0B912
:108980006068F8F79CFC20B915E06068F8F753FCC4
:1089900088B969462046FBF77FF90028EAD160785C
:1089A00000F00300022808D19DF8000028B160689B
:1089B000F8F785FC08B1102038BD6189F8290ED878
:1089C000208988420BD8607800F003020A483838C2
:1089D000012A06D1D731C26989B28A4201D209205F
:1089E00038BD94E80E0000F10C0585E80E000AB9C8
:1089F00000218182002038BD8C03002004B10100D9
:108A00002DE9F041074614468846084601F024FD4A
:108A1000064608EB88001C22796802EBC0000D189E
:108A2000688C58B14146384601F025FD014678680A
:108A30000078C200082305F120000CE0E88CA8B102
:108A40004146384601F01EFD01467868082340780B
:108A5000C20005F1240007F000FA38B106212172A6
:108A60006681D0E90010C4E9031009E028780928DC
:108A70000BD00520207266816868E06000202870B5
:108A80002046BDE8F04101F0C8BC07202072668195
:108A9000F4E72DE9F04116460D460746406801EB24
:108AA00085011C2202EBC1014418204601F00CFD97
:108AB00040B10021708865F30F2160F31F4105204C
:108AC0000BF02CF909202070324629463846BDE8C3
:108AD000F04195E72DE9F0410E46074600241C21A0
:108AE000F07816E004EB8403726801EBC303D25CF8
:108AF0006AB1FFF7EBFA050000D1FFDF6F802A466D
:108B000021463046FFF7C5FF0120BDE8F081641C17
:108B1000E4B2A042E6D80020F7E770B5064600248C
:108B20001C21C0780AE000BF04EB8403726801EBEB
:108B3000C303D5182A782AB1641CE4B2A042F3D842
:108B4000402070BD28220021284604F01CFC7068DB
:108B500080892881204670BD70B5034600201C2501
:108B6000DC780CE000EB80065A6805EBC606324460
:108B7000167816B1128A8A4204D0401CC0B28442D0
:108B8000F0D8402070BDF0B5044600201C26E578E2
:108B90000EE000BF00EB8007636806EBC7073B44AD
:108BA0001F788F4202D15B78934204D0401CC0B240
:108BB0008542EFD84020F0BD0078032801D0002086
:108BC0007047012070470078022801D000207047CC
:108BD000012070470078072801D00020704701204D
:108BE00070472DE9F041064688461078F178154621
:108BF000884200D3FFDF2C781C27641CF078E4B295
:108C0000A04201D8201AC4B204EB8401706807EBBB
:108C1000C1010844017821B14146884708B12C7050
:108C200073E72878A042E8D1402028706DE770B53E
:108C300014460B880122A240134207D113430B8034
:108C400001230A22011D07F0D2F8047070BD2DE93E
:108C5000FF4F81B00878DDE90E7B9A4691460E46BB
:108C600040072CD4019807F06EFB040000D1FFDF11
:108C700007F1040820461FFA88F106F0BDFC050044
:108C800000D1FFDF204629466A4606F008FF00981B
:108C9000A0F80370A0F805A0284606F0AEFF017802
:108CA00069F306016BF3C711017020461FFA88F1C2
:108CB00006F0E5FC00B9FFDF019805F027FC06EBA4
:108CC0000900017F491C017705B0BDE8F08F2DE94F
:108CD000F84F0E469A4691460746032107F0EEF9F3
:108CE0000446008DDFF87C85002518B198F8000057
:108CF000B0421ED1384607F026FB070000D1FFDF47
:108D000009F10401384689B206F076FC050010D05E
:108D1000384629466A4606F0C2FE009800210A46F7
:108D20000180817005F067FC0098C01DCAF8000042
:108D300021E098F80000B04216D104F1260734F87B
:108D4000341F012000FA06F911EA090F00D0FFDFF5
:108D50002088012340EA090020800A22391D384674
:108D600007F060F8067006E0324604F1340104F1C1
:108D70002600FFF75CFF0A2188F800102846BDE8AE
:108D8000F88FFEB515460C46064602AB0C220621AE
:108D9000FFF79DFF002827D00299607812220A7001
:108DA000801C487008224A80A070029829880523F8
:108DB00081806988C180A9880181E9884181002575
:108DC0000C20CDE90005062221463046FFF73FFF83
:108DD0002946002266F31F41F02310460AF0F4FEF4
:108DE0006078801C60700120FEBD2DE9FE430C46BA
:108DF000804644E002AB0E2207214046FFF767FFA2
:108E0000002841D060681C2267788678BF1C06EB7A
:108E1000860102EBC10145180298142101704770C8
:108E20000A214180698A0181E98A4181A98881807A
:108E3000A9898181304601F00FFB029905230722A1
:108E4000C8806F700420287000250E20CDE9000531
:108E500021464046FFF7FBFE294666F30F2168F3E3
:108E60001F41F023002205200AF0AEFE6078FE4983
:108E7000801C607062682046921CFFF7B2FE60683A
:108E800080784028B6D10120BDE8FE83FEB50D46AE
:108E9000064638E002AB0E2207213046FFF717FFE7
:108EA000002835D068681C23C17801EB810203EBF0
:108EB000C2028418029815220270627842700A2257
:108EC0004280A2894281A2888281084601F0C4FAC8
:108ED000014602988180618AC180E18A0181A0886F
:108EE000B8B10020207000210E20CDE9000105233B
:108EF000072229463046FFF7AAFE6A68DB49284662
:108F0000D21CFFF76EFE6868C0784028C2D10120ED
:108F1000FEBD0620E6E72DE9FE430C46814644E00F
:108F2000204601F0BBFAD0B302AB08220721484625
:108F3000FFF7CDFE0028A7D060681C22657806796F
:108F4000AD1C06EB860102EBC10147180298B7F889
:108F5000108006210170457004214180304601F0E7
:108F60007BFA0146029805230722C180A0F80480FD
:108F70007D70082038700025CDE90005214648465F
:108F8000FFF765FE294666F30F2169F31F41F023C1
:108F9000002205200AF018FE6078801C607062686C
:108FA000B3492046121DFFF71CFE60680179402975
:108FB000B6D1012068E72DE9F34F83B00D4691E06B
:108FC000284601F06BFA00287ED068681C2290F8D1
:108FD00006A00AEB8A0102EBC1014418514628465B
:108FE00001F050FAA178CB0069684978CA000146BF
:108FF00004F1240006F04DFF07468188E08B4FF016
:109000000009091A8EB208B1C84607E04FF00108FE
:10901000504601F00CFA08B9B61CB6B2208BB0422B
:1090200000D80646B34602AB324607210398FFF745
:109030004EFE060007D0B8F1000F0BD0504601F0ED
:10904000F6F910B106E000203EE60299B8884FF02C
:10905000020908800196E28B3968ABEB09001FFA20
:1090600080F80A4403984E46009207F06CF9DDE957
:109070000021F61D4346009606F08BFDE08B404430
:1090800080B2E083B988884201D1012600E0002641
:10909000CDE900B6238A072229460398FFF7D7FDBA
:1090A000504601F0C4F910B9E089401EE0815EB17C
:1090B000A078401CA0706868E978427811FB02F142
:1090C000CAB20123816900E006E00E3006F08FFE8F
:1090D00080F800A00020E0836A6866492846921D57
:1090E000FFF77FFD6868817940297FF469AF01202F
:1090F000EAE570B5064648680D4614468179402970
:1091000010D104EB84011C2202EBC101084401F0E0
:10911000FCF9002806D06868294684713046BDE80D
:10912000704048E770BDFEB50C460746002645E096
:10913000204601F0B3F9D8B360681C22417901EBF5
:10914000810102EBC1014518688900B9FFDF02AB5C
:10915000082207213846FFF7BAFD002833D00299CC
:10916000607816220A70801C48700420488060686D
:10917000407901F071F901460298052307228180A8
:109180006989C1800820CDE9000621463846FFF7ED
:109190005EFD6078801C6070A88969890844B0F51C
:1091A000803F00D3FFDFA88969890844A8816E81C8
:1091B000626831492046521DFFF713FD606841790E
:1091C0004029B5D10120FEBD30B5438C458BC3F39A
:1091D000C704002345B1838B641EED1AC38A6D1E3C
:1091E0001D4495FBF3F3E4B22CB1008918B1A04201
:1091F00000D8204603444FF6FF70834200D3034655
:1092000013800C7030BD2DE9FC41074616460D4613
:10921000486802EB86011C2202EBC10144186A4631
:1092200001A92046FFF7D0FFA089618901448AB2D5
:10923000BDF80010914212D0081A00D500206081BC
:109240006868407940280AD1204601F054F9002886
:1092500005D06868294646713846FFF764FFBDE8C7
:10926000FC8100002C000020B98B0000C78B00009F
:10927000D58B00000BA50000F7A400002DE9FE4FE0
:109280000F46814615465088032106F017FF0190CE
:10929000B9F8020001F0D3F882460146019801F0C6
:1092A000FDF8002824D001981C2241680AEB8A00AE
:1092B00002EBC0000C18204601F006F9002817D177
:1092C000B9F80000E18A88420ED8A18961B1B8429C
:1092D0000ED100265146019801F0CDF8218C01EB0A
:1092E0000008608B30B114E0504601F0A0F8A0B344
:1092F000BDE8FE8F504601F09AF808B1678308E098
:10930000022FF5D3B9F804006083618A884224D81B
:109310000226B81B87B2B8F80400A28B801A002876
:1093200014DD874200DA38461FFA80FB68886968D6
:109330000291D8F800100A44009206F0F2FFF61DE0
:10934000009A5B460299009606F0EFFBA08B38442A
:1093500080B2A083618B884207D96888019903B0E5
:109360005246BDE8F04F01F0EDB81FD14FF00900B3
:109370002872B9F802006881D8E90010C5E9041024
:10938000608BA881284601F048F85146019801F009
:1093900072F801460198082340680078C20004F181
:1093A000200006F05AFD0020A0836083504601F0A3
:1093B0003EF810B9A089401EA0816888019903B0C9
:1093C0000AF0FF02BDE8F04F1DE72DE9F041064627
:1093D00015460F461C461846F7F72DFF18B92068AA
:1093E000F7F74FFF08B110201AE47168688C09780C
:1093F000B0EBC10F01D3132012E43946304601F01F
:109400003AF80146706808230078C20005F1200090
:1094100006F0EDFCD4E90012C0E90012002005E4DA
:1094200010B50446032106F049FE014600F114027E
:109430002046BDE81040A4E470B50446032106F0C0
:109440003DFE054601462046FFF765FD002816D083
:1094500029462046FFF767FE002810D029462046FF
:10946000FFF714FD00280AD029462046FFF7BDFC6F
:10947000002804D029462046BDE870409BE570BD19
:109480002DE9F0410C4680461EE0E178427811FB60
:1094900002F1CAB2816901230E3006F0DEFC0778C2
:1094A00060681C22C179491EC17107EB87016068A1
:1094B00002EBC10146183946204600F0EFFF18B113
:1094C000304600F0FAFF20B16068C1790029DCD194
:1094D0008AE7FEF7FBFD050000D1FFDF0A202872B6
:1094E000384600F0B9FF68813946204600F0CAFFCF
:1094F0000146606808234078C20006F1240006F0A7
:10950000ACFCD0E90010C5E90310A5F8028028469C
:1095100000F083FFB07800B9FFDFB078401EB07074
:1095200062E770B50C460546032106F0C7FD01460B
:109530004068C2792244C2712846BDE870409FE766
:109540002DE9FE4F8246507814460F464FF0000832
:10955000002850D0012807D0022822D0FFDF206841
:10956000B8606068F860C3E602AB0E22082150467E
:10957000FFF7ADFB0028F2D00298152105230170FA
:10958000217841700A214180C0F80480C0F8088029
:10959000A0F80C80628882810E20CDE900080822A4
:1095A00021E0A678304600F057FF054606EB86011D
:1095B0002C22786802EBC1010822465A02AB114600
:1095C0005046FFF784FB0028C9D00298072101709C
:1095D000217841700421418008218580C680CDE931
:1095E000001805230A4639464FEA0A00FFF72FFB09
:1095F00087F808807CE6A678022516B1022E13D0E3
:10960000FFDF2A1D914602AB08215046FFF75FFBA2
:109610000028A4D002980121022E01702178417007
:109620004580868002D005E00625EAE7A188C18052
:10963000E1880181CDE9009805230822394650468A
:10964000D4E710B50446032106F038FD014600F1C9
:1096500008022046BDE8104072E72DE9F04F0F46A2
:10966000054687B014465088032106F027FD4FF0C9
:1096700000088DF808800646ADF80A80042F5CD3F8
:109680006A78002A59D028784FF6FF794FF01C0AE3
:10969000132815D006DC01286FD006282BD0072808
:1096A00006D16EE0142869D0152868D0162867D036
:1096B000CDF80080CDF8048068788DF8000037E0A0
:1096C000B078904239D13078010736D5062F34D1A1
:1096D00020F0080030706088414660F31F41002090
:1096E0000AF01CFB02208DF80800ADF80C90A88849
:1096F000ADF80E00F4E0082F1FD1A888EF8881464E
:1097000000F09DFE80460146304600F0C7FE18B1CD
:10971000404600F08CFE98B1FA48D0E90010CDE93F
:1097200000106878ADF804908DF80000ADF8067070
:1097300060886A463146FFF703FF07B0BDE8F08F47
:10974000716808EB88002C2202EBC000085AB8426E
:10975000F3D1EC486A46D0E90210CDE900106878F0
:109760008DF8000008F0FF058DF802506088314642
:10977000FFF7E6FE2246294623E097E025E0CEE00B
:1097800023E1082FD9D1B5F80480E88800F057FE0E
:1097900007460146304600F081FE0028CDD007EB99
:1097A000870271680AEBC2000844028A4245C4D1AC
:1097B00001780829C1D1407869788842BDD1F9B2D1
:1097C00022463046FFF765F9B7E70E2F7FF470AFFA
:1097D000E9886F898B46B5F808903046FFF7BCF9E9
:1097E000ABF14001402901D3092048E0B9F1170F3E
:1097F00001D3172F01D20B2041E040280ED000EBFF
:10980000800271680AEBC20008440178012903D183
:1098100040786978884290D00A2030E03046FFF7DF
:109820007CF940282AD000EB800372680AEBC30160
:1098300002EB0108012288F800206A7888F80120EC
:109840007168AA884989B94200D93946AD8903238C
:109850002372A282E7812182A4F80C90658200F035
:10986000FBFD6081A8F81490A8F81870A8F80E50B5
:10987000A8F810B0204600F0D0FD5EE704200521D6
:109880002172A4F80A80E081012121739D49D1E968
:109890000421CDE9002169788DF80010ADF80200AF
:1098A00060886A463146FFF74BFEE3E7062F8BD30D
:1098B000B07890421AD13078010717D520F008000F
:1098C00030706088414660F31F4100200AF026FA9C
:1098D00002208DF80800A888ADF80C00ADF80E90B5
:1098E0006088224602A9F8F785FB26E70421304666
:1098F000FFF749F905464028BFD0022083030090B6
:1099000022462946304600F0E6FD4146608865F370
:109910000F2160F31F4105200AF000FA0DE70E2F1A
:10992000ABD104213046FFF72EF981464028A4D060
:109930004146608869F30F2160F31F4105200AF05A
:10994000EDF9A88906906889009070682F89408990
:10995000B84200D938468346B5F80680A8880190F9
:10996000484600F079FD6081069818B10220009009
:10997000069B24E0B8F1170F1ED3172F1CD3042029
:10998000207200986082E781A4F810B0A4F80C80DF
:1099900009EB890271680AEBC2000D18DDE90002CB
:1099A000A5F81480A5F818B0E8812A82204600F0B6
:1099B00034FD06202870C0E601200B2300902246CB
:1099C0004946304600F087FDB7E6082F8DD1A988BB
:1099D0003046FFF7C1F80746402886D000F027FD43
:1099E00000289BD107EB870271680AEBC20008448C
:1099F000804600F069FD002890D1ED88B8F80E008F
:109A00002844B0F5803F05D360883A46314600F0DF
:109A100099FD92E6002DCED0A8F80E0060883A4657
:109A20003146FFF766FB08202072384600F014FD2F
:109A30006081A5811EE72DE9F05F0C4601281ED04C
:109A4000957992F80480567905EB85011F2202EB87
:109A5000C10121F0030B08EB060111FB05F14FF6E4
:109A6000FF7202EAC10909F1030115FB0611264F35
:109A700021F0031ABB6840B101283ED125E061689E
:109A8000E57891F800804E78DEE75946184606F0F2
:109A900062F9606000B9FFDF5A460021606803F098
:109AA00072FCE5705146B86806F055F96168486186
:109AB00000B9FFDF6068426902EB090181616068FB
:109AC00080F800806068467017E06068524641691F
:109AD000184606F06BF95A466168B86806F066F9F0
:109AE000032006F097FA0446032006F09BFA201A9A
:109AF000012802D1B86806F023F90BEB0A00BDE893
:109B0000F09F000028B101002C0000200246002137
:109B1000022090E7F7B5FF4C0A2016462070009807
:109B200060B100254FEA0D0006F0F7F80021A170A2
:109B30006670002D01D10099A160FEBD01250020B5
:109B4000F2E770B50C46154638220021204603F096
:109B50001AFC012666700A22002104F11C0003F0A1
:109B600012FC05B9FFDF297A207861F3010020702B
:109B7000A87900282DD02A4621460020FFF75BFF58
:109B800061684020E34A88706168C8706168087144
:109B900061684871616888716168288808816168B6
:109BA00068884881606886819078002811D0616853
:109BB0000620087761682888C885616828884886F3
:109BC0006068068560686988928801868186468516
:109BD000828570BDC878002802D0002201202AE7C3
:109BE000704770B50546002165F31F4100200AF05B
:109BF00095F80321284606F061FA040000D1FFDF42
:109C000021462846FEF766FF002804D0207840F061
:109C100010002070012070BD70B505460C46032071
:109C200006F0EAF908B1002070BDBA48857084805A
:109C3000012070BD2DE9FF4180460E460F0CFEF756
:109C400045FA050007D06F800321384606F036FA42
:109C5000040008D106E004B03846BDE8F041132105
:109C6000F8F79EBDFFDF5FEA080005D0B8F1050FE9
:109C700018D0FFDFBDE8FF8120782A4620F00800D9
:109C800020700020ADF8020002208DF800004FF691
:109C9000FF70ADF80400ADF8060069463846F8F7E5
:109CA000A9F9E7E7C6F3072101EB81021C236068ED
:109CB00003EBC202805C042803D008280AD0FFDF2F
:109CC000D8E7012000904FF440432A46204600F098
:109CD00002FCCFE704B02A462046BDE8F041FEF77B
:109CE000D8BE2DE9F05F05464089002790460C4616
:109CF0003E46824600F0A3FB8146287AC01E082813
:109D00006BD2DFE800F00D04192058363C4772276B
:109D10001026002C6CD0D5E90301C4E902015CE0F7
:109D200070271226002C63D00A2205F10C0104F1E1
:109D3000080003F0FEFA50E071270C26002C57D0E3
:109D4000E868A06049E0742710269CB3D5E90301B8
:109D5000C4E902016888032106F0B0F98346FEF7E2
:109D6000B5F902466888508049465846FEF748FED5
:109D700033E075270A26ECB1A88920812DE07627EB
:109D80001426BCB105F10C0004F1080307C883E8F0
:109D9000070022E07727102664B1D5E90301C4E962
:109DA00002016888032106F089F901466888FFF7F7
:109DB00067FB12E01CE073270826CCB168880321FA
:109DC00006F07CF901460078C00606D56888FEF7E3
:109DD00081FE10B96888F7F703FEA8F800602CB17F
:109DE0002780A4F806A066806888A080002086E608
:109DF000A8F80060FAE72DE9FC410C461E4617461C
:109E00008046032106F05AF905460A2C0AD2DFE8FB
:109E100004F005050505050509090907042303E004
:109E2000062301E0FFDF0023CDE900762246294624
:109E30004046FEF70CFFBDE8FC81F8B50546A0F5ED
:109E40007F40FF382BD0284606F06BFA040000D183
:109E5000FFDF204605F001FE002821D001466A46BA
:109E6000204605F01CFE00980321B0F80560284646
:109E700006F024F90446052E13D0304600F0DFFA30
:109E800005460146204600F009FB40B1606805EB3D
:109E900085013E2202EBC101405A002800D001207A
:109EA000F8BD007A0028FAD00020F8BDF8B50446C5
:109EB000408806F036FA050000D1FFDF6A462846E2
:109EC000616800F0A8FA01460098091F8BB230F8CB
:109ED000032F0280428842800188994205D1042ADA
:109EE00008D0052A20D0062A16D022461946FFF7A8
:109EF000C5F9F8BD001D0E4605460146224630460E
:109F0000FBF763F90828F4D1224629463046FCF7CE
:109F1000C2F9F8BD2C000020636864880A46011D60
:109F20002046F9F7C5FBF4E72246001DFFF795FB35
:109F3000EFE770B50D460646032106F0BFF80400B2
:109F400004D02078000704D5112070BD43F2020030
:109F500070BD2A4621463046FEF713FF18B928681F
:109F600060616868A061207840F0080020700020DF
:109F700070BD2DE9F04F0E4691B08046032106F0EA
:109F80009DF80446404606F0DEF90746002007909B
:109F900008900990ADF830000A9002900390049068
:109FA00004B9FFDF0DF10809FFB9FFDF1DE03846F6
:109FB0000BA9002205F014FC9DF82C0000F07F0591
:109FC0000A2D00D3FFDF6019017F491E01779DF83C
:109FD0002C00000609D52A460CA907A8FEF727FE83
:109FE00019F80510491C09F80510761EF6B2DED2E4
:109FF00004F13400F84D04F1260BDFF8E0A304F17E
:10A000002A07069010E05846069900F08DFA064699
:10A0100028700A2800D3FFDF5AF8261040468847E8
:10A02000E08CC05DB04202D0208D0028EBD10A2028
:10A030002870EA4D4E4628350EE00CA907A800F01E
:10A0400073FA0446375D55F8240000B9FFDF55F870
:10A050002420394640469047BDF81E000028ECD128
:10A0600011B0BDE8F08F10B5032106F027F8040009
:10A0700000D1FFDF0A22002104F11C0003F083F964
:10A08000207840F00400207010BD10B50C4603216C
:10A0900006F014F82044007F002800D0012010BDF5
:10A0A0002DE9F84F894615468246032106F006F849
:10A0B000070004D02846F7F7BEF840B903E043F2A2
:10A0C0000200BDE8F88F4846F7F7DBF808B110202A
:10A0D000F7E7786828B169880089814201D90920A9
:10A0E000EFE7B9F800001C2488B100F0A8F9804619
:10A0F0000146384600F0D2F988B108EB880079684B
:10A1000004EBC000085C01280BD00820D9E73846D2
:10A11000FEF703FD8046402807D11320D1E7052034
:10A12000CFE7FDF7D3FF06000BD008EB8800796876
:10A1300004EBC0000C18B9F8000020B1E88910B198
:10A1400013E01120BDE72888172802D36888172854
:10A1500001D20720B5E7686838B12B1D2246414679
:10A160003846FFF732F90028ABD104F10C026946FA
:10A170002046FFF729F8288860826888E082B9F8CD
:10A18000000030B102202070E889A080E889A0B1E9
:10A190002BE003202070A889A0807868817840296E
:10A1A00005D180F8028039465046FEF71EFE404633
:10A1B00000F052F9A9F8000021E07868218B40896D
:10A1C000884200D908462083A6F802A004203072F5
:10A1D000B9F800007081E0897082F181208B3082B3
:10A1E000A08AB081304600F018F97868C17840291B
:10A1F00005D180F8038039465046FEF747FE00201F
:10A200005FE770B50D460646032105F057FF0400D1
:10A210000ED0284600F013F905460146204600F00E
:10A220003DF918B1284600F002F920B1052070BDB3
:10A2300043F2020070BD05EB85011C22606802EB51
:10A24000C101084400F040F908B1082070BD2A4659
:10A250002146304600F076F9002070BD2DE9F0412E
:10A260000C4617468046032105F028FF0546204688
:10A2700000F0E5F8044695B10146284600F00EF9D5
:10A2800080B104EB84011C22686802EBC10146180E
:10A29000304600F019F938B10820BDE8F08143F2EA
:10A2A0000200FAE70520F8E73B46324621462846F9
:10A2B000FFF78BF80028F0D1E2B229464046FEF7BE
:10A2C000A2FF708C0838082803D24348407800F079
:10A2D0006BFE0020E1E72DE9F0410D461746804670
:10A2E000032105F0EBFE0446284600F0A8F80646D8
:10A2F00024B13846F6F79FFF38B902E043F2020076
:10A30000CBE73868F6F797FF08B11020C5E731466C
:10A31000204600F0C3F860B106EB86011C2260689D
:10A3200002EBC1014518284600F0CEF818B108200C
:10A33000B3E70520B1E7B888A98A884201D90C2083
:10A34000ABE76168E88C4978B0EBC10F01D313200B
:10A35000A3E73146204600F095F8014660680823DF
:10A360004078C20005F1240005F041FDD7E9001254
:10A37000C0E90012F2B221464046FEF7BAFE0020C4
:10A380008BE72DE9F0470D461F4690468146032195
:10A3900005F094FE0446284600F051F806463CB10C
:10A3A0004DB13846F6F78BFF50B11020BDE8F0876D
:10A3B00043F20200FAE7606858B1A0F80C8028E088
:10A3C0003146204600F06AF818B1304600F02FF808
:10A3D00030B10520EAE700002C00002040B1010068
:10A3E00006EB86011C22606802EBC1014518284675
:10A3F00000F06AF808B10820D8E7A5F80880F2B2A2
:10A4000021464846FEF7FFFE1FB1A8896989084426
:10A4100038800020CAE705F042BB017821F00F0127
:10A42000491C21F0F00110310170FDF753BE20B935
:10A430004E48807808B101207047002070474B4992
:10A440008988884201D100207047402801D24020ED
:10A4500000E0403880B2704710B50446402800D96B
:10A46000FFDF2046FFF7E3FF10B14048808810BDB2
:10A470004034A0B210BD406842690078484302EB06
:10A48000C0007047C2784068037812FB03F243783B
:10A49000406901FB032100EBC1007047C2788A428A
:10A4A00009D9406801EB81011C2202EBC101405C2B
:10A4B00008B101207047002070470078062801D9B4
:10A4C00001207047002070470078062801D0012045
:10A4D000704700207047F0B401EB81061C274468E8
:10A4E00007EBC6063444049D05262670E3802571DB
:10A4F000F0BCFEF785BA10B5418911B1FFF7DDFF59
:10A5000008B1002010BD012010BD10B5C18C8278AB
:10A51000B1EBC20F04D9C18911B1FFF7CEFF08B169
:10A52000002010BD012010BD10B50C4601230A22E9
:10A53000011D05F092FC00782188012282409143A0
:10A54000218010BDF0B402EB82051C264C6806EB9E
:10A55000C505072363554B681C79402C03D11A713C
:10A56000F0BCFEF7D8BCF0BC704700002C00002007
:10A5700070B50B2000F0BDF9082000F0BAF90021F9
:10A580000B2000F0D4F90021082000F0D0F9F44CA1
:10A5900001256560A5600020C4F84001C4F84401AD
:10A5A000C4F848010B2000F0B5F9082000F0B2F91A
:10A5B0000B2000F091F9256070BD10B50B2000F064
:10A5C00098F9082000F095F9E54801214160816083
:10A5D000E4490A68002AFCD10021C0F84011C0F803
:10A5E0004411C0F848110B2000F094F9BDE8104068
:10A5F000082000F08FB910B50B2000F08BF9BDE8F2
:10A600001040082000F086B900B530B1012806D00E
:10A61000022806D0FFDF002000BDD34800BDD3488C
:10A6200000BDD248001D00BD70B5D1494FF00040BB
:10A630000860D04DC00BC5F80803CF480024046063
:10A64000C5F840410820C43500F053F9C5F83C4135
:10A65000CA48047070BD08B5C14A002128B101285C
:10A6600011D002281CD0FFDF08BD4FF48030C2F8A3
:10A670000803C2F84803BB483C300160C2F84011EF
:10A68000BDE80840D0E74FF40030C2F80803C2F834
:10A690004803B44840300160C2F84411B3480CE0AC
:10A6A0004FF48020C2F80803C2F84803AD48443094
:10A6B0000160C2F84811AD48001D0068009008BD57
:10A6C00070B516460D460446022800D9FFDF002269
:10A6D000A348012304F110018B4000EB8401C1F871
:10A6E000405526B1C1F84021C0F8043303E0C0F85A
:10A6F0000833C1F84021C0F8443370BD2DE9F04162
:10A700001D46144630B1012833D0022838D0FFDF6F
:10A71000BDE8F081891E002221F07F411046FFF73D
:10A72000CFFF012D23D00020944D924F0126687059
:10A730003E61914900203C3908600220091D0860F3
:10A740008D490420303908608B483D34046008206E
:10A750006C6000F0DFF83004C7F80403082000F054
:10A76000BBF88349F007091F08602E70D0E701206D
:10A77000DAE7012B02D00022012005E00122FBE7ED
:10A78000012B04D000220220BDE8F04198E701220D
:10A79000F9E774480068704770B500F0D8F8704C5D
:10A7A0000546D4F840010026012809D1D4F8080351
:10A7B000C00305D54FF48030C4F80803C4F84061E5
:10A7C000D4F8440101280CD1D4F80803800308D53B
:10A7D0004FF40030C4F80803C4F84461012008F0C5
:10A7E00014FAD4F8480101280CD1D4F80803400326
:10A7F00008D54FF48020C4F80803C4F8486102204B
:10A8000008F003FA5E48056070BD70B500F09FF86F
:10A810005A4D0446287850B1FFF706FF687818B102
:10A820000020687008F0F1F95548046070BD0320FD
:10A83000F8E74FF0E0214FF40010C1F80002704734
:10A84000152000F067B84B4901200861082000F08E
:10A8500061B848494FF47C10C1F808030020024653
:10A8600001EB8003C3F84025C3F84021401CC0B26F
:10A870000628F5D37047410A43F609525143C0F305
:10A88000080010FB02F000F5807001EB50207047CB
:10A8900010B5430B48F2376463431B0C5C020C6039
:10A8A000384C03FB0400384B4CF2F72443435B0D58
:10A8B00013FB04F404EB402000F58070401210708C
:10A8C00008681844086010BD2C4840687047294942
:10A8D0000120C1F800027047002809DB00F01F02C8
:10A8E000012191404009800000F1E020C0F80011F2
:10A8F000704700280DDB00F01F0201219140400944
:10A90000800000F1E020C0F88011BFF34F8FBFF34B
:10A910006F8F7047002809DB00F01F020121914072
:10A920004009800000F1E020C0F88012704749071C
:10A93000090E002804DB00F1E02080F800147047C5
:10A9400000F00F0000F1E02080F8141D70470C4863
:10A95000001F00680A4A0D49121D1160704700006F
:10A9600000B0004004B500404081004044B10040C8
:10A9700008F501400080004040850040380000207C
:10A9800014050240F7C2FFFF6F0C01000100000137
:10A9900010B5EFF3108000F0010472B6FC48417866
:10A9A000491C41704078012801D108F081FD002C3C
:10A9B00000D162B610BD70B5F54CA07848B901253C
:10A9C000A570FFF7E5FF08F084FD20B1002008F036
:10A9D0004EFD002070BD4FF08040E570C0F804537C
:10A9E000F7E770B5EFF3108000F0010572B6E84CA0
:10A9F000607800B9FFDF6078401E6070607808B949
:10AA000008F05AFD002D00D162B670BDE04810B5C7
:10AA1000817821B10021C1708170FFF7E2FF002031
:10AA200010BD10B5044608F054FDD9498978084096
:10AA300000D001202060002010BD10B5FFF7A8FF56
:10AA400008F047FD02220123D149540728B1D1481B
:10AA5000026023610320087202E00A72C4F8043322
:10AA60000020887110BD2DE9F84FDFF8249342785B
:10AA7000817889F80420002689F80510074689F8AE
:10AA800006600078DFF810B3354620B1012811D0F8
:10AA9000022811D0FFDF08F02EFD4FF0804498B15E
:10AAA00008F030FDB0420FD1304608F02FFD0028ED
:10AAB000FAD042E00126EEE7FFF76AFF5846016848
:10AAC000C907FCD00226E6E70120E060C4F8045183
:10AAD000B2490E600107D1F84412B04AC1F34231C5
:10AAE00024321160AD49343108604FF0020AC4F8D5
:10AAF00004A3A060AA480168C94341F3001101F111
:10AB00000108016841F01001016001E010F030F926
:10AB1000D4F804010028F9D0304608F0F7FC0028EA
:10AB2000FAD0B8F1000F04D19D48016821F010015E
:10AB30000160C4F808A3C4F8045199F805004E4612
:10AB400080B1387870B908F0C4FC804608F0CAFEBD
:10AB50006FF00042B8F1000F02D0C6E9032001E017
:10AB6000C6E90302DBF80000C00701D008F0ADFC25
:10AB7000387810B13572BDE8F88F4FF01808C4F876
:10AB800008830127A7614FF42070ADF8000000BFD3
:10AB9000BDF80000411EADF80010F9D2C4F80C5108
:10ABA000C4F810517A48C01D08F030FD3570FFF729
:10ABB00044FF67617949307920310860C4F8048323
:10ABC000D9E770B5050000D1FFDF4FF080424FF0AC
:10ABD000FF30C2F808030021C2F80011C2F80411C6
:10ABE000C2F80C11C2F81011694C617008F07DFCBC
:10ABF00010B10120A070607067480068C00701D0E4
:10AC000008F063FC2846BDE870402CE76048007AF5
:10AC1000002800D0012070472DE9F04F61484FF027
:10AC2000000A85B0D0F800B0D14657465D4A5E496B
:10AC3000083211608406D4F8080110B14FF0010801
:10AC400001E04FF0000808F0B4FC78B1D4F824011A
:10AC500000B101208246D4F81C0100B101208146D8
:10AC6000D4F8200108B1012700E00027D4F8000142
:10AC700000B101200490D4F8040100B10120039038
:10AC8000D4F80C0100B101200290D4F8100100B1F9
:10AC900001203F4D0190287800260090B8F1000F68
:10ACA00004D0C4F80861012008F0E1FBBAF1000FFC
:10ACB00004D0C4F82461092008F0D9FBB9F1000FD1
:10ACC00004D0C4F81C610A2008F0D1FB27B1C4F8F5
:10ACD00020610B2008F0CBFB2D48C01D08F09EFC26
:10ACE00000B1FFDFDFF8AC800498012780B1C4F821
:10ACF0000873E87818B1EE70002008F0B8FB287AE5
:10AD0000022805D1032028720221C8F8001027610B
:10AD1000039808B1C4F80461029850B1C4F80C61FA
:10AD2000287A032800D0FFDFC8F800602F72FFF7F1
:10AD300058FE019838B1C4F81061287A012801D171
:10AD400000F05CF86761009838B12E70287A01280D
:10AD500001D1FFF772FEFFF744FE0D48C01D08F059
:10AD600073FC1049091DC1F800B005B0BDE8F08FB3
:10AD7000074810B5C01D08F051FC0549B0B10120CD
:10AD800008704FF0E021C1F80002BDE81040FFE577
:10AD900040000020340C00400C0400401805004026
:10ADA00010ED00E01005024001000001087A0128C2
:10ADB00001D1FFF742FEBDE81040244808F044BC32
:10ADC00070B5224CE41FA07808B908F075FB01208B
:10ADD0008507A861207A0026032809D1D5F80C013F
:10ADE00020B9002008F092FB0028F7D1C5F80C61CB
:10ADF00026724FF0FF30C5F8080370BD70B5134CD4
:10AE0000E41F6079F0B1012803D0A179401E81428E
:10AE100018DA08F05EFB054608F064FD6179012947
:10AE200002D9A179491CA1710DB1216900E0E16845
:10AE3000411A022902DA11F1020F06DC0DB120617C
:10AE400000E0E060BDE87040F7E570BD470000201D
:10AE5000374901200860704770B50D2000F049F8AF
:10AE6000344C0020C4F800010125C4F804530D201F
:10AE700000F050F825604FF0E0216014C1F80001A7
:10AE800070BD10B50D2000F034F82A480121416052
:10AE90000021C0F80011BDE810400D2000F03AB8C4
:10AEA000254810B504682449244808310860214920
:10AEB000D1F80001012804D0FFDF1F48001D046005
:10AEC00010BD1B48001D00680022C0B2C1F800215F
:10AED00008F05FFCF1E710B5164800BFD0F800118C
:10AEE0000029FBD0FFF7DCFFBDE810400D2000F08B
:10AEF00011B800280DDB00F01F020121914040092C
:10AF0000800000F1E020C0F88011BFF34F8FBFF345
:10AF10006F8F7047002809DB00F01F02012191406C
:10AF20004009800000F1E020C0F880127047000066
:10AF300004D5004000D0004010050240010000018F
:10AF40004FF0E0214FF00070C1F8800101F5C071B1
:10AF5000BFF34F8FBFF36F8FC1F80001394B8022D1
:10AF600083F8002441F8800C704700B502460420A5
:10AF7000354903E001EBC0031B792BB1401EC0B281
:10AF8000F8D2FFDFFF2000BD41F8302001EBC00107
:10AF900000224A718A7101220A7100BD2A4A0021E9
:10AFA00002EBC0000171704710B50446042800D3BD
:10AFB000FFDF254800EBC4042079012800D0FFDF23
:10AFC0006079A179401CC0B2814200D060714FF01D
:10AFD000E0214FF00070C1F8000210BD70B50425EB
:10AFE000194E1A4C16E0217806EBC1000279012AAD
:10AFF00008D1427983799A4204D04279827156F815
:10B00000310080472078401CC0B22070042801D352
:10B01000002020706D1EEDB2E5D270BD0C4810B559
:10B0200004680B490B4808310860064890F8000492
:10B030004009042800D0FFDFFFF7D0FF0448001DBF
:10B04000046010BD19E000E07805002054000020E5
:10B0500010050240010000010F4A12680D498A42A2
:10B060000CD118470C4A12680A4B9A4206D101B516
:10B0700008F00AFC08F0DDFEBDE801400749096858
:10B080000958084706480749054A064B704700001B
:10B0900000000000BEBAFECA5800002004000020D4
:10B0A000B00F0020B00F002070B50C46054600F030
:10B0B00045FB21462846BDE8704001F026BC000053
:10B0C000F8B51D46DDE906470E000AD005F03BF94C
:10B0D0002346FF1DBCB231462A46009404F059FDB8
:10B0E000F8BDD0192246194602F023F92046F8BDD2
:10B0F00070B50D4604461022002102F044F9258166
:10B1000017206081A07B40F00A00A07370BD4FF64D
:10B11000FF720A800146022008F000BE70470089D5
:10B120007047827BD30701D1920703D480890880BE
:10B130000020704705207047827B920700D58181EF
:10B14000704701460020098841F6FE52114200D0A6
:10B150000120704700B50346807BC00701D0052061
:10B1600000BD59811846FFF7ECFFC00703D0987B5C
:10B1700040F004009873987B40F001009873002021
:10B1800000BD827B520700D509B140897047172066
:10B190007047827B61F3C302827370472DE9FC5FC5
:10B1A0000E46044601789646012000FA01F14DF65C
:10B1B000FF5201EA020962684FF6FF7B1188594588
:10B1C00002D10920BDE8FC9FB9F1000F05D041F67E
:10B1D000FE55294201D00120F4E741EA090111801E
:10B1E0001D0014D000232B7094F800C00521032209
:10B1F0001F464FF0020ABCF10E0F76D2DFE80CF0CA
:10B20000F909252F47646B77479193B4D1D804206F
:10B21000D8E7616820898B7B9B0767D517284AD3BD
:10B220000B89834247D38989172901D3814242D1AF
:10B2300085F800A0A5F80100328061688881606807
:10B24000817B21F002018173C6E0042028702089EF
:10B25000A5F801006089A5F803003180BCE0208AD0
:10B260003188C01D1FFA80F8414524D3062028707C
:10B270002089A5F801006089A5F80300A089A5F838
:10B2800005000721208ACDE90001636941E00CF047
:10B29000FF00082810D0082028702089A5F8010098
:10B2A0006089A5F8030031806A1D694604F10C002D
:10B2B00006F0BBFC10B15EE01020EDE730889DF891
:10B2C00000100844308087E00A2028702089A5F803
:10B2D0000100328044E00C2028702089A5F801008C
:10B2E0006089A5F8030031803AE082E064E02189BA
:10B2F000338800EB41021FFA82F843453BD3B8F193
:10B30000050F38D30E222A700BEA4101CDE9001057
:10B31000E36860882A467146FFF7D2FEA6F80080EF
:10B320005AE04020287060893188C01C1FFA80F8DC
:10B33000414520D32878714620F03F001230287014
:10B340002089A5F801006089CDE9000260882A46BD
:10B35000E368FFF7B5FEA6F80080287840063BD4E6
:10B3600061682089888037E0A0893288401D1FFAF3
:10B3700080F8424501D204273DE01620287020893C
:10B38000A5F801006089A5F80300A089CDE90001B6
:10B3900060882A4671462369FFF792FEA6F800806E
:10B3A000DEE718202870207A6870A6F800A013E065
:10B3B00061680A88920401D405271CE0C9882289A3
:10B3C000914201D0062716E01E2129703080606866
:10B3D000018821F400510180B9F1000F0BD0618880
:10B3E00078230022022008F0EFFB61682078887043
:10B3F00006E0338003276068018821EA09010180A3
:10B400003846DFE62DE9FF4F85B01746129C0D0048
:10B410001E461CD03078C10703D000F03F00192829
:10B4200001D9012100E000212046FFF7AAFEA84231
:10B430000DD32088A0F57F41FF3908D03078410630
:10B4400001D4000605D5082009B0BDE8F08F07201B
:10B45000FAE700208DF800008DF8010030786B1EAF
:10B4600000F03F0C0121A81E4FF0050A4FF0020921
:10B470004FF0030B9AB2BCF1200F75D2DFE80CF04D
:10B480008B10745E7468748C749C74B574BA74C8D0
:10B4900074D474E1747474F174EF74EE74ED748B9D
:10B4A000052D78D18DF80090A0788DF80400708873
:10B4B000ADF8060030798DF80100707800F03F009B
:10B4C0000C2829D00ADCA0F10200092863D2DFE8A9
:10B4D00000F0126215621A621D622000122824D048
:10B4E00004DC0E281BD01028DBD11BE016281FD04F
:10B4F0001828D6D11FE02078800701E02078400787
:10B50000002848DAEEE020780007F9E72078C00646
:10B51000F6E720788006F3E720784006F0E7207809
:10B520000006EDE72088C005EAE720884005E7E748
:10B5300020880005E4E72088C004E1E72078800740
:10B5400029D5032D27D18DF800B0B6F8010081E090
:10B55000217849071FD5062D1DD381B270780128A7
:10B5600003D0022817D102E0C9E0022000E0102039
:10B5700004228DF8002072788DF80420801CB1FB25
:10B58000F0F2ADF8062092B242438A4203D103970B
:10B59000ADF80890A6E079E02078000776D598B25B
:10B5A00082088DF800A0ADF80420B0EB820F6DD1B9
:10B5B0000297ADF8061095E02178C90666D5022DF0
:10B5C00064D381B206208DF80000707802285DD324
:10B5D000B1FBF0F28DF80400ADF8062092B24243C0
:10B5E0008A4253D1ADF808907BE0207880064DD593
:10B5F000072003E0207840067FD508208DF8000062
:10B60000A088ADF80400ADF80620ADF8081068E099
:10B610002078000671D50920ADF804208DF80000CF
:10B62000ADF8061002975DE02188C90565D5022DA9
:10B6300063D381B20A208DF80000707804285CD3AF
:10B64000C6E72088400558D5012D56D10B208DF82E
:10B650000000A088ADF8040044E021E026E016E0F8
:10B66000FFE72088000548D5052D46D30C208DF82E
:10B670000000A088ADF80400B6F803006D1FADF817
:10B680000850ADF80600ADF80AA02AE035E02088A1
:10B69000C00432D5012D30D10D208DF8000021E0FD
:10B6A0002088800429D4B6F80100E080A07B000740
:10B6B00023D5032D21D3307800F03F001B2818D06C
:10B6C0000F208DF80000208840F40050A4F80000FE
:10B6D000B6F80100ADF80400ED1EADF80650ADF867
:10B6E00008B0039769460598F9F7B8FA050008D03D
:10B6F00016E00E208DF80000EAE7072510E0082587
:10B700000EE0307800F03F001B2809D01D2807D03C
:10B710000220059908F002FB208800F400502080E8
:10B72000A07B400708D52046FFF70BFDC00703D1DB
:10B73000A07B20F00400A073284685E61FB50228F0
:10B7400006D101208DF8000088B26946F9F786FA23
:10B750001FBD0000F8B51D46DDE906470E000AD002
:10B7600004F0F1FD2346FF1DBCB231462A46009489
:10B7700004F00FFAF8BDD0192246194601F0D9FDA0
:10B780002046F8BD2DE9FF4F8DB09B46DDE91B57E4
:10B79000DDF87CA00C46082B05D0E06901F0FEF82E
:10B7A00050B11020D2E02888092140F010002880F4
:10B7B0008AF80010022617E0E16901208871E26929
:10B7C0004FF420519180E1698872E06942F60101ED
:10B7D0000181E069002181732888112140F0200057
:10B7E00028808AF80010042638780A900A203870D9
:10B7F0004FF0020904F118004D460C9001F0C6FB11
:10B80000B04681E0BBF1100F0ED1022D0CD0A9EB98
:10B810000800801C80B20221CDE9001005AB524621
:10B820001E990D98FFF796FFBDF816101A988142E1
:10B8300003D9F74800790F9004E003D10A9808B1C2
:10B8400038702FE04FF00201CDE900190DF1160319
:10B8500052461E990D98FFF77DFF1D980088401BEA
:10B86000801B83B2C6F1FF00984200D203461E99A6
:10B870000BA8D9B15FF00002DDF878C0CDE9032054
:10B8800009EB060189B2CDE901C10F980090BDF81E
:10B89000161000220D9801F00EFC387070B1C0B285
:10B8A000832807D0BDF8160020833AE00AEB09018F
:10B8B0008A19E1E7022011B0BDE8F08FBDF82C0035
:10B8C000811901F0FF08022D0DD09AF801204245A0
:10B8D00006D1BDF82010814207D0B8F1FF0F04D087
:10B8E0009AF801801FE08AF80180C9480068017851
:10B8F000052902D1BDF81610818009EB08001FFA56
:10B9000080F905EB080085B2DDE90C1005AB0F9A54
:10B9100001F03FFB28B91D980088411B4145BFF647
:10B9200071AF022D13D0BBF1100F0CD1A9EB0800A1
:10B93000801C81B20220CDE9000105AB52461E9960
:10B940000D98FFF707FF1D98058000203870002034
:10B95000B1E72DE9F8439C46089E13460027B26BD9
:10B960009AB3491F8CB2F18FA1F57F45FF3D05D0F9
:10B970005518AD882944891D8DB200E0002529198C
:10B98000B6F83C800831414520D82A44BCF8011063
:10B9900022F8021BBCF8031022F8021B984622F87A
:10B9A000024B914604F0BDFC4FF00C0C41464A4658
:10B9B0002346CDF800C004F0B8F8F587B16B00203D
:10B9C0002944A41D2144088003E001E0092700E088
:10B9D00083273846BDE8F88310B50B88848F9C42D6
:10B9E0000CD9846BE018048844B1848824F40044A2
:10B9F000A41D23440B801060002010BD0A2010BD40
:10BA00002DE9F0478AB00025904689468246ADF878
:10BA1000185007274BE0059806888088000446D414
:10BA2000A8F8006007A8019500970295CDE903509A
:10BA30004FF4007300223146504601F03CFB0400F5
:10BA40003CD1BDF81800ADF8200005980488818825
:10BA5000B44216D10A0414D401950295039521F439
:10BA600000410097049541F48043428821465046A6
:10BA700001F0BFF804000BD10598818841F4004122
:10BA8000818005AA08A94846FFF7A6FF0400DCD07C
:10BA90000097059802950195039504950188BDF8D6
:10BAA0001C300022504601F0A4F80A2C06D105AA49
:10BAB00006A94846FFF790FF0400ACD0ADF8185037
:10BAC00004E00598818821F40041818005AA06A937
:10BAD0004846FFF781FF0028F3D00A2C03D0204608
:10BAE0000AB0BDE8F0870020FAE710B50C46896B74
:10BAF00086B051B10C218DF80010A18FADF808105F
:10BB0000A16B01916946FAF75BF800204FF6FF71CF
:10BB1000A063E187A08706B010BD2DE9F0410D4676
:10BB20000746896B0020069E1446002911D0012B80
:10BB30000FD1324629463846FFF762FF002808D168
:10BB4000002C06D0324629463846BDE8F04100F0C8
:10BB500034BFBDE8F0812DE9FC411446DDE9087CE5
:10BB60000E46DDE90A15521DBCF800E092B296457A
:10BB700002D20720BDE8FC81ACF8002017222A7011
:10BB8000A5F80160A5F803300522CDE900423B4647
:10BB90002A46FFF7DFFD0020ECE770B50C4615469E
:10BBA00048220021204601F0EEFB04F1080044F891
:10BBB0001C0F00204FF6FF71E06161842084A58492
:10BBC0001720E08494F82A0040F00A0084F82A0044
:10BBD00070BD4FF6FF720A800146032008F09EB840
:10BBE00030B585B00C460546FFF77FFFA18E28468D
:10BBF00029B101218DF800106946F9F7E1FF002015
:10BC0000E0622063606305B030BDB0F8400070476B
:10BC10005C00002090F84620920703D440880880FA
:10BC20000020F4E70620F2E790F846209207EED5D0
:10BC3000A0F84410EBE70146002009880A0700D568
:10BC4000012011F0F00F01D040F00200CA0501D52B
:10BC500040F004008A0501D540F008004A0501D5EE
:10BC600040F010000905D2D540F02000CFE700B524
:10BC7000034690F84600C00701D0062000BDA3F897
:10BC800042101846FFF7D7FF10F03E0F05D093F88B
:10BC9000460040F0040083F8460013F8460F40F0D9
:10BCA00001001870002000BD90F84620520700D512
:10BCB00011B1B0F84200AAE71720A8E710F8462F04
:10BCC00061F3C3020270A2E72DE9FF4F9BB00E00A3
:10BCD000DDE92B34DDE92978289D24D02878C107B7
:10BCE00003D000F03F00192801D9012100E0002114
:10BCF0002046FFF7D9FFB04215D32878410600F05F
:10BD00003F010CD41E290CD0218811F47F6F0AD179
:10BD10003A8842B1A1F57F42FF3A04D001E01229EE
:10BD200001D1000602D504201FB0C5E5FA491D98CF
:10BD30004FF0000A08718DF818A08DF83CA00FAAEA
:10BD40000A60ADF81CA0ADF850A02978994601F022
:10BD50003F02701F5B1C04F1180C4FF0060E4FF0F1
:10BD6000040BCDF858C01F2A7ED2DFE802F07D7D9B
:10BD7000107D267DAC7DF47DF37DF27DF17DF47D3B
:10BD8000F07D7D7DEF7DEE7D7D7D7D7DED0094F808
:10BD90004610B5F80100890701D5032E02D08DF8B1
:10BDA00018B01EE34FF40061ADF85010608003211D
:10BDB0008DF83C10ADF84000D4E2052EEFD1B5F877
:10BDC00001002083ADF81C00B5F80310618308B1B1
:10BDD000884201D9012079E10020A07220814FF62C
:10BDE000FF702084169801F0D1F8052089F8000032
:10BDF0000220029083460AAB1D9A16991B9801F007
:10BE0000C8F890BB9DF82E00012804D0022089F8C4
:10BE10000100102003E0012089F8010002200590B4
:10BE2000002203A90BA805F000FFE8BB9DF80C0059
:10BE3000059981423DD13988801CA1EB0B018142DB
:10BE400037DB02990220CDE900010DF12A034A46B1
:10BE500041461B98FFF77EFC02980BF1020B801CF9
:10BE600081B217AA029101E09CE228E003A90BA885
:10BE700005F0DBFE02999DF80C00CDE9000117AB3F
:10BE80004A4641461B98FFF765FC9DF80C000AAB3B
:10BE90000BEB00011FFA81FB02991D9A084480B246
:10BEA000029016991B9800E003E001F072F8002858
:10BEB000B6D0BBF1020F02D0A7F800B04FE20A20C3
:10BEC0008DF818004BE200210391072EFFF467AFB5
:10BED000B5F801002083ADF81C00B5F8032062839B
:10BEE00000283FF477AF90423FF674AF0120A07274
:10BEF000B5F8050020810020A073E06900F04EFD38
:10BF000078B9E16901208871E2694FF4205191808C
:10BF1000E1698872E16942F601000881E069002167
:10BF20008173F01F20841E98606207206084169839
:10BF300001F02CF8072089F80000012004900290FD
:10BF40000020ADF82A0028E019E29FE135E1E5E0A4
:10BF500012E2A8E080E043E00298012814D0E069F2
:10BF60008079012803D1BDF82800ADF80E000498AF
:10BF700003ABCDE900B04A4641461B98FFF7EAFB08
:10BF80000498001D80B20490BDF82A00ADF80C00A2
:10BF9000ADF80E00059880B202900AAB1D9A169972
:10BFA0001B9800F0F6FF28B902983988001D05900B
:10BFB0008142D1D20298012881D0E069807901289C
:10BFC00003D1BDF82800ADF80E00049803ABCDE90D
:10BFD00000B04A4641461B98FFF7BCFB0298BDE102
:10BFE000072E02D0152E7FF4DAAEB5F801102183AA
:10BFF000ADF81C10B5F80320628300293FF4EAAEC7
:10C0000091423FF6E7AE0121A1724FF0000BA4F878
:10C0100008B084F80EB0052E07D0C0B2691DE269E1
:10C0200005F0E4FD00287FF44AAF4FF6FF7020844E
:10C0300001A906AA14A8CDF800B081E885032878E4
:10C04000214600F03F031D9A1B98FFF79BFB824699
:10C05000208BADF81C0082E10120032EC3D14021CA
:10C06000ADF85010B5F801102183ADF81C100AAAE4
:10C07000B8F1000F00D00023CDE9020304921D980F
:10C08000CDF80480009038880022401E83B21B98AF
:10C0900001F011F88DF8180090BB0B2089F8000012
:10C0A000BDF8280035E04FF0010C052E9BD1802013
:10C0B000ADF85000B5F801102183B5F803002084D5
:10C0C000ADF81C10B0F5007F03D907208DF81800DB
:10C0D00087E140F47C4222840CA8B8F1000F00D024
:10C0E0000023CDE90330CDE9018C1D9800903888FC
:10C0F000401E83B21B9800F0DEFF8DF8180018B1C7
:10C100008328A8D10220BFE00D2189F80010BDF8D6
:10C110003000401C22E100005C000020032E04D20D
:10C1200048067FF53CAE002018E1B5F80110ADF8E7
:10C130001C102878400602D58DF83CE002E007206C
:10C140008DF83C004FF000080320CDE902081E9B4B
:10C15000CDF810801D980193A6F1030B00901FFAF3
:10C160008BF342461B9800F044FD8DF818008DF8C3
:10C170003C80297849060DD52088C00506D5208B3E
:10C18000BDF81C10884201D1C4F8248040468DF8C7
:10C190001880E3E0832801D14FF0020A4FF4807049
:10C1A000ADF85000BDF81C002083A4F820B01E9804
:10C1B0006062032060841321CDE0052EFFF4EFAD13
:10C1C000B5F80110ADF81C10A28F6AB3A2F57F4339
:10C1D000FE3B29D008228DF83C2000BF4FF0000B19
:10C1E0000523CDE9023BDDF878C0CDF810B01D9AEB
:10C1F00080B2CDF804C040F400430092B5F80320AB
:10C200001B9800F0F6FC8DF83CB04FF400718DF8EF
:10C210001800ADF85010832810D0F8B1A18FA1F507
:10C220007F40FE3807D0DCE00B228DF83C204FF633
:10C23000FE72A287D2E7A4F83CB0D2E000942B466D
:10C2400031461E9A1B98FFF784FB8DF8180008B141
:10C2500083284BD1BDF81C00208353E700942B4664
:10C2600031461E9A1B98FFF774FB8DF81800E8BB47
:10C27000E18FA06B0844831D8DE888034388828882
:10C2800001881B98FFF767FC824668E095F80180FB
:10C29000022E70D15FEA080002D0B8F1010F6AD116
:10C2A00009208DF83C0007A800908DF84080434697
:10C2B000002221461B98FFF730FC8DF842004FF01A
:10C2C000000B8DF843B050B9B8F1010F12D0B8F19E
:10C2D000000F04D1A18FA1F57F40FF380AD0A08FB5
:10C2E00040B18DF83CB04FF4806000E037E0ADF82D
:10C2F00050000DE00FA91B98F9F762FC82468DF8FB
:10C300003CB04FF48060ADF85000BAF1020F06D097
:10C31000FC480068C07928B18DF8180027E0A4F81F
:10C32000188044E0BAF1000F03D081208DF8180086
:10C330003DE007A800904346012221461B98FFF7E5
:10C34000ECFB8DF8180021461B98FFF7CEFB9DF8FB
:10C35000180020B9192189F80010012038809DF8B3
:10C360003C0020B10FA91B98F9F72AFC8246BAF1CC
:10C37000000F33D01BE018E08DF818E031E0207892
:10C38000000712D5012E10D10A208DF83C00E0885C
:10C39000ADF8400003201B9907F0C0FC0820ADF861
:10C3A0005000C0E648067FF5FAAC4FF0040A20883A
:10C3B000BDF8501008432080BDF8500080050BD513
:10C3C000A18FA1F57F40FE3806D11E98E062289823
:10C3D0002063A6864FF0030A5046A5E49DF8180096
:10C3E00078B1012089F80000297889F80110BDF89A
:10C3F0001C10A9F802109DF8181089F804100520E7
:10C4000038802088BDF8501088432080E4E72DE96B
:10C41000FF4F8846087895B0012181404FF209000E
:10C42000249C0140ADF820102088DDF88890A0F50C
:10C430007F424FF0000AFF3A06D039B1000705D518
:10C44000012019B0BDE8F08F0820FAE7239E4FF0D5
:10C45000000B0EA886F800B018995D460988ADF863
:10C460003410A8498DF81CB0179A0A718DF838B0AD
:10C47000086098F8000001283BD0022809D0032862
:10C480006FD1307820F03F001D303070B8F80400D4
:10C49000E08098F800100320022904D1317821F0BF
:10C4A0003F011B31317094F84610090759D505AB8F
:10C4B000B9F1000F13D0002102AA82E80B00072077
:10C4C000CDE90009BDF83400B8F80410C01E83B2ED
:10C4D0000022159800F0EFFD0028D1D101E0F11CF9
:10C4E000EAE7B8F80400A6F80100BDF81400C01C83
:10C4F00004E198F805108DF81C1098F80400012844
:10C5000006D04FF4007A02282CD00328B8D16CE171
:10C510002188B8F8080011F40061ADF8201020D08F
:10C5200017281CD3B4F84010814218D3B4F8441033
:10C53000172901D3814212D1317821F03F01C91C62
:10C540003170A6F801000321ADF83410A4F84400BE
:10C5500094F8460020F0020084F8460065E10525C5
:10C560007EE177E1208808F1080700F4FE60ADF86D
:10C57000200010F0F00F1BD010F0C00F03D038884F
:10C58000228B9042EBD199B9B878C00710D0B96826
:10C590000720CDE902B1CDF804B00090CDF810B07D
:10C5A000FB88BA883988159800F023FB0028D6D17B
:10C5B0002398BDF82010401C80294ED006DC10299D
:10C5C0000DD020290BD0402987D124E0B1F5807F00
:10C5D0006ED051457ED0B1F5806F97D1DEE0C806B0
:10C5E00001D5082000E0102082460DA907AA0520E9
:10C5F000CDE902218DF83800ADF83CB0CDE90496C4
:10C6000008A93888CDE9000153460722214615982C
:10C61000FFF7B8F8A8E09DF81C2001214FF00A0AA6
:10C62000002A9BD105ABB9F1000F00D00020CDE965
:10C6300002100720CDE90009BDF834000493401E24
:10C6400083B2218B0022159800F035FD8DF81C0077
:10C650000B203070BDF8140020E09DF81C20012153
:10C660004FF00C0A002A22D113ABB9F1000F00D011
:10C670000020CDE902100720CDE900090493BDF8A0
:10C680003400228C401E83B2218B159800F013FDDC
:10C690008DF81C000D203070BDF84C00401CADF82A
:10C6A000340005208DF83800208BADF83C00BCE04C
:10C6B0003888218B88427FF452AF9DF81C004FF0E0
:10C6C000120A00281CD1606AA8B1B878C0073FF4EC
:10C6D00046AF00E018E0BA680720CDE902B2CDF815
:10C6E00004B00090CDF810B0FB88BA88159800F01F
:10C6F00080FA8DF81C00132030700120ADF8340052
:10C7000093E000005C0000203988208B8142D2D168
:10C710009DF81C004FF0160A0028A06B08D0E0B36B
:10C720004FF6FF7000215F46ADF808B0019027E09A
:10C7300068B1B978C907BED1E18F0DAB0844821D3D
:10C7400003968DE80C0243888288018809E0B87856
:10C75000C007BCD0BA680DAB03968DE80C02BB884D
:10C76000FA881598FFF7F7F905005ED0072D72D00B
:10C7700076E0019005AA02A92046FFF72DF90146AF
:10C78000E28FBDF80800824201D00029F1D0E08F8D
:10C79000A16B084407800198E08746E09DF81C00E3
:10C7A0004FF0180A40B1208BC8B138882083214649
:10C7B0001598FFF79AF938E004F118000090237EED
:10C7C000012221461598FFF7A8F98DF81C000028D2
:10C7D000EDD1192030700120ADF83400E7E70525D0
:10C7E00021461598FFF781F93AE0208800F400709F
:10C7F000ADF8200050452DD1A08FA0F57F41FE3926
:10C8000001D006252CE0D8F808004FF0160A48B1F0
:10C81000A063B8F80C10A1874FF6FF71E187A0F86C
:10C8200000B002E04FF6FF70A087BDF8200030F4A2
:10C830007F611AD0782300220320159907F0C4F9EC
:10C8400098F8000020712088BDF82010084320804F
:10C850000EE000E007252088BDF8201088432080E6
:10C86000208810F47F6F1CD03AE02188814321801A
:10C870009DF8380020B10EA91598F9F7A1F90546E1
:10C880009DF81C000028EBD086F801A00120307034
:10C89000208B70809DF81C0030710520ADF83400AD
:10C8A000DEE7A18EE1B118980DAB0088ADF8340039
:10C8B0002398CDE90304CDE90139206B0090E36AA8
:10C8C000179A1598FFF700FA054601208DF83800F1
:10C8D0000EA91598F9F774F900B10546A4F834B01B
:10C8E00094F8460040070AD52046FFF7A4F910F057
:10C8F0003E0F04D114F8460F20F004002070189861
:10C90000BDF83410018028469BE500B585B00328AA
:10C9100006D102208DF8000088B26946F9F750F977
:10C9200005B000BD10B5384C0B782268012B02D041
:10C93000022B2AD111E013780BB1052B01D104236E
:10C94000137023688A889A802268CB88D3802268F3
:10C950000B891381498951810DE08B88938022686E
:10C96000CB88D38022680B8913814B8953818B89B3
:10C970009381096911612168F9F722F92268002180
:10C980000228117003D0002800D0812010BD832020
:10C9900010BD806B002800D00120704781780129EC
:10C9A00009D10088B0F5205F03D042F6010188422A
:10C9B00001D10020704707207047F0B587B00024F0
:10C9C00015460E460746ADF8184011E00598008858
:10C9D000288005980194811DCDE902410721049426
:10C9E0000091838842880188384600F002F930B906
:10C9F00005AA06A93046FEF7EFFF0028E6D00A2870
:10CA000000D1002007B0F0BD5C00002010B58B788D
:10CA100083B102789A4205D10B885BB102E08B7931
:10CA2000091D4BB18B789A42F9D1B0F801300C88CE
:10CA3000A342F4D1002010BD812010BD072826D0CC
:10CA400012B1012A27D103E0497801F0070102E081
:10CA50004978C1F3C20105291DD2DFE801F00318AE
:10CA6000080C12000AB10320704702207047042806
:10CA70000DD250B10DE0052809D2801E022808D33E
:10CA800003E0062803D0032803D0052070470020C8
:10CA900070470F20704781207047C0B282060BD4C8
:10CAA000000607D5FA48807A4143C01D01EBD0004B
:10CAB00080B27047084670470020704770B51388F1
:10CAC0000B800B781C0625D5F14CA47A844204D83F
:10CAD00043F010000870002070BD956800F0070654
:10CAE00005EBD0052D78F54065F304130B70137832
:10CAF000D17803F0030341EA032140F20123B1FBA3
:10CB0000F3F503FB15119268E41D00FB012000EB17
:10CB1000D40070BD906870BD37B51446BDF80410E0
:10CB20001180117841F0040111709DF804100A067B
:10CB30001ED5D74AA368C1F30011927A824208D861
:10CB4000FE2811D1D21DD2084942184600F01BFC24
:10CB50000AE003EBD00200F00703012510789D40A6
:10CB6000A843994008431070207820F010002070EE
:10CB70003EBD2DE9F0410746C81C0E4620F00300DB
:10CB8000B04202D08620BDE8F081C14D002034467D
:10CB90002E60AF802881AA72E8801AE0E988491CDB
:10CBA000E980810614D4E17800F0030041EA002016
:10CBB00040F20121B0FBF1F201FB12012068FFF706
:10CBC0006CFF2989084480B22881381A3044A0605B
:10CBD0000C3420784107E1D40020D4E7AC4801228E
:10CBE0000189C08800EB400002EB8000084480B25D
:10CBF00070472DE9FF4F89B01646DDE9168A0F46CA
:10CC0000994623F44045084600F054FB040002D046
:10CC10002078400703D401200DB0BDE8F08F0998BB
:10CC200003F016FA02902078000606D59848817A1B
:10CC30000298814201D88720EEE7224601A9029896
:10CC4000FFF73CFF834600208DF80C004046B8F10A
:10CC5000070F1AD001222146FFF7F0FE0028DBD192
:10CC60002078400611D502208DF80C00ADF8107028
:10CC7000BDF80400ADF81200ADF814601898ADF8D6
:10CC80001650CDF81CA0ADF818005FEA094004D595
:10CC900000252E46A84601270CE02178E07801F017
:10CCA000030140EA012040F20121B0FBF1F280468D
:10CCB00001FB12875FEA494009D5B84507D1A17841
:10CCC000207901F0030140EA0120B04201D3BE42C5
:10CCD00001D90720A0E7A8191FFA80F9B94501D9A1
:10CCE0000D2099E79DF80C0028B103A90998F8F7E1
:10CCF00065FF002890D1B84507D1A0784FEA1921E7
:10CD000061F30100A07084F804901A9800B10580C6
:10CD1000199850EA0A0027D0199830B10BEB060099
:10CD20002A46199900F005FB0EE00BEB0608574662
:10CD3000189E099803F0F5FA2B46F61DB5B2394650
:10CD40004246009502F0F1FE224601A90298FFF743
:10CD5000B5FE9DF80400224620F010008DF8040076
:10CD6000DDE90110FFF7D8FE002055E72DE9FF4F60
:10CD7000DFF81C91824685B0B9F80610D9F800009A
:10CD800001EB410100EB810440F20120B2FBF0F124
:10CD9000174600FB1175DDE9138B4E4629460698B0
:10CDA000FFF77BFE0346FFF719FF1844B1880C30EC
:10CDB000884202D9842009B02FE70698C6B230060F
:10CDC00003D5B00601D50620F5E7B9F80620521CB8
:10CDD00092B2A9F80620BBF1000F01D0ABF80020F9
:10CDE000B00602D5C4F808800AE0B9F808201A4451
:10CDF00092B2A9F80820D9F80000891A0844A06066
:10CE00002246FE200699FFF787FEE77025712078FD
:10CE1000390A61F301002A0AA17840F0040062F3A4
:10CE20000101A17020709AF802006071BAF8000048
:10CE3000E08000252573300602D599F80A7000E0DD
:10CE40000127B00601D54FF000084E4600244FF0F0
:10CE500007090FE0CDE902580195CDF8009004953F
:10CE6000F1882046129B089AFFF7C3FE0028A2D142
:10CE7000641CE4B2BC42EDD300209CE700B5FFF790
:10CE8000ADFE03490C308A88904203D9842000BD4E
:10CE900098050020CA88086802EB420300EB830073
:10CEA000521C037823F004030370CA80002101732D
:10CEB0000846ECE72DE9F047804600F0FBF9070053
:10CEC00005D000264446F74D40F2012916E0012026
:10CED000BDE8F087204600F0EDF90278C17802F055
:10CEE000030241EA0222B2FBF9F309FB13210068B5
:10CEF000FFF7D3FD3044641C86B2A4B2E988601EFB
:10CF00008142E7DCA8F10100E8802889801B2881A4
:10CF100000203870DCE710B5144631B1491E21807D
:10CF200003F096F8A070002010BD012010BD70B570
:10CF30000446DC48C188036801E0401C208020884A
:10CF4000884207D200EB400213EB820202D0157830
:10CF50006D07F2D580B2884216D2AAB15079A0727C
:10CF6000D08820819178107901F0030140EA0120F6
:10CF7000A081A078E11CFFF7A1FD20612088401C62
:10CF80002080E080002070BD0A2070BD0121018258
:10CF900070472DE9FF4F85B04FF6FF798246A3F821
:10CFA000009048681E460D4680788DF80600486857
:10CFB0000088ADF8040000208DF80A00088A0C886B
:10CFC000A04200D304462C8251E03878400708D4B0
:10CFD000641C288AA4B2401C288208F10100C0B257
:10CFE00046E0288A401C2882781D6968FFF70EFDFC
:10CFF000D8BB3188494501D1601E30803188A1EB12
:10D00000080030806888A04238D3B878397900F0B9
:10D01000030041EA002801A9781DFFF7F7FC20BBB7
:10D02000298949452ED0002239460798FFF706FD89
:10D03000D8B92989414518D1E9680391B5F80AC0E2
:10D04000D7F808B05046CDF800C003F06AF9DDF813
:10D0500000C05A460CF1070C1FFA8CFC434603999A
:10D06000CDF800C002F02BFD60B1641CA4B200201A
:10D070008046204600F01EF90700A6D1641E2C82CF
:10D080000A2098E674807879B071F888B080397891
:10D09000F87801F0030140EA01207081A6F80C80C5
:10D0A000504602F0D5FF3A4606F10801FFF706FDAB
:10D0B000306100207FE62DE9FF4F87B081461C4696
:10D0C0009246DDF860B0DDF85480089800F0F2F880
:10D0D000050002D02878400702D401200BB09CE55F
:10D0E000484602F0B5FF2978090605D56D49897AC9
:10D0F000814201D88720F1E7CAF309062A4601A92F
:10D10000FFF7DCFC0746149807281CD000222946AC
:10D11000FFF794FC0028E1D12878400613D50120C0
:10D120008DF808000898ADF80C00BDF80400ADF8C3
:10D130000E00ADF81060ADF8124002A94846F8F7AD
:10D140003DFD0028CAD12978E87801F0030140EAC2
:10D150000121AA78287902F0030240EA022056450C
:10D1600007D0B1F5007F04D9611E814201DD0B209B
:10D17000B4E7864201D90720B0E7801B85B2A542FB
:10D1800000D92546BBF1000F01D0ABF8005017982D
:10D1900018B1B9192A4600F0CCF8B8F1000F0DD03B
:10D1A0003E4448464446169F03F0CDF82146FF1DF5
:10D1B000BCB232462B46009402F0EBFC00208DE717
:10D1C0002DE9F04107461D461646084600F072F864
:10D1D000040002D02078400701D40120D3E438466F
:10D1E00002F036FF2178090605D52E49897A814259
:10D1F00001D88720C7E422463146FFF75FFC65B1BE
:10D200002178E07801F0030140EA0120B0F5007FC9
:10D2100001D8012000E0002028700020B3E42DE9AF
:10D22000F04107461D461646084600F043F8040044
:10D2300002D02078400701D40120A4E4384602F04F
:10D2400007FF2178090605D51649897A814201D858
:10D25000872098E422463146FFF75EFCFF2D14D06C
:10D260002178E07801F0030240EA022040F2012236
:10D27000B0FBF2F302FB130015B900F2012080B2FB
:10D28000E070000A60F30101217000207BE410B51A
:10D290000C4600F00FF810B10178490704D40120C2
:10D2A00010BD000098050020C18821804079A07041
:10D2B0000020F5E70749CA88824209D340B10968CE
:10D2C00000EB40006FF00B0202EB80000844704757
:10D2D000002070479805002070B504460D46214691
:10D2E0002B460AB9002070BD01E0491C5B1C501E92
:10D2F000021E03D008781E78B042F6D008781E7857
:10D30000801BF0E730B50C4601462346051B9542CD
:10D3100006D202E0521E9D5C8D54002AFAD107E02D
:10D3200004E01D780D70491C5B1C521E002AF8D1C8
:10D3300030BDF0B50E460146334680EA030404F0E2
:10D340000304B4B906E002B9F0BD13F8017B01F89B
:10D35000017B521E01F00307002FF4D10C461D463D
:10D3600002E080CD80C4121F042AFAD221462B4647
:10D3700000BF04E013F8014B01F8014B521E002AD4
:10D38000F8D100BFE0E7F0B50C460146E6B204E094
:10D3900002B9F0BD01F8016B521E01F00307002F26
:10D3A000F6D10B46E5B245EA052545EA054501E01B
:10D3B00020C3121F042AFBD2194602E001F8016BB8
:10D3C000521E002AFAD100BFE3E710B506F0F7FEBF
:10D3D000FAF792F906F09CFDBDE8104006F02EBE6B
:10D3E000202801D2012070470020704701224FF011
:10D3F000A043824011B1C3F80C257047C3F808253B
:10D4000070474FF0A04101228240C1F818257047B3
:10D4100070B50346002002466FF02F050EE09C5CBD
:10D42000A4F130060A2E02D34FF0FF3070BD00EB9E
:10D43000800005EB4000521C2044D2B28A42EED359
:10D4400070BD30B50A230BE0B0FBF3F403FB14040A
:10D45000B0FBF3F08D183034521E05F8014CD2B2F7
:10D46000002AF1D130BD30B500234FF6FF7510E032
:10D47000040A44EA002084B2C85C6040C0F303148C
:10D48000604005EA00344440E0B25B1C84EA40108E
:10D490009BB29342ECD330BDF94A137882F88B30BB
:10D4A000A2F88C0082F88A10012082F8880092F895
:10D4B000640008B192F8600082F88E00704710B5E1
:10D4C0000B46114658B11846FFF7E6FFED48806855
:10D4D000008802F026FFBDE8104002F0CDBBBDE899
:10D4E00010404FF6FF70D7E770B50026044646702F
:10D4F000E44D1120207029682022A01C6831FFF71C
:10D5000018FF0121A171286800F8666F8078002853
:10D5100011D1DB48B0F86A20A0F89220AA68537BAA
:10D5200080F8943080F89010108802F0FAFEBDE880
:10D53000704002F0B0BB70BD70B5D24D296891F853
:10D5400096200024012A11D091F89020012A1CD0A5
:10D5500091F86620012A22D091F88820012A21D052
:10D5600091F8A020012A2ED0002070BD447017220F
:10D57000027051F8972FC0F802204A68C0F80620C0
:10D580000A7A827201F8014C1BE044700522027095
:10D59000D1F89220C0F8022081F8904011E0FFF706
:10D5A000A3FF0EE091F86620012AF8D044701422FF
:10D5B000027051F88A2FC0F802208A88C28001F8D0
:10D5C000024C012070BD44701A2200F8022B222266
:10D5D000A131FFF7AEFE286880F8A040F1E7A94826
:10D5E000006890F8661011B1B0F86A0070474FF605
:10D5F000FF70704770B5A34C206800B9FFDF20684A
:10D60000417811B10C25284670BD0025C422294659
:10D61000FFF7B9FE2168FF2008707F2081F83700EE
:10D6200013204884282081F86500012081F85C00DF
:10D63000002081F85F0007F0AFF906F091FCE2E707
:10D6400070B5904C0546206800B9FFDF21680020C6
:10D6500048706560FFF7CEFF002800D0FFDF70BD87
:10D66000884909680978814201D10120704700206A
:10D670007047844800B5016891F82400498CC0F3D4
:10D680008002C0F340031A4400F001001044132943
:10D6900015D004DC102909D0122904D10FE0152976
:10D6A00008D01D2904D0FFDF002000BD764903E02B
:10D6B000764800BD7449083131F8100000BD724948
:10D6C0000839F9E76F4840F271210068806A4843E1
:10D6D00070476C48006890F83600002800D00120A0
:10D6E000704710B5664C207B00F074FD40B1207D82
:10D6F00004F115010BF034FB082801D0012010BD06
:10D70000207B30B1022804D00120BDE8104007F092
:10D71000A6BC0020F9E75A490873704759490968BF
:10D7200081F83000704770B50646554890F82D00D6
:10D730000BF0A4FA050018D010210BF076FD00289C
:10D7400013D1504C012032462168C87628461C313E
:10D7500007F092FCD4E900101C310BF0BFFF6068A9
:10D76000BDE8704001210BF0C8BF70BD2DE9F0414C
:10D77000434C074694F82D000BF0FDFA064694F84A
:10D780002F0004F10E0528B126B194F82D000BF0FE
:10D7900018FAA0B194F83000002824D094F82E0094
:10D7A000002820D0607B294600F025FDA8B10BF0B1
:10D7B0008AFB3A462946BDE8F04107F05DBC0120EE
:10D7C00060733A462946304607F056FC94F82D100F
:10D7D0002846BDE8F0410BF065BB39462846BDE858
:10D7E000F04107F07EBCBDE8F08170B5254C2168A2
:10D7F000087BB0B1022814D0012048730E3107F025
:10D8000018FC2068007B00F0E5FC216881F82F00FF
:10D81000082081F82D00487B0E3100F0E3FC40B970
:10D8200001E00020E9E72168487B0E3100F0E3FCCD
:10D8300000B10120216881F82E0091F82F0018B95D
:10D8400091F82200400706D5087D15310BF088FAC3
:10D85000216881F82D0020680025456004F0ADFDA9
:10D86000216888600020FFF781FF2068C57690F866
:10D87000220040070CD5BDE87040002053E70000AF
:10D88000A405002064000020A0B101008F891300CE
:10D8900070BDFB4A1268137B0370D2F80E0008605B
:10D8A000508A8880704778B5F6490446F44D407B2D
:10D8B00008732A68207810706088ADF8000080B284
:10D8C00000F00101C0F3400341EA4301C0F38003CB
:10D8D00041EA8301C0F3C00341EAC301C0F300136E
:10D8E00041EA0311C0F3401341EA4311C0F3801031
:10D8F00041EA80105084E07D012825D0022825D0FF
:10D90000FFDF286880F85E60217B80F82410418C5E
:10D910001D291DD061688162617D80F83610A17B70
:10D92000C1B1022916D00121017554F80F1FC0F8AA
:10D930001510A188A0F81910217B012900D0002121
:10D9400080F83410002078BD0126DAE70226D8E7F7
:10D950000021E0E70021E7E7C948006890F82200CD
:10D96000C0F38000704700B5FFF7F6FF08B1002054
:10D9700000BD1F2000BD00B5FFF7F5FF002800D057
:10D98000012000BDBE49002209680A664B8C1D2B90
:10D9900002D081F86400704781F864207047B84A6B
:10D9A0000023126882F85D3042F84C1F90800120FD
:10D9B00050747047B24A0023126882F85C30A2F8B3
:10D9C000580042F8541F012010727047AC49096892
:10D9D00081F835007047AA49096881F85F007047EF
:10D9E000A748006890F95F007047A548006890F864
:10D9F000220000F001007047A148006890F8220062
:10DA0000C0F340007047002070479D48006890F8C0
:10DA10002200C0F3C000704701207047012070470A
:10DA20000120704770B500F0FAFB954C2068016E3C
:10DA3000491C016690F83300002530B106F0ACFFB8
:10DA400006F08EFA206880F833502068457090F810
:10DA5000381009B102201AE090F86410B1B1006EDC
:10DA6000814213D8022007F095FF206890F8220029
:10DA7000C00704D0A06843220188012003E04322AC
:10DA80004FF6FF710020BDE8704018E50020BDE8AA
:10DA9000704007F07FBF10B501280DD002280DD0CF
:10DAA00004280FD0FFDF7648006890F85E10BDE8CC
:10DAB0001040252006F0FEBB252000E0262006F0C1
:10DAC000D3FCF0E72720FAE702460020D30701D075
:10DAD000CB0705D0930705D58B0703D402207047E9
:10DAE000012070475207FCD54907FAD4042070473B
:10DAF0002DE9F041624C86B0206800B9FFDF206854
:10DB00004178E9BB0178FF2942D0002580F83150E7
:10DB1000A0F85A50857080F83850284606F09EFECE
:10DB2000182259496846FFF704FC684606F08AFE49
:10DB300006F0CCFB206890F95F0006F085FC5248A7
:10DB40001D3806F087FC5048203806F06CFE6068EF
:10DB500006F087FE2068002190F82400FFF7B4FF4C
:10DB6000FFF799FF206880F82C5006F071FE2068BE
:10DB700090F85E10002006F030FD0F21052000E037
:10DB800006E006F038FC206890F82E1051B902E04B
:10DB90000C2006B027E690F82F1019B990F8220053
:10DBA00040072BD504F009FC804620684146806878
:10DBB00005F004F9354F064690FBF7F007FB1060BF
:10DBC0004142404604F0CDF82168886096FBF7F0AA
:10DBD0004A68104448600BF0BFF821684A689042D8
:10DBE0000CD8C1E901580120FFF7C0FD206890F86A
:10DBF0002200400702D50120FFF795FD2068417BF8
:10DC00000E3006F0EAFB206890F85C1039B1B0F8ED
:10DC10005810A0F84810416D416480F85C5090F8AD
:10DC20005D1041B1B0F85010A0F84010C16C40F840
:10DC30003C1F80F821500BF0FCF8032160680BF0CA
:10DC40002FF9216881F833000020A2E70C49886091
:10DC500070472DE9F0410A4C0746002620683146FE
:10DC6000C57E6068068000F0D1FA2068408C1328D9
:10DC700040D00DDC102861D012280DD15CE00000EE
:10DC800064000020A4050020B0B1010040420F0054
:10DC9000152838D01D2836D0FFDF00BF00F0CAFAA3
:10DCA0002068418C1D2907D0152905D0B0F84820DF
:10DCB000416C60680BF028FD206890F82C1090F8FB
:10DCC0002400FFF701FF05463FB1FFF7E4FE012204
:10DCD0004FF49671002006F01EFD206890F82C107D
:10DCE000294380F82C1090F824208A434FF001013A
:10DCF00029D02DE0002160680BF0C4FC0121606890
:10DD000000F084FACAE7012160680BF0BBFC012136
:10DD1000606800F07BFAD4E9001025B11C310BF0EB
:10DD2000DDFC012104E015310BF0D8FC2068017DF9
:10DD300060680BF0E2FCB1E7062100E002216068B8
:10DD40000BF0A0FCAAE7428C1D2A0BD080F8311002
:10DD50004170418C13290ED007DC10290AD01229FA
:10DD600007D108E080F82C60F2E7152903D01D29BF
:10DD700001D0FFDF37E590F85E20BDE8F0410121DA
:10DD8000084606F05ABEF84810B50068417841B917
:10DD90000078FF2805D00021084600F059FA00203D
:10DDA00010BD00F03CFA0C2010BD2DE9F041EE4D05
:10DDB0000446174628680E4690F8660000B1FFDF5B
:10DDC0002968002F81F868704ED12088A1F86A0078
:10DDD0006088A1F88000A088A1F88200E088A1F8FE
:10DDE000840094F88C0181F8860091F82F0020B10E
:10DDF000487B0E3100F0FFF940B9296891F83000F6
:10DE000060B1487B0E3100F0EDF938B12868D0F8E8
:10DE10000E104167418AA0F8781003E02868476730
:10DE2000A0F878706968FF2E0878C0F380106076DB
:10DE3000D1F80300C4F81A00B1F80710E18314D038
:10DE4000296801F16E02C1F87A00E08BA1F87E002A
:10DE500030466D310AF099FF00B9FFDF286810F8ED
:10DE60006D1F41F002010170BDE42868C0F87A70AE
:10DE7000A0F87E70617E80F86D10D4F81A1040F81A
:10DE80006E1FE18B8180AEE470B5FFF7BEFDB64C2E
:10DE9000012538B13C22FF21A068FFF786FF2068EA
:10DEA00080F86650206890F82200C00704D0A0686F
:10DEB0003C220188012003E03C224FF6FF71002044
:10DEC000FFF7FDFA206880F8385070BDA649096850
:10DED00081F83200704770B5002507F0BAFC50B1E8
:10DEE000A14C20684178012908D0022901D00329DA
:10DEF00036D0FFDF70BDBDE8704093E58178002922
:10DF0000F8D1418C102913D090F8330020B106F0DD
:10DF100019F8402006F02DFD206890F822104907DE
:10DF200010D490F83610012904D0032902D002E061
:10DF3000002119E0102590F85E2045F00E01002028
:10DF400006F07BFD206890F8340008B106F054FD1F
:10DF50000021962006F0B1FC21680220487070BDB7
:10DF600081780029FBD18178BDE87040012000F064
:10DF70006FB957E510B57C4C206890F8340008B1B3
:10DF800000F07AF9206890F8330018B106F004FD2B
:10DF900005F0E6FF07F05DFC88B1206840780228B4
:10DFA00000D0FFDF0021012000F052F92068417805
:10DFB000002903D04078012800D0FFDF10BDBDE864
:10DFC00010402FE510B50AF0CBFE04460AF07DFFA5
:10DFD00038B120460AF052FE18B110210BF025F995
:10DFE00008B1002010BD012010BD2DE9F047DFF879
:10DFF00078910E460746032809D0FFF7F6FC044641
:10E00000D9F8000090F8320020B1012003E0FFF7BA
:10E01000F3FC04460020804606F018FA0546032F5C
:10E020002BD0012734EA080453D0D9F800004C461D
:10E0300090F8330068B10AF0E2FE30700146FF2824
:10E0400007D06068C01C0AF0B7FE30780AF0E1FE25
:10E05000054360680178C1F3801221680B7D9A4204
:10E0600005D10622C01C1531FFF736F938B1002062
:10E070003178FF290BD0D8B903E00227D2E701207D
:10E08000F6E7206890F82D00884211D008E038B1FA
:10E09000616811F8030BC0F38010FFF793FF38B1EC
:10E0A0000020216891F82210490703D5A0B910E09B
:10E0B0000120F6E785B92D4890F8360008B1B8423E
:10E0C00007D1616811F8030BC0F38010FFF77AFFE6
:10E0D00010B10020BDE8F0870120FBE7F8B5224C25
:10E0E0000746002520684078022800D0FFDF20681E
:10E0F00090F8340008B100F0BFF860680BF0E4FA63
:10E1000006460FB306F073F9F0B1052E1DD1606815
:10E1100090F8240000F01F00102816D9206890F80D
:10E12000350090B1FF208DF80000012569460520DB
:10E13000FFF75BFF40B1206880F8A05061682222A1
:10E14000A130C91CFFF7F5F815E060680BF0FCFA88
:10E1500088B1062E0FD2DFE806F00E0E0E030E0B6E
:10E1600000F0CDF806E0000064000020A4050020C7
:10E1700000F091F800B90125206890F8330018B13B
:10E1800006F00AFC05F0ECFE1DB10021012000F0B4
:10E190005FF820684178002906D04178012903D032
:10E1A0004078032800D0FFDFF8BD70B59F4E0546CC
:10E1B0000C463068807800280BD106F02FF8034613
:10E1C0003068214690F85E202846BDE8704007F090
:10E1D000C1BD70BD022803D0032801D000207047C4
:10E1E00001207047012802D14879800901D0002020
:10E1F000704701207047012806D148790121B1EB11
:10E20000901F01D101207047002070470278202321
:10E2100022F0200203EA41110A430270704710B550
:10E2200006F09AFB06F079FB06F0C8FABDE810404C
:10E2300006F0FFBA10B57D4C7D4960680BF048FAD6
:10E240007B480E38417B6068BDE810400BF04CBA4B
:10E25000764A10B5126892F831303BB1508C1D28C7
:10E2600000D1FFDFBDE81040FFF7DCBB002902D181
:10E27000BDE81040EDE410BD10B56C4C206837309F
:10E2800006F0C5FB18B921687F2081F83700BDE88A
:10E29000104006F0A7BB38B5FF208DF8000001251F
:10E2A00069460520FFF7A1FE30B3604C20688078F6
:10E2B00008BB6268A0681278417BC2F3401211402B
:10E2C0004173012100F04AF800229DF80010A06877
:10E2D000FFF76BFD2068012100F8661F82788188B6
:10E2E0000120FFF7ECF8216800204870FFF797FF46
:10E2F000012007F04FFB00E00025284638BD38B567
:10E30000FF208DF80000012569460320FFF76DFE10
:10E31000464C002820681CD090F8341031B190F899
:10E32000960018B99DF8000000F04CF860680021D4
:10E33000018004210BF0A6F9FFF77CFF2068B0F8FC
:10E340004020C16B60680BF0EFF921680320487032
:10E3500002E0807800B90025284638BD70B5334DFD
:10E360000446686850F80F2FC4F80E208288628235
:10E3700082792275C27962750289E282428962805D
:10E380008289A280C289E2800269A260027D227332
:10E39000427D02F01F022276407D400984F88C0104
:10E3A00084F8641084F86510002104F130000BF04B
:10E3B0002AFB286890F8651004F8661F90F85F0043
:10E3C000607070BD70B5194C0122216881F89620EB
:10E3D0000A7881F89720FF280DD001F19902983131
:10E3E0000AF0D3FC00B9FFDF206810F8981F41F055
:10E3F000020101700CE060680278C2F3801281F8BB
:10E400009820D0F8032041F8992FB0F807008880B1
:10E41000256895F837009F357F2800D1FFDF2068F9
:10E4200010F8371F29707F21017070BD6400002033
:10E43000B20500202DE9FC470C460646694600F06F
:10E4400010FF002860D1FFF7CAF8B0425CD0214627
:10E45000304608F0DEFF28BB019D95F82C01703591
:10E4600018B9287F08B1012000E00020814695F806
:10E4700039004FF000084FF0010AA0B195F83A00BA
:10E48000800710D584F8018084F800A084F8028009
:10E49000A68095F83B10A171A98F2181E98F618138
:10E4A00085F839802DE0304601F04DFF070000D19E
:10E4B000FFDF384601F06DF940B184F801800D218D
:10E4C0002170A680E08084F802A01AE0304601F0B6
:10E4D00028FF070000D1FFDFB9F1000F14D0384644
:10E4E00001F0AFF980B1304606F01EFD84F80180DE
:10E4F0000A21217084F80280A680697FA17185F8C5
:10E500001C800120BDE8FC870020FBE71CB56946A4
:10E5100000F0A7FE00B1FFDF684600F0AFFEF9494A
:10E5200000208968A1F8F2001CBD2DE9FC410446D9
:10E530000E46062001F06EFD00250746A84606445B
:10E5400017E02088401C80B22080B04202D34046B1
:10E55000A4F8008080B2B84204D3B04202D20020B6
:10E56000BDE8FC81694600F07CFE0028F8D06D1CF7
:10E57000EDB2AE42E5D84FF6FF7020801220EFE7F3
:10E5800010B506F043FD0AF026FBDF484FF6FF7199
:10E5900000234182818203701B2141804FF4A472C9
:10E5A0008280C180028103228275C2758272042436
:10E5B000C4728181C1810282837610BD70B5D14C55
:10E5C0000D466060217006F0ADFC00F063FEFFF7C1
:10E5D000D7FF207809F09EFD284607F04DFACA487B
:10E5E0002838FFF72DF82178606808F0F6FFBDE8BD
:10E5F00070400AF0F0BA10B501240AB1002010BD35
:10E6000021B1012903D00024204610BD02210BF0C6
:10E61000CBF8F9E7887800B90320C97801B903215C
:10E62000107019700020704730B587B0044600881C
:10E63000694600F016FE002806D1A08830B10128F6
:10E6400004D0022802D0122007B030BD05AB04AAC6
:10E6500021466846FFF7DEFF0400F5D1019901204D
:10E6600081F8C501019991F81012002539B9019975
:10E6700091F8C41119B9019991F8971009B13A2488
:10E6800015E00199039581F8C40101989DF81020C7
:10E6900080F8C621019B9DF8140083F8C7018DF80E
:10E6A0000C208DF80D0003AA01200AF0F4FE019859
:10E6B00080F8C5512046C7E710B504460020A17870
:10E6C00001B90120E2780AB940F0020000F0F6FD3D
:10E6D000002803D12046BDE81040A5E710BD70B565
:10E6E0000D4604460189002380880AF0C9FE696A44
:10E6F00081421DD2401A401CA1884008091A8AB2E2
:10E70000A2802189081A2081668895F86410104635
:10E710000AF08DFE864200D230466080E68895F889
:10E72000651020890AF083FE864200D23046E080E0
:10E7300070BDF0B585B00D46064603A900F091FD09
:10E7400000282AD104990022FB20B1F84E30FB2B7F
:10E7500000D30346B1F85040FB20FB2C00D3044605
:10E76000DFF8A8C19CE8811000900197CDF808C09F
:10E77000ADF80230ADF806406846FFF7B0FF6E8096
:10E78000BDF80400E880BDF808006881BDF802000B
:10E79000A880BDF806002881002005B0F0BD2DE955
:10E7A000F04186B004460088694600F05AFD002812
:10E7B00059D12189E08800F09BFD002853D1A18820
:10E7C000608800F095FD00284DD12189E08800F097
:10E7D00085FD002847D1A188608800F07FFD0600F4
:10E7E00041D1208802A9FFF7A4FF00B1FFDFBDF8E7
:10E7F000101062880920914235D3BDF80C10E288D0
:10E80000914230D3BDF81210BDF80E202389114477
:10E81000A2881A44914226D3019D01274FF0000897
:10E8200085F8BB71019890F8FC0105F5DD7508B11C
:10E830003A2615E0E08868806088E880218940F603
:10E840004800814200D30146A980A188814200D2BC
:10E8500008462881002228460199FFF740FF2F70C3
:10E8600085F80180304606B0BDE8F08197E710B525
:10E870000446FEF761FE002813D0207814280FD13B
:10E88000A07868B1A088062101F018FC40B100888A
:10E8900006F04AFBA088062101F022FC00B1FFDF50
:10E8A000012010BD2DE9F041060000D1FFDF164820
:10E8B000022114308046FFF738FE00B1FFDF124C12
:10E8C0000620A78A01F0A6FB0546A08AA84203D12C
:10E8D0003046FFF7CCFF20B9A08A3146FFF7AAFDEA
:10E8E00030B1304600F012FD0028EED10120BBE728
:10E8F00002214046FFF719FE10B9A08AB842E4D1C0
:10E900000020B1E77000002090060020C8B101008F
:10E9100010B500F083FC08B10C2010BD0AF096F988
:10E92000002010BD10B50446007818B1012801D0B0
:10E93000122010BD00F07DFC20B10AF0FDF908B1F5
:10E940000C2010BD207800F053FCE21D04F11703E9
:10E95000611CBDE810400AF09BB910B5044600F0F8
:10E960005DFC08B10C2010BD207818B1012801D041
:10E97000122010BD00F03CFC611C0AF041F908B106
:10E98000002010BD072010BD10B50AF0D9F908B15C
:10E99000002010BD302010BD10B5044600F049FC29
:10E9A00008B10C2010BD20460AF0C2F9002010BDAD
:10E9B00010B500F03EFC20B10AF0BEF908B10C2001
:10E9C00010BD0AF0A7F9002010BDFF2181704FF69D
:10E9D000FF718180F84949680A7882718A880281CA
:10E9E0004988418101214170002070471CB50024F5
:10E9F00012F1080F15D00CDC12F1280F11D012F112
:10EA0000140F0ED012F1100F0BD012F10C0F0CD10D
:10EA100007E012F1040F04D01AB1032A01D0042A2E
:10EA200003D1012804D0032806D0122420461CBD9F
:10EA30001046FEF7D0FFF9E708461446694600F095
:10EA400010FC08B10224F1E7019880F86740002427
:10EA5000ECE710B5134601220AF003FC002010BDBC
:10EA600010B5044600F0E5FB08B10C2010BD2146AE
:10EA7000002006F0CCFA002010BD10B5044607F0C7
:10EA800095F920B1207807F003F8002010BD0C2084
:10EA900010BD10B5044600F0CCFB08B10C2010BD31
:10EAA0002146012006F0B3FA002010BD38B5044617
:10EAB0004FF6FF70ADF80000A079E179884216D0DA
:10EAC0002079FEF78DFC90B16079FEF789FC70B17A
:10EAD0000022A07911460BF0DBFB40B90022E0795F
:10EAE00011460BF0D5FB10B9207A072801D9122066
:10EAF00038BD07F067F948B900216846FFF715FDF2
:10EB000020B1204605F0ADFB002038BD0C2038BDFB
:10EB10002DE9FC41817804461A2925D00EDC1629FE
:10EB20002DD2DFE801F02C2C2C2C2C212C2C2C2C81
:10EB30002C2C2C2C2C2C2C2C2C2121212A291ED0A5
:10EB40000BDCA1F11E010C2919D2DFE801F0181825
:10EB50001818181818181818180D3A3904290ED250
:10EB6000DFE801F00D020D022088B0F5706F06D2CB
:10EB70000127694600F075FB18B10220F0E412206D
:10EB8000EEE4019D68462E4605F5C87506F291161D
:10EB900000F05AFB08B1287808B10C20E0E42F708F
:10EBA000A0783070684600F069FB0020D8E41CB5FE
:10EBB0000C46694600F055FB002118B12160217117
:10EBC00002201CBD0198024610F1700080F842102E
:10EBD00093682360137B237190F84230002BF5D1AA
:10EBE00000201CBD10B5044600F023FB20B10AF044
:10EBF000A3F808B10C2010BD207800F0F9FAE279F2
:10EC0000611C0AF06EF908B1002010BD022010BD91
:10EC100010B5886E60B1002241F8682F0120CA71DA
:10EC2000897988400BF028FB002800D01F2010BDF8
:10EC30000C2010BD1CB50C46694600F012FB0028E4
:10EC400005D10198B0F87000401C208000201CBD48
:10EC50001CB504460088694600F003FB08B1022099
:10EC60001CBD606828B1DDE90001224600F09CFB74
:10EC70001CBDDDE90001FFF7CBFF1CBD10B500781E
:10EC8000012800D00020FEF7A1FE002010BDF0B545
:10EC900044888188C288038945898089A71F40F6F6
:10ECA0007B46B74215D28F1FB74212D28C4210D882
:10ECB000B2F5FA7F0DD2A3F10A04361FB44208D28E
:10ECC000521C4A43B2EB830F03DA854201D800207D
:10ECD000F0BD3020F0BDF8B515460E46044607F0ED
:10ECE00071F808B10C20F8BD204600F09CFB00280C
:10ECF000F9D1A078C1064FF01100F4D5E17D0329C8
:10ED0000F1D0FEF76DFE3070A07555B9FF208DF87B
:10ED1000000069460020FEF74DFE69460020FEF720
:10ED20003EFE2046BDE8F840FEF7BDBD0022D2E71A
:10ED30000078C10801D01220704720498876002051
:10ED4000704710B504460078C00704D1608810B140
:10ED5000FEF711FE80B12078618800F00102607832
:10ED600000F0ACFB002806D1FEF7FDFD01466088EF
:10ED7000884203D9072010BD122010BD6168FEF73C
:10ED800019FE002010BD10B504460078C00704D15C
:10ED9000608810B1FEF730FE90B12078618800F0F5
:10EDA0000102607800F08AFB002804D16088616865
:10EDB000FEF7F5FD002010BD700000209006002039
:10EDC0001220F8E77CB5044640784225012808D88F
:10EDD000A078FEF745FC20B120781225012802D04A
:10EDE00090B128467CBDFEF710FE20B1A088002817
:10EDF000F7D08028F5D8FEF70FFE60B160780028C4
:10EE0000EFD02078012808D006F07EF9044606F0FD
:10EE100009FE00287FD00C207CBDFEF762FC10B9F3
:10EE2000FEF7F1FD90B306F0CDFF0028F3D1FEF719
:10EE3000D6FBA0F57F41FF39EDD1FEF7D6FCA688C1
:10EE400042F210704643A079FEF79CFDFEF7CDFD1F
:10EE5000F8B10022062101A801F002F9040058D0FF
:10EE6000F7480021846020460AF01EF92046FEF78C
:10EE7000EDFEF44D04F13000AA89E989C2830184D2
:10EE8000FEF7CCFD60B1288A01210DE0FFE71220DA
:10EE90007CBD3146002006F0FEFD88B3FFDF44E074
:10EEA000FEF7BEFD0146288A06F090FE0146A062EC
:10EEB0000022204606F02BF9FEF7B0FD38B9FEF728
:10EEC000AFFD0246214601200AF0E3FAD0B1DD4A47
:10EED0002146163201200AF0DEFAE87A0090AB7A79
:10EEE000EA89A989208801F0A5F900B1FFDF20880F
:10EEF00006F019F83146204606F0CDFD00B1FFDFDF
:10EF000013E008E00621BDF8040001F0E9F800B1C3
:10EF1000FFDF09207CBD44B1208806F005F8208879
:10EF2000062101F0DDF800B1FFDF00207CBD0021EB
:10EF300048E770B50D46062101F0C0F8040003D083
:10EF400094F8930110B10AE0022070BD94F87D009E
:10EF5000142801D0152802D194F8E00108B10C2042
:10EF600070BD1022294604F5CA70FEF7E2F90120AF
:10EF700084F89301002070BD10B5062101F09EF8C1
:10EF800018B190F8931111B107E0022013E790F83F
:10EF90007D10142903D0152901D00C200BE7022184
:10EFA00080F89311002006E72DE9FC410D464BF651
:10EFB00080321221954213D895B1694600F051F97B
:10EFC00000280CD1019EB41C703627882A46394689
:10EFD00030460AF02AF82088B842F6D10020CDE564
:10EFE0000846CBE51CB504460088694600F039F9AF
:10EFF000002808D10199A378084691F82C20703197
:10F000009A4201D10C201CBD7F220A728A72002212
:10F01000CA72E17880F82D10217980F82E10A1783D
:10F0200080F82C1010461CBD1CB50C46694600F03B
:10F0300018F9002806D1019890F88C0000B1012041
:10F04000207000201CBD7CB50D461446694600F0BA
:10F0500008F9002805D1019890F82C00012801D06A
:10F060000C207CBD019890F87810297090F87900F8
:10F07000207000207CBD70B50D461646062101F0BB
:10F080001DF818B381880124C388428804EB410429
:10F09000AC4217D842F210746343A4106243B3FB2E
:10F0A000F2F2521E94B24FF4FA72944200D914460E
:10F0B000A54200D22C46491C641CB4FBF1F24A4321
:10F0C000521E91B290F8CC211AB901E0022070BD15
:10F0D00001843180002070BD10B50C46062100F07F
:10F0E000EDFF48B180F8FF4024B190F8FD1009B160
:10F0F00006F083FD00205EE602205CE6017899B10F
:10F10000417889B141881B290ED381881B290BD3F3
:10F11000C188022908D34B490268283941F8322FA7
:10F1200040684860002070471220704710B506F014
:10F130001EFD00203FE610B506F01CFD00203AE65B
:10F1400070B514460A46064600250121104606F011
:10F150003DFD002800D8284605460121304600F034
:10F160004EF806460121002000F049F8311801222E
:10F1700096318D4206D901F19600691AB1FBF0F083
:10F18000401C82B22280002070BD10B5044600F001
:10F1900050F808B10C200EE6601C09F08FFE2078B4
:10F1A00000F00100FEF7BAFA002004E610B50446AC
:10F1B000062000F021FF08B10C20FCE52078C007F4
:10F1C00010D00022607811460BF062F808B11220CE
:10F1D000F1E5A06808F073FD6078616808F078FDDB
:10F1E0000020E8E5002008F06AFD00210846F5E768
:10F1F00018B1022801D0012070470020704710B5D7
:10F20000012904D0022905D0FFDF2046D3E5C00044
:10F21000503001E080002C3084B2F6E710B506F0E3
:10F22000D1FD20B1FEF755FA08B10120C3E5002059
:10F23000C1E510B506F0C6FD002800D00120BAE5F2
:10F240007000002090060020416891F82C0191F890
:10F250008C1021B918B1042801D00120704700207A
:10F26000704710B50C46062100F028FF606018B109
:10F270000120207000209EE502209CE5416891F865
:10F28000FD20002A05D0002281F8FD20406806F00C
:10F29000B4BC704708B54FF6FF70ADF8000006E04B
:10F2A0000621BDF8000000F01BFF00B1FFDF0021C8
:10F2B0006846FFF73AF90028F2D008BD70B5144649
:10F2C0000546012200F00EF9002806D12146284605
:10F2D000BDE87040002200F005B970BDFB2803D8DE
:10F2E00040F64800814201D9112070470020704744
:10F2F0001B38E12806D2B1F5A47F03D344F2902055
:10F30000814201D912207047002070471FB58E49F5
:10F31000897ECA0702D10278192A0AD08A0702D444
:10F320000278182A24D0490739D40178122933D019
:10F3300035E04088ADF8000002A9FFF792FF00B168
:10F34000FFDF039810F8601F8DF8021040788DF8E9
:10F3500003000020ADF8040001B9FFDF9DF80300B1
:10F3600000B9FFDF6846FFF7A7F9D8B1FFDF19E062
:10F370004088ADF8000040F64800FB21ADF80400DD
:10F38000ADF80800ADF80210ADF806106846FFF7BA
:10F390006DFA38B1FFDF05E0007BC00702D0002026
:10F3A00004B008E50120FBE7F8B50646508914468D
:10F3B0000F4640B1B0F5004F05D20022A0781146AB
:10F3C0000AF066FF08B11220F8BDB86E394607F1A1
:10F3D000700530B1A07891F86E20904201D00C20D9
:10F3E000F8BD012081F86F00A07881F86E00606898
:10F3F00041F8680F608988802089A884002087F8F8
:10F400006F0020886946FFF715FCA88CBDF8001036
:10F41000081A00B2002804DD39463046FFF7F8FB31
:10F42000DDE70020F8BD38B504460078EF2841D864
:10F430006088ADF80000009800F061F888B361883A
:10F44000080708D4D4E90120824233D8202A31D3D6
:10F45000B0F5804F2ED8207B18B307282AD8607BC0
:10F4600028B1012803D0022801D0032822D14A075D
:10F4700003D4022801D0032805D1A07B08B10128BC
:10F4800018D1480707D4607D28B1012803D002288D
:10F4900001D003280ED1C806E07D03D5012809D18B
:10F4A00004E007E0012801D0032803D1E07E18B171
:10F4B000012801D0122038BD002038BD70B50C469F
:10F4C0000546FF2904D8FEF7A9FA18B11F2C01D967
:10F4D000122070BD2846FEF7C3F808B1002070BDA9
:10F4E000422070BD0AB1012200E00222024202D194
:10F4F000880802D109B1002070471120704780B2FE
:10F50000C1060BD401071CD481064FEAC07101D596
:10F51000B9B900E099B1800713D410E0410610D4C6
:10F5200081060ED4C1074FEA807104D0002902DBA6
:10F53000400704D405E0010703D4400701D40120AB
:10F5400070470020704700009006002030B5058805
:10F5500025F4004421448CB24FF4004194420AD275
:10F56000121B92B21B339A4201D2A94307E005F461
:10F570000041214303E0A21A92B2A9431143018042
:10F5800030BD0844083050434A31084480B27047C7
:10F5900070B51D4616460B46044629463046049A69
:10F5A000FFF7EFFF0646B34200D2FFDF282200211B
:10F5B0002046FDF7E8FE4FF6FF70A082283EB0B26D
:10F5C00065776080B0F5004F00D9FFDF618805F1F5
:10F5D0003C00814200D2FFDF60880835401B343890
:10F5E00080B220801B2800D21B2020800020A07722
:10F5F00070BD8161886170472DE9F05F0D46C1885B
:10F60000044600F12809008921F4004620F400484E
:10F6100000F063FB10B10020BDE8F09F4FF0000A3E
:10F620004FF0010BB0450CD9617FA8EB0600401AE2
:10F630000838854219DC09EB06000021058041806D
:10F640001AE06088617F801B471A083F0DD41B2F8A
:10F6500000DAFFDFBD4201DC294600E0B9B2681ADA
:10F660000204120C04D0424502DD84F817A0D2E750
:10F6700009EB06000180428084F817B0CCE770B532
:10F68000044600F12802C088E37D20F400402BB13D
:10F6900010440288438813448B4201D2002070BD7D
:10F6A00000258A4202D30180458008E0891A0904B6
:10F6B000090C418003D0A01D00F01FFB08E0637F10
:10F6C00000880833184481B26288A01DFFF73EFF0E
:10F6D000E575012070BD70B5034600F12804C588AA
:10F6E000808820F400462644A84202D100201882D7
:10F6F00070BD98893588A84206D3401B75882D1A9D
:10F700002044ADB2C01E05E02C1AA5B25C7F204497
:10F710003044401D0C88AC4200D90D809C8924B136
:10F72000002414700988198270BD0124F9E770B5AE
:10F73000044600F12801808820F400404518208A02
:10F74000002825D0A189084480B2A08129886A8830
:10F750001144814200D2FFDF2888698800260844CE
:10F76000A189884212D1A069807F2871698819B166
:10F77000201D00F0C2FA08E0637F2888083318448F
:10F7800081B26288201DFFF7E1FEA681268201205A
:10F7900070BD2DE9F041418987880026044600F1BB
:10F7A0002805B94219D004F10A0800BF21F400402D
:10F7B0002844418819B1404600F09FFA08E0637F71
:10F7C00000880833184481B262884046FFF7BEFEC5
:10F7D000761C6189B6B2B942E8D13046BDE8F08105
:10F7E0002DE9F04104460B4627892830A68827F4E6
:10F7F0000041B4F80A8001440D46B74201D100200F
:10F80000ECE70AB1481D106023B1627F691D1846FC
:10F81000FDF78FFD2E88698804F1080021B18A194F
:10F8200096B200F06AFA06E0637F6288083399199D
:10F8300089B2FFF78BFE474501D1208960813046B0
:10F84000CCE78188C088814201D101207047002027
:10F85000704701898088814201D1012070470020D2
:10F86000704770B58588C38800F1280425F40042EC
:10F8700023F4004114449D421AD08389058A5E19FD
:10F8800025886388EC18A64214D313B18B4211D398
:10F890000EE0437F08325C192244408892B2801AFD
:10F8A00080B22333984201D211B103E08A4201D1E0
:10F8B000002070BD012070BD2DE9F0478846C18849
:10F8C0000446008921F4004604F1280720F400458D
:10F8D00007EB060900F001FA002178BBB54204D914
:10F8E000627FA81B801A002503E06088627F801B6E
:10F8F000801A083823D4E28962B1B9F80020B9F837
:10F9000002303BB1E81A2177404518DBE0893844E2
:10F91000801A09E0801A217740450ADB607FE1897F
:10F920000830304439440844C01EA4F81280BDE8B1
:10F93000F087454503DB01202077E7E7FFE7618299
:10F940000020F4E72DE9F74F044600F12805C088B0
:10F95000884620F4004A608A05EB0A0608B1404553
:10F9600002D20020BDE8FE8FE08978B13788B6F872
:10F97000029007EB0901884200D0FFDF207F4FF0A3
:10F98000000B50EA090106D088B33BE00027A07FB6
:10F99000B9463071F2E7E18959B1607F29440830F6
:10F9A00050440844B4F81F1020F8031D94F82110A7
:10F9B0008170E28907EB080002EB0801E1813080E9
:10F9C000A6F802B002985F4650B1637F30880833D2
:10F9D000184481B26288A01DFFF7B8FDE78121E0DD
:10F9E000607FE18908305044294408442DE0FFE756
:10F9F000E089B4F81F102844C01B20F8031D94F8B8
:10FA00002110817009EB0800E28981B202EB080045
:10FA1000E081378071800298A0B1A01D00F06DF9DF
:10FA2000A4F80EB0A07F401CA077A07D08B1E088AC
:10FA3000A08284F816B000BFA4F812B084F817B002
:10FA400001208FE7E0892844C01B30F8031DA4F88B
:10FA50001F10807884F82100EEE710B5818800F14E
:10FA6000280321F400442344848AC288A14212D08E
:10FA7000914210D0818971B9826972B11046FFF745
:10FA8000E8FE50B91089283220F40040104419795A
:10FA90000079884201D1002010BD184610BD00F148
:10FAA0002803407F08300844C01E1060088808B949
:10FAB000DB1E136008884988084480B270472DE92E
:10FAC000F04100F12806407F1C460830904643185C
:10FAD00008884D88069ADB1EA0B1C01C80B29042F7
:10FAE00014D9801AA04200DB204687B298183A4603
:10FAF0004146FDF7F1FB002816D1E01B84B2B84463
:10FB0000002005E0ED1CADB2F61EE8E7101A80B249
:10FB10000119A94206D8304422464146BDE8F041C9
:10FB2000FDF7DABB4FF0FF3058E62DE9F04100F168
:10FB30002804407F1E460830904643180025088858
:10FB40004F88069ADB1E90B1C01C80B2904212D939
:10FB5000801AB04200DB304685B299182A464046EA
:10FB6000FDF7E7FB701B86B2A844002005E0FF1CF0
:10FB7000BFB2E41EEAE7101A80B28119B94206D872
:10FB8000211832464046FDF7D4FBA81985B2284615
:10FB900024E62DE9F04100F12804407F1E4608309C
:10FBA00090464318002508884F88069ADB1E90B1BE
:10FBB000C01C80B2904212D9801AB04200DB30469D
:10FBC00085B298182A464146FDF7B3FB701B86B2F2
:10FBD000A844002005E0FF1CBFB2E41EEAE7101AAB
:10FBE00080B28119B94206D8204432464146FDF719
:10FBF000A0FBA81985B22846F0E5401D704710B556
:10FC0000044600F12801C288808820F4004319448A
:10FC1000904206D0A28922B9228A12B9A28A9042C1
:10FC200001D1002010BD0888498831B1201D00F0A5
:10FC300064F800202082012010BD637F62880833B1
:10FC4000184481B2201DFFF781FCF2E70021C18139
:10FC500001774182C1758175704703881380C2891D
:10FC600042B1C28822F4004300F128021A440A601B
:10FC7000C08970470020704710B50446808AA0F5FF
:10FC80007F41FF3900D0FFDFE088A082E08900B12A
:10FC90000120A07510BD4FF6FF7181820021817592
:10FCA000704710B50446808AA0F57F41FF3900D126
:10FCB000FFDFA07D28B9A088A18A884201D1002059
:10FCC00010BD012010BD8188828A914201D1807DC2
:10FCD00008B1002070470120704720F4004221F451
:10FCE00000439A4207D100F4004001F400418842E9
:10FCF00001D0012070470020704730B504460088CD
:10FD00000D4620F40040A84200D2FFDF21884FF4C6
:10FD1000004088432843208030BD70B50C00054664
:10FD200009D0082C00D2FFDF1DB1A1B2286800F075
:10FD300044F8201D70BD0DB100202860002070BD6A
:10FD40000021026803E093881268194489B2002AEE
:10FD5000F9D100F032B870B500260D4604460829E6
:10FD600000D2FFDF206808B91EE0044620688188C1
:10FD7000A94202D001680029F7D181880646A9422C
:10FD800001D100680DE005F1080293B2002299420A
:10FD900009D32844491B02608180216809682160D9
:10FDA0000160206000E00026304670BD00230B603B
:10FDB0008A8002680A600160704700234360021D68
:10FDC000018102607047F0B50F46018840881546F2
:10FDD0000C181E46AC4200D3641B3044A84200D924
:10FDE000FFDFA019A84200D9FFDF3819F0BD2DE9C7
:10FDF000F041884606460188408815460C181F4683
:10FE0000AC4200D3641B3844A84200D9FFDFE0199C
:10FE1000A84200D9FFDF70883844708008EB0400E6
:10FE2000BDE8F0812DE9F041054600881E461746E1
:10FE3000841B8846BC4200D33C442C8068883044F4
:10FE4000B84200D9FFDFA019B84200D9FFDF6888A7
:10FE50003044688008EB0400E2E72DE9F0410688B1
:10FE60001D460446701980B2174688462080B84265
:10FE700001D3C01B20806088A84200D2FFDF701928
:10FE8000B84200D9FFDF6088401B608008EB0600A5
:10FE9000C6E730B50D460188CC18944200D3A41AA9
:10FEA0004088984200D8FFDF281930BD2DE9F04185
:10FEB000BF4D04469046A8780E46A04200D8FFDF0A
:10FEC00005EB8607786A50F8240000B1FFDFB868B8
:10FED000002816D0304600F032F90146B868FFF726
:10FEE0003AFF05000CD0786A072E40F8245000D362
:10FEF000FFDFB0484246294650F826302046984752
:10FF00002846BDE8F0812DE9F84305000C46009530
:10FF100024D00026E81C20F00300A84200D0FFDF18
:10FF2000DFF88C820027314688F8007088F801409D
:10FF300088F8024088F8034088F8044088F80540B3
:10FF400088F80640684600F003F900204246009910
:10FF5000C91C21F00301009116B10FE00126D9E779
:10FF600002EB80035962002106E000BFD3F824C0F1
:10FF70004CF82170491CC9B2A142F7D30099401C2A
:10FF800001EB8401C0B200910728E0D3481BBDE813
:10FF9000F88310B50446F1F774F908B1102010BDCC
:10FFA0002078834A618802EB800092780EE0436AF1
:10FFB00053F8213043B14A1C6280A180406A50F856
:10FFC0002100A060002010BD491C89B28A42EED8F1
:10FFD0006180052010BD70B505460C460846F1F756
:10FFE00050F908B1102070BD072D01D3072070BD56
:10FFF00025700020608070BD0EB56946FFF7EBFFED
:020000021000EC
:1000000000B1FFDF6846FFF7C4FF08B100200EBD56
:1000100001200EBD10B50446072800D3FFDF644859
:10002000005D10BD3EB5054600246946FFF7D3FFCD
:1000300018B1FFDF01E0641CE4B26846FFF7A9FFD6
:100040000028F8D02846FFF7E5FF001BC0B23EBDF0
:1000500057498978814201D9C0B27047FF20704763
:100060002DE9F04106291BD1514C00273B464FF6A4
:10007000FF7604EB810514F801C00AE0DC19D5F81D
:1000800024E0A4B25EF824E0BEF1000F04D05B1CB3
:100090009BB29C45F2D8344604802046B44201D13C
:1000A00000202EE7BDE8F04100E7A0F57F43FF3BCD
:1000B00001D0072901D300207047F7E6A0F57F4261
:1000C000FF3A0BD0072909D2394A9378834205D9E0
:1000D00002EB8101496A51F8200070470020704707
:1000E0002DE9F04104460D46A4F57F4143F202009C
:1000F000FF3902D0072D01D3072002E72C494FF02A
:1001000000088A78A242F8D901EB8506726A52F893
:100110002470002FF1D0274839461C3050F8252094
:1001200020469047716A284641F8248000F007F87D
:1001300002463946B068FFF739FE0020E1E61D4966
:10014000383131F810004FF6FC71C01C0840704780
:100150002DE9F843164E8846054600242868C01C41
:1001600020F0030028602046FFF7E9FF315D484397
:10017000B8F1000F01D0002200E02A680146009289
:1001800032B100274FEA0D00FFF7C7FD1FB106E0AF
:1001900001270020F8E706EB8401009A8A602968AD
:1001A000641C0844E4B22860072CD7D3EFE60000B3
:1001B000AC060020D4B1010070B50E461D461146B4
:1001C00000F0D5F804462946304600F0D9F820441E
:1001D000001D70BD2DE9F04190460D4604004FF022
:1001E000000610D00027E01C20F00300A04200D041
:1001F000FFDFE5B141460020FFF78FFD0C3000EB3B
:10020000850617B113E00127EDE7624F04F10C00FA
:10021000AA003C602572606000EB85002060002130
:100220006068FDF7B0F841463868FFF776FD304664
:10023000BDE8F0812DE9FF4F564C804681B0206823
:100240009A46934600B9FFDF2068027A424503D9F7
:10025000416851F8280020B143F2020005B0BDE822
:10026000F08F5146029800F082F886B258460E99F7
:1002700000F086F885B27019001D87B22068A1468B
:1002800039460068FFF767FD04001FD067802580AE
:100290002946201D0E9D07465A4601230095FFF76B
:1002A00077F92088314638440123029ACDF800A01E
:1002B000FFF76EF92088C1193846FFF79AF9D9F887
:1002C00000004168002041F82840C7E70420C5E746
:1002D00070B5304C0546206800B9FFDF2068017A10
:1002E000A9420ED9426852F8251051B1002342F8B4
:1002F00025304A880068FFF759FD216800200A7AF6
:1003000008E043F2020070BD4B6853F8203033B967
:10031000401CC0B28242F7D80868FFF711FD0020E8
:1003200070BD70B51B4E05460024306800B9FFDF74
:100330003068017AA94204D9406850F8250000B11C
:10034000041D204670BD70B5124E0546002430686D
:1003500000B9FFDF3068017AA94206D9406850F839
:10036000251011B131F8040B4418204670BD10B5AA
:100370000A460121FFF705F9C01C20F0030010BD5B
:1003800010B50A460121FFF7FCF8C01C20F003005D
:1003900010BD00007C00002070B50446C2F11005BD
:1003A0002819FCF7C6FF15F0FF0109D0491ECAB293
:1003B0008020A0542046BDE870400021FCF7E3BF38
:1003C00070BD30B505E05B1EDBB2CC5CD55C6C402B
:1003D000C454002BF7D130BD10B5002409E00B78D0
:1003E000521E44EA430300F8013B11F8013BD2B22C
:1003F000DC09002AF3D110BD2DE9F04389B01E4677
:10040000DDE9107990460D00044622D002460846E8
:10041000F949FEF71EFB102221463846FFF7DCFFA4
:10042000E07B000606D5F44A394610231032084610
:10043000FFF7C7FF102239464846FFF7CDFFF87B8C
:10044000000606D5EC4A4946102310320846FFF74D
:10045000B8FF102200212046FCF795FF0DE0103E6A
:10046000B6B208EB0601102322466846FFF7A9FF43
:10047000224628466946FEF7ECFA102EEFD818D02F
:10048000F2B241466846FFF787FF10234A466946A5
:1004900004A8FFF796FF1023224604A96846FFF739
:1004A00090FF224628466946FEF7D3FA09B0BDE818
:1004B000F08310233A464146EAE770B59CB01E46E9
:1004C0000546134620980C468DF808002022194650
:1004D0000DF10900FCF72DFF202221460DF1290026
:1004E000FCF727FF17A913A8CDE90001412302AAB1
:1004F00031462846FFF780FF1CB070BD2DE9FF4F45
:100500009FB014AEDDE92D5410AFBB49CDE90076A4
:10051000202320311AA8FFF76FFF4FF000088DF855
:1005200008804FF001098DF8099054F8010FCDF8BB
:100530000A00A088ADF80E0014F8010C1022C0F3D8
:1005400040008DF8100055F8010FCDF81100A88873
:10055000ADF8150015F8010C2C99C0F340008DF88A
:10056000170006A88246FCF7E4FE0AA8834610227C
:100570002299FCF7DEFEA0483523083802AA40681D
:100580008DF83C80CDE900760E901AA91F98FFF7F0
:1005900033FF8DF808808DF809902068CDF80A00A7
:1005A000A088ADF80E0014F8010C1022C0F3400032
:1005B0008DF810002868CDF81100A888ADF8150056
:1005C00015F8010C2C99C0F340008DF81700504627
:1005D000FCF7AFFE584610222299FCF7AAFE864887
:1005E0003523083802AA40688DF83C90CDE90076A2
:1005F0000E901AA92098FFF7FFFE23B0BDE8F08FF8
:10060000F0B59BB00C460546DDE922101E461746A4
:10061000DDE92032D0F801C0CDF808C0B0F805C03F
:10062000ADF80CC00078C0F340008DF80E00D1F892
:100630000100CDF80F00B1F80500ADF813000878FF
:100640001946C0F340008DF815001088ADF816006B
:1006500090788DF818000DF119001022FCF769FE52
:100660000DF1290010223146FCF763FE0DF139002F
:1006700010223946FCF75DFE17A913A8CDE9000149
:10068000412302AA21462846FFF7B6FE1BB0F0BD63
:10069000F0B5A3B017460D4604461E46102202A828
:1006A0002899FCF746FE06A820223946FCF741FEB1
:1006B0000EA820222946FCF73CFE1EA91AA8CDE967
:1006C0000001502302AA314616A8FFF795FE16989E
:1006D000206023B0F0BDF0B589B00446DDE90E0717
:1006E0000D463978109EC1F340018DF80010317825
:1006F0009446C1F340018DF801101968CDF802103D
:100700009988ADF8061099798DF808100168CDF830
:1007100009108188ADF80D1080798DF80F00102335
:100720006A46614604A8FFF74CFE2246284604A903
:10073000FEF78FF9D6F801000090B6F80500ADF885
:100740000400D7F80100CDF80600B7F80500ADF8B1
:100750000A000020039010236A46214604A8FFF7F0
:1007600030FE2246284604A9FEF773F909B0F0BD11
:100770001FB51C6800945B6801931368029352686C
:100780000392024608466946FEF763F91FBD10B59D
:1007900088B00446106804905068059000200690C8
:1007A000079008466A4604A9FEF753F9BDF8000011
:1007B000208008B010BD1FB51288ADF800201A883F
:1007C000ADF80220002201920292039202460846EE
:1007D0006946FEF73EF91FBD7FB5074B1446054637
:1007E000083B9A1C6846FFF7E6FF22466946284602
:1007F000FFF7CDFF7FBD000022B2010070B50446B7
:1008000000780E46012813D0052802D0092813D1FC
:100810000EE0A06861690578042003F07FFA052DD9
:100820000AD0782300220420616903F0CDF903E0A7
:100830000420616903F072FA31462046BDE8704039
:1008400001F08AB810B500F12D03C2799C78411DE2
:10085000144064F30102C271D2070DD04A795C7969
:1008600022404A710A791B791A400A718278C97844
:100870008A4200D9817010BD00224A71F5E74178A3
:10088000012900D00C21017070472DE9F04F93B081
:100890004FF0000B0C690D468DF820B00978012649
:1008A0000C2017464FF00D084FF0110A4FF00809C1
:1008B0001B2975D2DFE811F01B00C40207031F03D8
:1008C0005E037103A303B803F9031A0462049504D9
:1008D000A204EF042D05370555056005F30536061E
:1008E000390668068406FE062207EB06F00614B1F8
:1008F00020781D282AD0D5F808805FEA08004FD05C
:1009000001208DF82000686A02220D908DF82420C5
:100910000A208DF82500A8690A90A8880028EED042
:1009200098F8001091B10F2910D27DD2DFE801F0C4
:100930007C1349DEFCFBFAF9F8F738089CF6F50061
:1009400002282DD124B120780C2801D00026F0E314
:100950008DF82020CBE10420696A03F0DFF9A88834
:100960000728EED1204600F0F2FF022809D02046E9
:1009700000F0EDFF032807D9204600F0E8FF072824
:1009800002D20120207004E0002CB8D02078012889
:10099000D7D198F80400C11F0A2902D30A2061E0C8
:1009A000C4E1A070D8F80010E162B8F80410218604
:1009B00098F8060084F83200012028700320207087
:1009C00044E00728BDD1002C99D020780D28B8D15B
:1009D00098F8031094F82F20C1F3C000C2F3C002AE
:1009E000104201D0062000E00720890707D198F8BF
:1009F00005100142D2D198F806100142CED194F8E8
:100A0000312098F8051020EA02021142C6D194F86C
:100A1000322098F8061090430142BFD198F80400A4
:100A2000C11F0A29BAD200E008E2617D81427CD868
:100A3000D8F800106160B8F80410218198F8060019
:100A4000A072012028700E20207003208DF8200055
:100A5000686A0D9004F12D000990601D0A900F3016
:100A60000B9022E12875FCE3412891D1204600F04B
:100A70006EFF042802D1E078C00704D1204600F0C0
:100A800066FF0F2884D1A88CD5F80C8080B24FF077
:100A9000400BE669FFF745FC324641465B464E4651
:100AA000CDF80090FFF741F80B208DF82000686A20
:100AB0000D90E0690990002108A8FFF79FFE2078BB
:100AC000042806D0A07D58B1012809D003280AD0F7
:100AD0004AE305202070032028708DF82060CEE1C5
:100AE00084F800A032E712202070EAE11128BCD17E
:100AF000204600F02CFF042802D1E078C00719D06E
:100B0000204600F024FF062805D1E078C00711D167
:100B1000A07D02280ED0204608E0CCE084E072E1FF
:100B200051E124E103E1E9E019E0B0E100F00FFF59
:100B300011289AD1102208F1010104F13C00FCF7C0
:100B4000F8FB607801286ED012202070E078C00792
:100B500060D0A07D0028C8D00128C6D05AE0112856
:100B600090D1204600F0F3FE082804D0204600F083
:100B7000EEFE132886D104F16C00102208F1010169
:100B80000646FCF7D6FB207808280DD014202070EC
:100B9000E178C8070DD0A07D02280AD06278022A29
:100BA00004D00328A1D035E00920F0E708B10128DE
:100BB00037D1C80713D0A07D02281DD00020009097
:100BC000D4E9062133460EA8FFF777FC10220EA9C0
:100BD00004F13C00FCF780FBC8B1042042E7D4E9F3
:100BE0000912201D8DE8070004F12C0332460EA8DF
:100BF000616BFFF770FDE9E7606BC1F34401491ECB
:100C00000068C84000F0010040F08000D7E720787D
:100C1000092806D185F800908DF8209036E32870D9
:100C2000EFE30920FBE79EE1112899D1204600F06F
:100C30008EFE0A2802D1E078C00704D1204600F0D9
:100C400086FE15288CD104F13C00102208F1010128
:100C50000646FCF76EFB20780A2816D01620207076
:100C6000D4E90932606B611D8DE80F0004F15C036B
:100C700004F16C0247310EA8FFF7C2FC10220EA946
:100C80003046FCF729FB18B1F9E20B20207073E223
:100C90002046FFF7D7FDA078216AC0F110020B189B
:100CA00000211846FCF76FFB26E3394608A8FFF73A
:100CB000A5FD06463CE20228B7D1204600F047FEDB
:100CC000042804D3204600F042FE082809D3204619
:100CD00000F03DFE0E2829D3204600F038FE1228F1
:100CE00024D2A07D0228A0D10E208DF82000686AB1
:100CF0000D9098F801008DF82400F5E3022894D1B6
:100D0000204600F024FE002810D0204600F01FFEF0
:100D10000128F9D0204600F01AFE0C28F4D0042057
:100D20008DF8240098F801008DF8250060E2112864
:100D3000FCD1002CFAD020781728F7D16178606AAE
:100D4000022912D05FF0000101EB4101182606EBE9
:100D5000C1011022405808F10101FCF7EAFA042011
:100D6000696A00F0E7FD2670F0E50121ECE70B2849
:100D7000DCD1002CDAD020781828D7D16078616ACD
:100D800002281CD05FF0000000EB4002102000EBB6
:100D9000C2000958B8F8010008806078616A02282A
:100DA0000FD0002000EB4002142000EBC2000958D5
:100DB000404650F8032F0A604068486039E001203F
:100DC000E2E70120EEE71128B0D1002CAED0207868
:100DD0001928ABD16178606A022912D05FF0000156
:100DE00001EB41011C2202EBC1011022405808F125
:100DF0000101FCF79EFA0420696A00F09BFD1A20AD
:100E0000B6E00121ECE7082890D1002C8ED02078A4
:100E10001A288BD1606A98F80120017862F34701A3
:100E20000170616AD8F8022041F8012FB8F8060075
:100E300088800420696A00F07DFD90E2072011E6B9
:100E40003878012894D1182204F114007968FCF74D
:100E500070FAE079C10894F82F0001EAD001E07837
:100E600061F30000E070217D002974D1217803290D
:100E700009D0C00725D0032028708DF82090686A1B
:100E80000D90412008E3607DA178884201D90620B9
:100E9000E8E502262671E179204621F0E001E171C2
:100EA000617A21F0F0016172A17A21F0F001A17262
:100EB000FFF7C8FC2E708DF82090686A0D9007200F
:100EC000EAE20420ABE6387805289DD18DF82000B1
:100ED000686A0D90B8680A900720ADF824000A9857
:100EE0008DF830B06168016021898180A17A8171BB
:100EF00004202070F8E23978052985D18DF820107A
:100F0000696A0D91391D09AE0EC986E80E004121AE
:100F1000ADF824108DF830B01070A88CD7F80C8084
:100F200080B24026A769FFF70EFA41463A4633469B
:100F3000C846CDF80090FEF72CFE002108A8FFF768
:100F40005DFCE07820F03E00801CE07020780528F1
:100F500002D00F200CE04AE1A07D20B1012802D090
:100F6000032802D002E10720BEE584F80080EDE40A
:100F70002070EBE4102104F15C0002F0E8FB606BF0
:100F8000B0BBA07D18B1012801D00520FDE00620EE
:100F90002870F8486063A063C2E23878022894D1D0
:100FA000387908B12875B7E3A07D022802D003285C
:100FB00005D022E0B8680028F5D060631CE06078B6
:100FC000012806D0A07994F82E10012805D0E94810
:100FD00006E0A17994F82E00F7E7B8680028E2D07F
:100FE0006063E078C00701D0012902D0E14803E046
:100FF00003E0F8680028D6D0A06306200FE68DF83D
:101000002090696A0D91E1784846C90709D0617856
:10101000022903D1A17D29B1012903D0A17D032992
:1010200000D00720287033E138780528BBD120781C
:1010300007281ED084F800A005208DF82000686ADB
:101040000D90B8680A90ADF824A08DF830B0032157
:101050000170E178CA070FD0A27D022A1AD00021C0
:101060000091D4E9061204F15C03401CFFF725FA55
:101070006BE384F80090DFE7D4E90923211D8DE8B4
:101080000E0004F12C0304F15C02401C616BFFF7BD
:1010900022FB5AE3626BC1F34401491E1268CA4045
:1010A00002F0010141F08001DAE738780528BDD16E
:1010B0008DF82000686A0D90B8680A90ADF824A0F9
:1010C0008DF830B0042100F8011B102204F15C01FE
:1010D000FCF72FF9002108A8FFF790FB20780928DA
:1010E00001D0132044E70A2020709AE5E078C10778
:1010F00042D0A17D012902D0022927D038E06178B1
:1011000008A8012916D004F16C010091D4E9061257
:1011100004F15C03001DFFF7BBFA0A2028700326C8
:101120008DF82080686A0D90002108A8FFF766FB03
:10113000E1E2C7E204F15C010091D4E9062104F187
:101140006C03001DFFF7A4FA0026E9E7C0F3440191
:1011500014290DD24FF0006101EBB0104FEAB060DE
:10116000E0706078012801D01020BDE40620FFE681
:10117000607801283FF4B6AC0A2050E5E178C90751
:1011800008D0A17D012903D10B202870042030E074
:1011900028702EE00E2028706078616B012818D02E
:1011A00004F15C0304F16C020EA8FFF7E1FA20469B
:1011B000FFF748FBA0780EAEC0F1100230440021CA
:1011C000FCF7E1F806208DF82000686A09960D907A
:1011D0009BE004F16C0304F15C020EA8FFF7C8FA6F
:1011E000E8E73978022903D139790029D0D0297567
:1011F00092E28DF82000686A0D9056E5387807284D
:10120000F6D1D4E909216078012808D004F16C00F6
:10121000CDE90002029105D104F16C0304E004F170
:101220005C00F5E704F15C0304F14C007A680646C3
:10123000216AFFF763F96078012822D1A078216A3A
:10124000C0F110020B1800211846FCF79CF8D4E9F5
:101250000923606B04F12D018DE80F0004F15C039C
:1012600000E05BE204F16C0231460EA8FFF7C8F91A
:1012700010220EA904F13C00FCF72EF808B10B2057
:10128000ACE485F8008000BF8DF82090686A0D906E
:101290008DF824A009E538780528A9D18DF820001B
:1012A000686A0D90B8680A90ADF824A08DF830B047
:1012B00080F80080617801291AD0D4E9092104F16D
:1012C0002D03A66B03910096CDE9013204F16C0366
:1012D00004F15C0204F14C01401CFFF791F900217C
:1012E00008A8FFF78BFA6078012805D015203FE6A3
:1012F000D4E90912631DE4E70E20287006208DF85A
:101300002000686ACDF824B00D90A0788DF82800F0
:10131000CBE438780328C0D1E079C00770D00F2023
:101320002870072065E7387804286BD11422391D0E
:1013300004F11400FBF7FDFF616A208CA1F809009D
:10134000616AA078C871E179626A01F003011172E3
:10135000616A627A0A73616AA07A81F824001620B1
:101360005DE485F800A08DF82090696A50460D91E3
:1013700092E0000022B201003878052842D1B86816
:10138000A8616178606A022901D0012100E0002192
:1013900001EB4101142606EBC1014058082102F07F
:1013A000D6F96178606A022901D0012100E00021AC
:1013B00001EB410106EBC101425802A8E169FFF7C8
:1013C0000BFA6078626A022801D0012000E0002058
:1013D00000EB4001102000EBC1000223105802A9CD
:1013E0000932FEF7EEFF626AFD4B0EA80932A169D1
:1013F000FFF7E1F96178606A022904D0012103E076
:1014000044E18DE0BFE0002101EB4101182606EB2D
:10141000C101A27840580EA9FBF78BFF6178606A82
:10142000022901D0012100E0002101EB410106EB7E
:10143000C1014158A0780B18C0F1100200211846D4
:10144000FBF7A1FF05208DF82000686A0D90A869C0
:101450000A90ADF824A08DF830B0062101706278B2
:10146000616A022A01D0012200E0002202EB42025E
:1014700006EBC202401C89581022FBF75AFF0021DC
:1014800008A8FFF7BBF91220C5F818B028708DF82E
:101490002090686A0D900B208DF8240005E43878C0
:1014A000052870D18DF82000686A0D90B8680A9000
:1014B0000B20ADF824000A98072101706178626A58
:1014C000022901D0012100E0002101EB410310219C
:1014D00001EBC30151580988A0F801106178626AD4
:1014E000022902D0012101E02FE1002101EB41039B
:1014F000142101EBC30151580A6840F8032F4968D1
:10150000416059E01920287001208DF8300074E600
:10151000162028708DF830B0002108A8FFF76EF96A
:10152000032617E114202870AEE6387805282AD162
:101530008DF82000686A0D90B8680A90ADF824A074
:101540008DF830B080F800906278616A4E46022AC9
:1015500001D0012200E0002202EB42021C2303EB37
:10156000C202401C89581022FBF7E3FE002108A8A4
:10157000FFF744F9152028708DF82060686A0D90F7
:101580008DF8246039E680E0387805287DD18DF823
:101590002000686A0D90B8680A90ADF8249009217F
:1015A00001706169097849084170616951F8012F3A
:1015B000C0F802208988C18020781C28A8D1A1E722
:1015C000E078C00702D04FF0060C01E04FF0070CA6
:1015D000607802280AD000BF4FF0000000EB040141
:1015E00001F1090105D04FF0010004E04FF00100C6
:1015F000F4E74FF000000B78204413EA0C030B7063
:1016000010F8092F02EA0C02027004D14FF01B0CF3
:1016100084F800C0D2B394F801C0BCF1010F00D02F
:101620009BB990F800C0E0465FEACC7C04D028F07B
:1016300001060670102606E05FEA887C05D528F0D2
:101640000206067013262E70032694F801C0BCF122
:10165000020F00D092B991F800C05FEACC7804D0B4
:101660002CF001060E70172106E05FEA8C7805D594
:101670002CF002060E701921217000260078D0BBD4
:10168000CAB3C3BB1C20207035E012E002E03878FA
:10169000062841D11A2015E4207801283CD00C28D6
:1016A0003AD02046FFF7EBF809208DF82000686A51
:1016B0000D9031E03878052805D0062038700326D3
:1016C0001820287046E005208DF82000696A0D91E9
:1016D000B9680A910221ADF8241001218DF830106B
:1016E0000A990870287D4870394608A8FFF786F8DF
:1016F000064618202870012E0ED02BE001208DF810
:101700002000686A0D9003208DF82400287D8DF854
:10171000250085F814B012E0287D80B11D202070CE
:10172000172028708DF82090686A0D9002208DF89F
:101730002400394608A8FFF761F806460AE00CB114
:10174000FE2020709DF8200020B1002108A8FFF79E
:1017500055F80CE413B03046BDE8F08F2DE9F043A6
:1017600087B00C464E6900218DF8041001202578C1
:10177000034602274FF007094FF0050C85B1012DF4
:1017800053D0022D39D1FE2030708DF80030606AC0
:10179000059003208DF80400207E8DF8050063E09D
:1017A0002179012925D002292DD0032928D0042907
:1017B00023D1B17D022920D131780D1F042D04D30E
:1017C0000A3D032D01D31D2917D12189022914D3E4
:1017D0008DF80470237020899DF80410884201E080
:1017E0001AB2010018D208208DF80000606A059036
:1017F00057E070780128EBD0052007B0BDE8F083F2
:101800001D203070E4E771780229F5D131780C2978
:10181000F3D18DF80490DDE7083402F804CB94E8A6
:101820000B0082E80B000320E7E71578052DE4D1D3
:101830008DF800C0656A0595956802958DF81010C1
:1018400094F80480B8F1010F13D0B8F1020F2DD035
:10185000B8F1030F1CD0B8F1040FCED1ADF804706D
:101860000E202870207E687000216846FEF7C6FFB3
:101870000CE0ADF804700B202870207E002100F0F1
:101880001F0068706846FEF7B9FF37700020B4E7A4
:10189000ADF804708DF8103085F800C0207E6870B7
:1018A000277011466846FEF7A9FFA6E7ADF8049039
:1018B0002B70207F6870607F00F00100A870A07F0F
:1018C00000F01F00E870E27F2A71C0071CD094F876
:1018D000200000F00700687194F8210000F0070074
:1018E000A87100216846FEF789FF2868F062A88881
:1018F0003086A87986F83200A0694078707528791A
:10190000B0700D203070C1E7A9716971E9E700B5C9
:1019100087B004280CD101208DF800008DF8040058
:10192000002005918DF8050001466846FEF766FF28
:1019300007B000BD70B50C46054602F0EFF9214630
:101940002846BDE870407823002202F03DB908B176
:10195000007870470C20704770B50C0005784FF088
:1019600000010CD021702146F1F757FC694821781D
:10197000405D884201D1032070BD022070BDF1F7A7
:101980004CFC002070BD0279012A05D000220A70AB
:101990004B78012B02D003E0042070470A758A615E
:1019A00002799300521C0271C15003207047F0B5B8
:1019B00087B00F4605460124287905EB800050F8D2
:1019C000046C7078411E02290AD252493A460839FD
:1019D00001EB8000314650F8043C28469847044605
:1019E0000CB1012C11D12879401E10F0FF00287194
:1019F00001D00324E0E70A208DF80000706A05900A
:101A0000002101966846FFF7A7FF032CD4D007B04A
:101A10002046F0BD70B515460A46044629461046D4
:101A2000FFF7C5FF064674B12078FE280BD1207C55
:101A300030B100202870294604F10C00FFF7B7FFF1
:101A40002046FEF71CFF304670BD704770B50E464D
:101A500004467C220021FBF796FC0225012E03D0D0
:101A6000022E04D0052070BD0120607000E065707A
:101A70002046FEF704FFA575002070BD28B1027C4A
:101A80001AB10A4600F10C01C4E70120704710B5F5
:101A9000044686B0042002F041F92078FE2806D0E2
:101AA00000208DF8000069462046FFF7E7FF06B0EA
:101AB00010BD7CB50E4600218DF804104178012937
:101AC00003D0022903D0002405E0046900E0446942
:101AD0000CB1217C89B16D4601462846FFF753FFC2
:101AE000032809D1324629462046FFF793FF9DF887
:101AF0000410002900D004207CBD04F10C05EBE7A4
:101B000030B40C460146034A204630BC024B0C3A26
:101B1000FEF751BE60B201001AB2010070B50D4669
:101B2000040012D08DB1220100212846FBF72BFCC6
:101B3000102255492846FBF7FCFB53480121083881
:101B4000018044804560002070BD012070BD70B5EB
:101B50004D4E00240546083E10E07068AA7B00EB5D
:101B60000410817B914208D1C17BEA7B914204D170
:101B70000C222946FBF7B0FB30B1641C308884424C
:101B8000EBDB4FF0FF3070BD204670BD70B50D46E9
:101B9000060006D02DB1FFF7DAFF002803DB401C5A
:101BA00014E0102070BD384C083C20886288411C2D
:101BB000914201D9042070BD6168102201EB001030
:101BC0003146FBF7B6FB2088401C2080287000209F
:101BD00070BD2D480838008870472B49083908889F
:101BE000012802D0401E08800020704770B51446BE
:101BF0000D0018D0BCB10021A170022802D010281D
:101C000011D105E0288870B10121A170108008E091
:101C10002846FFF79CFF002805DB401CA070A88920
:101C20002080002070BD012070BD70B505461446AF
:101C30000E000BD000203070A878012808D005D9FC
:101C40001149A1F108010A8890420AD9012070BD0A
:101C500024B1287820702888000A5070022008706B
:101C60000FE064B14968102201EB001120461039E1
:101C7000FBF75FFB287820732888000A6073102028
:101C80003070002070BD0000880000202DE9F04178
:101C900090460C4607460025C2EB4811FE48072F28
:101CA00000EB410607D2DFE807F007070707040447
:101CB0000400012500E0FFDF06F81470002D13D0AA
:101CC000F5487C3000EB880191F827001F2803D0ED
:101CD00006EB4000447001E081F8264006EB440228
:101CE0001F20507081F82740BDE8F081F0B51F46F5
:101CF00014460E4605461F2A00D1FFDFE648C7EB13
:101D0000471100EB410CE4490CEB44007C3101EB42
:101D100087021F2E07D00CEB460140784B784870A5
:101D200018461F210AE092F82530407882F82500F5
:101D3000F6E701460CEB410005704078A142F8D16E
:101D400092F827401F2C03D00CEB4404637001E091
:101D500082F826300CEB41041F23637082F82710B1
:101D6000F0BD30B50D46CD4B44190022181A72EB68
:101D7000020100D2FFDFCA48854200DDFFDFC8480C
:101D80004042854200DAFFDFC448401C844207DA43
:101D9000002C01DB204630BDC048401C201830BD5F
:101DA000BE48C043FAE710B504460168407ABD4A10
:101DB00052F82020114450B10220084420F07F4006
:101DC000F8F759FD94F90810BDE81040C9E7042060
:101DD000F3E72DE9F047B04E7C3696F82D50DFF84A
:101DE000B89206EB850090F8264036E0C5EB451129
:101DF00009EB41074FF0070817F81400012806D037
:101E000004282ED005282ED0062800D0FFDF01F0B0
:101E100045F9014607EB4400427806EB850080F85F
:101E2000262090F82720A24202D11F2280F82720E6
:101E3000084601F03EF92A4621460120FFF726FF19
:101E40009948414600EB041002682046904796F8F6
:101E50002D5006EB850090F826401F2CC6D1BDE81A
:101E6000F087022000E003208046D0E710B58A4CBE
:101E70001F217C3484F8251084F8261084F827105C
:101E8000002084F8280084F82D0084F82E10411ECC
:101E9000A16044F8100B2074607420736073A07309
:101EA0008249E07720750870487000217A4A103C1A
:101EB00002F81100491CC9B21F29F9D30120F8F713
:101EC000CAFB0020F8F7C7FB012084F82200F9F7CD
:101ED00037F87748F9F749F8744CA41E2070754814
:101EE000F9F743F86070BDE81040F8F741BB10B552
:101EF000F8F763FB6D4CA41E2078F9F74FF8607873
:101F0000F9F74CF8BDE8104001F000B91F20704708
:101F10000020F8F779BB70B5054601240E46AC40A9
:101F20005AB1FFF7F5FF0146634800EBC500C0F862
:101F30001015C0F81465614801E06048001D046098
:101F400070BD2DE9F34F544D00247C3505EB810A1B
:101F500089B09AF825001F2823D0611E02915249AA
:101F6000009401EB0017391D03AB07C983E8070094
:101F700005F11400A0460189ADF81C10807A8DF897
:101F80001E009DF81500C8B10226464951F82040B0
:101F90000399A219114421F07F41019184B10221DA
:101FA0000FE00120F8F757FB0020F8F754FBF8F793
:101FB00022FB01F0ABF885F82F40A9E00426E4E706
:101FC00000218DF81810022801D0012820D1039893
:101FD00001190998081A801C9DF81C1020F07F40F8
:101FE00001B10221353181420BD203208DF8150059
:101FF0000398C4F13201401A20F07F40322403904C
:102000000CE095F8240018B901F063FA002863D0B9
:10201000322C03D214B101F06DF801E001F076F832
:10202000224A107818B393465278039B121B002162
:102030009DF81840994601281AD0032818D000208E
:102040008DF81E00002A04DD981A039001208DF8F7
:1020500018009DF81C0000B102210398184A20F0D6
:102060007F40039003AB099801F05CF810B110E0D9
:102070000120E5E79DF81D0018B99BF80000032832
:1020800029D08DF81C80CDF80C908DF818408DF873
:102090001E809DF8180015E0DC080020FF7F841EDC
:1020A0000020A10770B20100EC0600209A00002079
:1020B000773A0100D31D010000F0014004F5014012
:1020C000FFFF3F0058B103980123811900221846F1
:1020D000F8F714FB06E000200BB0BDE8F08F0120FC
:1020E000F8F7B9FA97F90C20012300200199F8F7C5
:1020F00005FBF87BC00701D0F8F7E9FB012085F864
:102100002F008AF8288020226946FE48FBF711F943
:102110000120E1E72DE9F05FDFF8E883064608EBF0
:10212000860090F825501F2D21D0A8F17C01C6EB28
:1021300046102C4601EB4007A1F5F879DFF8C8B34B
:1021400005E0A24607EB4A0044781F2C0AD0F8F7B6
:1021500020FB09EB04135A4601211B1D00F0E2FF8E
:102160000028EED0AC4202D0334652461EE0E7488B
:1021700008B1AFF30080F8F70CFB98F82F206AB194
:10218000D8F80C20411C891A0902CA1701EB126108
:102190000912002902DD0020BDE8F09F3146FFF75B
:1021A000D0FE08B10120F7E733462A461F2104205C
:1021B000FFF79CFDEFE72DE9F041D24C2569F8F7D8
:1021C000E8FA401B0002C11700EB1160001200D4B6
:1021D000FFDF94F8220000B1FFDF012784F82270AE
:1021E00094F82E001F2800D1FFDF94F82E601F20E6
:1021F00084F82E00002584F82F5084F8205084F8AD
:102200002150C34825600078022835D0032833D0F8
:1022100000202077A068401C05D04FF0FF30A06060
:102220000120F8F718FA0020F8F715FAF8F711FB73
:10223000F8F709FBF8F7DFF908F0C6F8B5480560CC
:1022400005604FF0E0214FF40040B846C1F880022D
:10225000F0F7B5FE94F82D703846FFF75BFF0028C5
:10226000FAD0A849C7EB47107C3901EB400010F8C1
:102270001600022802D006E00120CAE73A4631469D
:102280000620FFF703FD84F8238004EB870090F815
:1022900026001F2804D09E48801E4078F8F784FE50
:1022A000207F002803D0F8F7C4FA257765771BE56F
:1022B000944910B591F82D20924B0024C2EB4211A5
:1022C0007C3B03EB410100BF11F814302BB1641CBF
:1022D000E4B21F2CF8D31F2010BD8F4901EB04116D
:1022E00008600020C87321460120FFF7CFFC20467C
:1022F00010BD10B5012801D0032800D181B3814A57
:1023000092F82D307F4C0022C3EB43137C3C04EB4E
:10231000430300BF13F812400CB1082010BD521C3B
:10232000D2B21F2AF6D37A4A48B1022807D0072929
:1023300017D2DFE801F01606080A0C0E1000002183
:102340000AE01B2108E03A2106E0582104E0772149
:1023500002E0962100E0B52151701070002010BD00
:10236000FFE70720FBE76A4810B54078F8F783FAE3
:1023700080B2F4E710B51F2815D2624991F82D20DC
:10238000C2EB4213A1F17C0202EB430414F81030BB
:102390004BB191F82D30C3EB431302EB430212F81B
:1023A0001020012A01D00020D9E791F82D20014604
:1023B0000020FFF76BFC0120D1E710B5F8F7E9F931
:1023C000BDE81040F8F757BA2DE9F0410E464D4FE1
:1023D00001781F257C3FC3EB43130C4607EB4303F7
:1023E00003E0254603EB45046478944202D01F2C99
:1023F000F7D108E01F2C06D0A14206D103EB410122
:102400004978017007E000206EE403EB440003EB21
:10241000450140784870414F7EB127B1002140F21C
:102420002D40AFF300803078A04206D127B10021C3
:102430004FF48660AFF30080357027B1002140F281
:102440003540AFF3008001204EE410B542680B68C0
:102450009A1A1202D41702EB1462121216D4497A95
:1024600091B1427A82B92E4A006852F8211012685E
:1024700019441044001D891C081A0002C11700EB02
:1024800011600012322801DB012068E7002066E7B6
:102490002DE9F0478146204EC1EB411006F5F87159
:1024A0009846144601EB400713E000BF06EB041505
:1024B000291D4846FFF7C9FF68B988F80040A97B85
:1024C00099F80A00814201D80020C8E407EB4400D3
:1024D00044781F2CEAD10120C1E42DE9F04782465F
:1024E00008480E4600EB8600DFF82C8090F8254067
:1024F0001F201070C1EB46109946154608F5F8717B
:1025000010E0000058090020FFFF3F00000000001D
:102510009A00002000F50040EC06002000000000BA
:1025200070B2010001EB40070BE000BF08EB0410A4
:102530005146001DFFF789FF28B107EB44002C70BE
:1025400044781F2CF2D1297889F800104B46224696
:1025500031465046BDE8F0479AE72DE9FC410E466A
:1025600007460024FE4D08E09DF8000005EB001032
:102570008168384600F0EAFD01246B4601AA314625
:102580003846FFF7AAFF0028EED02046BDE8FC81C0
:1025900070B50446C0EB44110125F248A54300EB99
:1025A0004101C5EB451200EB42003E22FAF7C1FEA5
:1025B000ED4E26B100214FF49360AFF30080E9485F
:1025C0007C3000EB850100EB8400D0F82500C1F8D9
:1025D000250026B1002140F29C40AFF30080284640
:1025E00070BD8A4203D003460520FFF77FBB1F2939
:1025F00008D0DC4AC0EB401002EB400000EB410089
:1026000040787047D7497C3101EB800090F8250075
:102610007047D34901EB0010001DFFF7C4BB7CB528
:102620001D46134604460E4600F108022146184690
:10263000F8F72EF994F908000F2804DD1F382072EE
:102640002068401C206096B10220C84951F826102D
:10265000461820686946801B20F07F40206094F96E
:1026600008002844C01C1F2803DA012009E00420C8
:10267000EBE701AAF8F70CF99DF8040010B10098F7
:10268000401C00900099206831440844C01C20F090
:102690007F4060607CBDFEB50C46064609786079D7
:1026A000907220791F461546507279B12179002227
:1026B0002846A368FFF7B3FFAA4928467C3191F862
:1026C0002E201F2A0AD00969491D0DE0D4E90223F2
:1026D000217903B02846BDE8F040A0E7A449497835
:1026E000052900D20521314421F07F4100F02EFD63
:1026F00039462846FFF731FFD4E90232217968468E
:10270000FFF78DFF2B4600213046019A00F00AFDAD
:10271000002806D103B031462846BDE8F04000F05D
:1027200015BDFEBD2DE9FE4F814600F0CBFC38B152
:102730005FF0000799F8000020B10020BDE8FE8F8F
:102740000127F7E7874D884C4FF0000A7C3524B10C
:10275000002140F2FF40AFF3008095F82D8085F80E
:1027600023A0002624B1002140F20450AFF30080E2
:102770001FB94046FFF70CFF804624B1002140F20C
:102780000C50AFF30080F8F704F843466A46494618
:10279000FFF781FF24B1002140F21250AFF3008017
:1027A00095F82E001F280CD029690098401A0002C5
:1027B000C21700EB1260001203D5684600F0C6FC99
:1027C000012624B1002140F21C50AFF3008095F89F
:1027D00023000028BBD124B1002140F22250AFF3E6
:1027E0000080F7F7D6FF6B46624A002100F09AFCA2
:1027F0000028A3D027B941466846FFF7AEFE06433E
:1028000026B16846FFF7CFFAC9F8080024B10021C5
:1028100040F23550AFF3008001208FE72DE9F04FF3
:1028200089B08B46824600F04DFC4E4C7C3428B378
:102830009BF80000002710B1012800D0FFDF4A4DAF
:1028400025B1002140F2F750AFF300804449012048
:1028500001EB0A18A94607905FEA090604D0002197
:1028600040F2FF50AFF30080079800F022FC94F88C
:102870002D50002084F8230067B119E094F82E0051
:1028800001271F2800D1FFDF9BF800000028D6D0C9
:10289000FFDFD4E72846FFF77BFE054626B100217F
:1028A00040F20960AFF3008094F823000028D3D1F0
:1028B00026B1002140F21360AFF30080F7F769FF03
:1028C0002B4602AA59460790FFF7E5FE98F80F003D
:1028D0005FEA060900F001008DF8130004D0002122
:1028E00040F21D60AFF300803B462A4602A9CDF8B6
:1028F00000A0079800F035FC064604EB850090F830
:1029000028000090B9F1000F04D0002140F22460AB
:10291000AFF3008000F0C2FB0790B9F1000F04D0C4
:10292000002140F22A60AFF3008094F823000028D1
:1029300092D1B9F1000F04D0002140F23260AFF320
:1029400000800DF1080C9CE80E00C8E90112C8F8DF
:102950000C30BEB35FEA090612D000210CE0000083
:10296000EC060020DC0800200000000070B201002E
:102970009A000020FFFF3F0040F23F60AFF300806D
:102980000098B84312D094F82E001F280ED126B11B
:10299000002140F24460AFF300802846FFF7BAFB05
:1029A00020B99BF80000D8B3012849D0B9F1000F35
:1029B00004D0002140F26160AFF30080284600F0AF
:1029C00066FB01265FEA090504D0002140F26A6037
:1029D000AFF30080079800F06CFB25B1002140F2B6
:1029E0006E60AFF300808EB194F82D0004EB800090
:1029F00090F826001F2809D025B1002140F275600B
:102A0000AFF30080F9484078F8F7CEFA25B10021FD
:102A100040F27A60AFF3008009B03046BDE8F08F35
:102A2000FFE7B9F1000F04D0002140F24C60AFF392
:102A3000008094F82D2051460420FFF727F9C0E7C5
:102A4000002E3FF409AF002140F25760AFF3008041
:102A500002E72DE9F84FE64D814695F82D004FF03D
:102A60000008E44C4FF0010B474624B100214FF41D
:102A7000D160AFF30080584600F01BFB85F823704F
:102A800024B1002140F28D60AFF3008095F82D0055
:102A9000FFF77EFD064695F8230028B1002CE4D010
:102AA000002140F293604DE024B1002140F2976094
:102AB000AFF30080CE49C6EB46107C3901EB4001F4
:102AC00011F81900032856D1334605EB830A4A460C
:102AD0009AF82500904201D1012000E000200090EA
:102AE0000AF125000021FFF76FFC01460098014222
:102AF00003D001228AF82820AF77E1B324B1002166
:102B000040F29C60AFF30080324649460120FFF757
:102B1000BDF89AF828A024B1002140F2A760AFF3D5
:102B2000008000F0BBFA834624B1002140F2AC6083
:102B3000AFF3008095F8230038B1002C95D0002128
:102B40004FF4D660AFF300808FE7BAF1000F07D0E3
:102B500095F82E001F2803D13046FFF7DBFAE0B1CD
:102B600024B1002140F2C460AFF30080304600F091
:102B70008EFA4FF0010824B1002140F2CD60AFF38E
:102B80000080584600F095FA24B1002140F2D1604F
:102B9000AFF300804046BDE8F88F002CF1D0002153
:102BA00040F2BF60AFF30080E6E70120F7F72CBDED
:102BB0008E48007870472DE9F0418D4C94F82E0036
:102BC0001F2821D194F82D6004EB860797F8255033
:102BD0001F2D00D1FFDF8649C6EB46107C3901EB83
:102BE000400000EB4500407807F8250F0120F87001
:102BF00084F82300294684F82E50324602202234DD
:102C0000FFF744F8002020701EE42DE9F0417A4ED1
:102C1000774C012538B1012821D0022879D003282A
:102C20007DD0FFDF10E400F065FAFFF7C4FF207EDF
:102C300000B1FFDF84F821500020F7F70CFDA168F8
:102C4000481C04D0012300221846F7F757FD14F85A
:102C50002E0F217806EB01110A68012154E0FFF7DD
:102C6000AAFF0120F7F7F7FC94F8210050B1A06803
:102C7000401C07D014F82E0F217806EB01110A68CA
:102C8000062141E0207EDFF86481002708F1020878
:102C9000012803D002281ED0FFDFB5E7A777F7F79A
:102CA000C8FD98F80000032801D165772577607D7D
:102CB000524951F8200094F8201051B948B1616888
:102CC0000123091A00221846F7F718FD0220207682
:102CD0009AE7277698E784F8205000F00BFAA07F57
:102CE00050B198F8010061680123091A00221846C2
:102CF000F7F704FD257600E0277614F82E0F2178EB
:102D000006EB01110A680021BDE8F041104700E020
:102D100005E036480078BDE8F041F8F745B9FFF71F
:102D20004AFF14F82E0F217806EB01110A680521DD
:102D3000EAE710B52E4C94F82E001F2800D1FFDFD3
:102D400014F82E0F21782C4A02EB01110A68BDE815
:102D50001040042110477CB5254C054694F82E0000
:102D60001F2800D1FFDFA068401C00D0FFDF94F8CF
:102D70002E00214901AA01EB0010694690F90C00D0
:102D80002844F7F785FD9DF904000F2801DD012097
:102D900000E00020009908446168084420F07F4169
:102DA000A16094F82100002807D002B00123BDE8FB
:102DB000704000221846F7F7A1BC7CBD30B5104A20
:102DC0000B1A541CB3EB940F1ED3451AB5EB940F9A
:102DD0001AD3934203D9101A43185B1C14E095428E
:102DE00010D9511A0844401C43420DE098000020BD
:102DF0005809002000000000EC06002070B201001D
:102E0000FF7F841EFFDF0023184630BD0123002210
:102E100001460220F7F772BC0220F7F71CBCF7F757
:102E2000B8BC2DE9FE4FF24C05468A4694F82E00B8
:102E30001F2800D1FFDFEE4E94F82E10A04620464A
:102E4000A6F51B7202EB01141F218DF8001090F8FB
:102E50002D10376900EB8101D8F8000091F825901A
:102E6000284402AA01A90C36F7F712FD9DF90800C3
:102E7000002802DD0198401C0190A0680199642D92
:102E8000084453D3DB4B00225B1B72EB02014DD392
:102E90006168411A21F07F41B1F5800F46D220F0E0
:102EA0007F40706086F80AA098F82D1044466B4663
:102EB0004A463046FFF7ECFAB8B3A068401C10D081
:102EC000F7F767FCA168081A0002C11700EB116050
:102ED000001202282CDD0120F7F7BDFB4FF0FF3078
:102EE000A06094F82D009DF800201F210F34FFF7FB
:102EF00078FBA17FBE4AC1EB41117C3A02EB410154
:102F0000E27F01EB4201487054F80F0C284444F86A
:102F10000F0C012020759DF800001F2803D0B64833
:102F20004078F8F741F8012008E401E0002005E4CA
:102F30007760FBE72DE9F047AD4C074694F82D008C
:102F4000A4F17C06C0EB401006EB400010F817001F
:102F500000B9FFDF94F82D50A046A84C24B1002101
:102F600040F6E800AFF30080C5EB451040F6F409E9
:102F700040F6FD0A06EB400616F81700012819D0A6
:102F8000042811D005280FD006280DD01CB100212F
:102F90004846AFF3008007F0EBFE002CECD0002198
:102FA0005046AFF30080E7E72A4639460120FEF796
:102FB0006DFEF2E74FF0010A4FF00009454624B1DB
:102FC000002140F60410AFF30080504600F071F885
:102FD00085F8239024B1002140F60910AFF300805A
:102FE00095F82D00FFF7D4FA064695F8230028B18E
:102FF000002CE4D0002140F60F101FE024B1002186
:1030000040F61310AFF3008005EB860000F12701B6
:1030100033463A462630FFF7D7F924B1002140F66F
:103020001710AFF3008000F039F8824695F82300BE
:1030300038B1002CC3D0002140F61D10AFF3008042
:10304000BDE785F82D60012085F82300504600F08B
:1030500030F8002C04D0002140F62A10AFF3008095
:10306000BDE8F08730B5044661480D4690F82D0064
:103070005F49C0EB40107C3901EB400010F81400B0
:1030800000B9FFDF5E4800EB0410C57330BD58493E
:1030900081F82D00012081F82300704710B55948B0
:1030A00008B1AFF30080EFF3108000F0010072B6BA
:1030B00010BD10B5002804D1534808B1AFF300800B
:1030C00062B610BD51480068C005C00D10D0103860
:1030D00040B2002804DB00F1E02090F8000405E095
:1030E00000F00F0000F1E02090F8140D4009704747
:1030F0000820704710B53E4C94F82400002804D1F5
:10310000F7F746FC012084F8240010BD10B5384CB8
:1031100094F82400002804D0F7F763FC002084F81A
:10312000240010BD10B51C685B68241A181A24F01E
:103130007F4420F07F40A14206D8B4F5800F03D22F
:10314000904201D8012010BD002010BDD0E900320E
:10315000D21A21F07F43114421F07F41C0E90031B0
:1031600070472DE9FC418446214815460F46C2EBC5
:1031700045117C38089C00EB410616F81400012824
:1031800004D0022802D00020BDE8FC813B46204A42
:1031900001216046FFF7C6FFF0B101AB6A46294640
:1031A0003846FFF79AF9B8B19DF804209DF8001051
:1031B0002846FFF716FA06EB440148709DF8000018
:1031C0001F280DD006EB400044702A4621460320FC
:1031D000FEF75CFD0120D7E72A4621460420F7E7E9
:1031E0000348012100EB850000F8254FC170ECE792
:1031F00058090020FF1FA1079800002000000000D0
:10320000EC060020000000000000000004ED00E0DB
:10321000FFFF3F002DE9F041044680074FF0000515
:103220004FF001060CD56B480560066000F0DEF932
:1032300020B16948016841F48061016024F0020412
:10324000E0044FF0FF3705D564484660C0F80873C6
:1032500024F48054600003D56148056024F0804464
:10326000E0050FD55F48C0F80052C0F808735E490A
:103270000D60091D0D605C4A04210C32116006616D
:1032800024F48074A00409D558484660C0F8005260
:10329000C0F808735648056024F40054C4F3803025
:1032A000C4F3C031884200D0FFDF14F4404F14D083
:1032B00050484660C0F808734F488660C0F8005216
:1032C000C0F808734D490D600A1D16608660C0F88D
:1032D00008730D60166024F4404420050AD5484860
:1032E00046608660C0F80873C0F8487345480560BA
:1032F00024F4006407F042F84348044200D0FFDFA2
:10330000BDE8F081F0B50022202501234FEA020438
:1033100020FA02F1C9072DD051B2002910DB00BFFD
:103320004FEA51174FEA870701F01F0607F1E02720
:1033300003FA06F6C7F88061BFF34F8FBFF36F8FB4
:103340000CDB00BF4FEA51174FEA870701F01F0659
:1033500007F1E02703FA06F6C7F8806204DB01F103
:10336000E02181F8004405E001F00F0101F1E021C6
:1033700081F8144D02F10102AA42C9D3F0BD10B583
:10338000224C20600846F7F71CFC2068FFF742FF3C
:103390002068FFF7B7FF06F031FC00F088F906F06F
:1033A000EDFF06F02CFFF7F7CBFDBDE8104006F06F
:1033B000D9BC10B5154C2068FFF72CFF2068FFF72B
:1033C000A1FF06F0DBFFF7F7FBFC0020206010BD3B
:1033D0000A207047FC1F00403C17004000C000401E
:1033E00004E50140008000400485004000D000401A
:1033F00004D5004000E0004000F0004000F500402F
:1034000000B0004008B50040FEFF0FFD9C0000200A
:1034100070B526490A680AB30022154601244B6894
:103420005B1C4B600C2B00D34D600E7904FA06F345
:103430000E681E420FD0EFF3108212F0010272B636
:1034400000D001220C689C430C6002B962B6496846
:103450000160002070BD521C0C2AE0D3052070BD15
:103460004FF0E0214FF48000C1F800027047EFF305
:10347000108111F0010F72B64FF0010202FA00F252
:103480000A48036842EA0302026000D162B6E7E735
:1034900006480021016041607047012181400348D6
:1034A0000068084000D0012070470000A000002004
:1034B00001208107086070470121880741600021D1
:1034C000C0F80011184801707047174901200870B2
:1034D00070474FF08040D0F80001012803D0124817
:1034E0000078002800D00120704710480068C0070D
:1034F00000D0012070470D480C300068C00700D094
:10350000012070470948143000687047074910319E
:103510000A68D20306D5096801F00301814201D18E
:103520000120704700207047A800002008040040D8
:103530004FF08050D0F830010A2801D000207047A9
:103540000120704700B5FFF7F3FF20B14FF0805026
:10355000D0F8340108B1002000BD012000BD4FF0BB
:103560008050D0F83001062803D0401C01D0002044
:103570007047012070474FF08050D0F830010D287F
:1035800001D000207047012070474FF08050D0F8E4
:103590003001082801D000207047012070474FF00B
:1035A0008050D0F83001102801D000207047012051
:1035B000704700B5FFF7F3FF30B9FFF7DCFF18B92C
:1035C000FFF7E3FF002800D0012000BD00B5FFF7A2
:1035D000C6FF38B14FF08050D0F83401062803D32D
:1035E000401C01D0002000BD012000BD00B5FFF748
:1035F000B6FF48B14FF08050D0F83401062803D30D
:10360000401C01D0012000BD002000BD0021017040
:10361000084670470146002008707047EFF310819C
:1036200001F0010172B60278012A01D0012200E006
:1036300000220123037001B962B60AB1002070476D
:103640004FF400507047E9E7EFF3108111F0010FDC
:1036500072B64FF00002027000D162B600207047CF
:10366000F2E700002DE9F04115460E46044600271A
:1036700000F0EBF8A84215D3002341200FE000BF73
:1036800094F84220A25CF25494F84210491CB1FB19
:10369000F0F200FB12115B1C84F84210DBB2AB426B
:1036A000EED3012700F0DDF83846BDE8F08172491D
:1036B00010B5802081F800047049002081F8420094
:1036C00081F84100433181F8420081F841004331E3
:1036D00081F8420081F841006948FFF797FF684888
:1036E000401CFFF793FFF7F7B3FBBDE8104000F075
:1036F000B8B840207047614800F0A7B80A460146B4
:103700005E48AFE7402070475C48433000F09DB80A
:103710000A46014659484330A4E740210170002081
:10372000704710B504465548863000F08EF820707A
:10373000002010BD0A460146504810B58630FFF7FC
:1037400091FF08B1002010BD42F2070010BD70B516
:103750000C460646412900D9FFDF4A480068103868
:1037600040B200F054F8C5B20D2000F050F8C0B2DD
:10377000854201D3012504E0002502E00DB1F7F7F1
:10378000AAFB224631463D48FFF76CFF0028F5D0E2
:1037900070BD2DE9F0413A4F0025064617F10407A8
:1037A00057F82540204600F041F810B36D1CEDB2EB
:1037B000032DF5D33148433000F038F8002825D0E8
:1037C0002E4800F033F8002820D02C48863000F036
:1037D0002DF800281AD0F7F754FB2948FFF71EFFF1
:1037E000B0F5005F00D0FFDFBDE8F0412448FFF7EF
:1037F0002BBF94F841004121265414F8410F401C7E
:10380000B0FBF1F201FB12002070D3E74DE7002876
:1038100004DB00F1E02090F8000405E000F00F0068
:1038200000F1E02090F8140D4009704710F8411F96
:103830004122491CB1FBF2F302FB13114078814293
:1038400001D1012070470020704710F8411F4078D7
:10385000814201D3081A02E0C0F141000844C0B21D
:10386000704710B50648FFF7D9FE002803D1BDE820
:103870001040F7F7F1BA10BD0DE000E08809002014
:10388000AC00002004ED00E070B5154D2878401C18
:10389000C4B26878844202D000F0DBFA2C7070BDAC
:1038A0002DE9F0410E4C4FF0E02600BF00F0C6FAC3
:1038B00007F05EFA40BF20BF677820786070D6F8C6
:1038C0000052EDF759FD854305D1D6F8040210B931
:1038D0002078B842EAD000F0ACFA0020BDE8F081D0
:1038E000BC0000202DE9F04101264FF0E022310319
:1038F0004FF000084046C2F88011BFF34F8FBFF36E
:103900006F8F204CC4F800010C2000F02EF81E4DE3
:103910002868C04340F30017286840F01000286072
:10392000C4F8046326607F1C02E000BF07F020FAA1
:10393000D4F800010028F9D01FB9286820F0100041
:103940002860124805686660C4F80863C4F80081FE
:103950000C2000F00AF82846BDE8F08110B50446B6
:10396000FFF7C0FF2060002010BD002809DB00F039
:103970001F02012191404009800000F1E020C0F8C1
:103980008012704700C0004010ED00E008C5004004
:103990002DE9F047FF4C0646FF21A06800EB061218
:1039A00011702178FF2910D04FF0080909EB01119F
:1039B00009EB06174158C05900F0F4F9002807DD5B
:1039C000A168207801EB061108702670BDE8F08729
:1039D00094F8008045460DE0A06809EB05114158B8
:1039E000C05900F0DFF9002806DCA068A84600EB0B
:1039F00008100578FF2DEFD1A06800EB061100EB51
:103A000008100D700670E1E7F0B5E24B04460020A7
:103A100001259A680C269B780CE000BF05EB001787
:103A2000D75DA74204D106EB0017D7598F4204D0C7
:103A3000401CC0B28342F1D8FF20F0BD70B5FFF743
:103A4000EEF9D44C08252278A16805EB02128958BA
:103A500000F0A8F9012808DD2178A06805EB011124
:103A60004058BDE87040FFF7D1B9FFF7A1F8BDE8B5
:103A70007040F7F799BA2DE9F041C64C2578FFF769
:103A8000CEF9FF2D6ED04FF00808A26808EB05169E
:103A9000915900F087F90228A06801DD80595DE0A6
:103AA00000EB051109782170022101EB0511425C40
:103AB0005AB1521E4254815901F5800121F07F41D3
:103AC00081512846FFF764FF34E00423012203EB11
:103AD000051302EB051250F803C0875CBCF1000F20
:103AE00010D0BCF5007F10D9CCF3080250F806C006
:103AF0000CEB423C2CF07F4C40F806C0C3589A1A9D
:103B0000520A09E0FF2181540AE0825902EB4C324B
:103B100022F07F428251002242542846FFF738FFAC
:103B20000C21A06801EB05114158E06850F82720EE
:103B3000384690472078FF2814D0FFF770F9227894
:103B4000A16808EB02124546895800F02BF90128BC
:103B500093DD2178A06805EB01114058BDE8F041E4
:103B6000FFF754B9BDE8F081F0B51D4614460E4686
:103B70000746FF2B00D3FFDFA00700D0FFDF8548FB
:103B8000FF210022C0E90247C57006710170427032
:103B900082701046012204E002EB0013401CE15445
:103BA000C0B2A842F8D3F0BD70B57A4C064665782D
:103BB0002079854200D3FFDFE06840F82560607817
:103BC000401C6070284670BD2DE9FF5F1D468B4686
:103BD0000746FF24FFF723F9DFF8B891064699F866
:103BE0000100B84200D8FFDF00214FF001084FF07C
:103BF0000C0A99F80220D9F808000EE008EB01132E
:103C0000C35CFF2B0ED0BB4205D10AEB011350F869
:103C100003C0DC450CD0491CC9B28A42EED8FF2C47
:103C200002D00DE00C46F6E799F803108A4203D162
:103C3000FF2004B0BDE8F09F1446521C89F8022012
:103C400008EB04110AEB0412475440F802B00421B7
:103C5000029B0022012B01EB04110CD040F8012043
:103C60004FF4007808234FF0020C454513D9E905BD
:103C7000C90D02D002E04550F2E7414606EB413261
:103C800003EB041322F07F42C250691A0CEB0412BA
:103C9000490A81540BE005B9012506EB453103EBD8
:103CA000041321F07F41C1500CEB0411425499F8E8
:103CB00000502046FFF76CFE99F80000A84201D0A2
:103CC000FFF7BCFE3846B4E770B50C460546FFF773
:103CD000A6F8064621462846FFF796FE0446FF282A
:103CE0001AD02C4D082101EB0411A8684158304628
:103CF00000F058F800F58050C11700EBD140401398
:103D00000221AA6801EB0411515C09B100EB4120CA
:103D1000002800DC012070BD002070BD2DE9F047B7
:103D200088468146FFF770FE0746FF281BD0194DD5
:103D30002E78A8683146344605E0BC4206D02646B7
:103D400000EB06121478FF2CF7D10CE0FF2C0AD000
:103D5000A6420CD100EB011000782870FF2804D097
:103D6000FFF76CFE03E0002030E6FFF755F8414610
:103D70004846FFF7A9FF0123A968024603EB041395
:103D8000FF20C854A878401EB84200D1A87001EBAB
:103D9000041001E0540A002001EB061100780870BD
:103DA000104613E6081A0002C11700EB116000125A
:103DB0007047000010B5202000F07FF8202000F0B0
:103DC0008DF84D49202081F80004EDF7D3FA4B49D6
:103DD00008604B48D0F8041341F00101C0F8041307
:103DE000D0F8041341F08071C0F804134249012057
:103DF0001C39C1F8000110BD10B5202000F05DF89D
:103E00003E480021C8380160001D01603D4A481E3F
:103E100010603B4AC2F80803384B1960C2F8000131
:103E2000C2F8600138490860BDE81040202000F069
:103E300055B834493548091F08607047314933483F
:103E4000086070472D48C8380160001D521E02608E
:103E500070472C4901200860BFF34F8F70472DE950
:103E6000F0412849D0F8188028480860244CD4F83C
:103E700000010025244E6F1E28B14046EDF7D4F90D
:103E800040B9002111E0D4F8600198B14046EDF747
:103E9000CBF948B1C4F80051C4F860513760BDE8AF
:103EA000F041202000F01AB831684046BDE8F041EA
:103EB00006F068BFFFDFBDE8F08100280DDB00F0F1
:103EC0001F02012191404009800000F1E020C0F86C
:103ED0008011BFF34F8FBFF36F8F7047002809DB4E
:103EE00000F01F02012191404009800000F1E02014
:103EF000C0F880127047000020E000E0C8060240D1
:103F000000000240180502400004024001000001C8
:103F1000454800210170417010218170704770B5D3
:103F2000054616460C460220F3F7F2FB3E490120F7
:103F3000F61E08703D4806603C4808380560001FC2
:103F4000046070BD10B50220F3F7E2FB3649012092
:103F5000087000F051F836494FF40000086010BDB9
:103F600010B5314C207888B131494FF40000091D5B
:103F7000086000F04AF8002120B1012060702D484F
:103F8000006801E061701020A0702170BDE8104051
:103F90000020F3F7BDBB244810B5017859B126487D
:103FA000D0F8000128B100F030F8002800D001203E
:103FB00010BD022010BD407810BD10B5C824641E8D
:103FC000E4B2FFF7E8FF022803D0012800D0002068
:103FD00010BD002CF3D1FFDFF9E7134810B50178CD
:103FE00041B100F012F818B112480068C0B210BD1B
:103FF000102010BD807810BD0F480021C0F80011BE
:10400000C0F80411C0F8081170470B48D0F800112F
:1040100029B1D0F8041111B1D0F8080108B100207D
:104020007047012070470000BE00002010F50040DE
:1040300004F5014000F4004000F000404748002132
:1040400001704170704770B5064614460D46012058
:10405000F3F75EFB42480660001D0460001D05602A
:1040600070BD70B53D4901250D7040EA02413C4AE2
:1040700041F08071121F11603A4C0026C4F80461AF
:10408000394A4FF04071116058B1012800D0FFDF6C
:10409000C4F80062256034494FF00070091F0860C1
:1040A00070BDC4F80052256070BD2C48017871B114
:1040B0002D4A4FF0407111602A49D1F804210021A6
:1040C0001AB12A4A1268427000E041700170002063
:1040D000F3F71EBB2148017841B12248D0F8040112
:1040E000002802D021480068C0B27047407870476D
:1040F0002DE9F04700282AD01848007800B9FFDFE2
:10410000184DD5F80401002821D10227C5F8047301
:10411000174C2068C04340F30016206840F01000A0
:1041200020604FF400484FF0E029761C04E000BF07
:10413000C9F8808206F01CFED5F804010028F7D0EB
:104140001EB9206820F010002060C5F80873BDE893
:10415000F08704490120886070470000C1000020FA
:1041600008F5004000F0004008F5014000F4004070
:1041700010ED00E010B541F6A474012802D0022829
:1041800002D0FFDF204610BD41F2883010BD38B5A7
:10419000FE4D0024C5F80041C5F80C41C5F810419A
:1041A000C5F80441C5F81441C5F81841FFF70EFAE7
:1041B00008B1C5F82841F6480068009038BD70B5D0
:1041C000F44D00246C702C7000F0D2FD85F8254071
:1041D000EC620922002105F11800AC63F9F7D3F86D
:1041E000ED49601E0860091D0860091D0C60091D6D
:1041F0000860091D0C60091D0860091D0860091D83
:104200000860091D0860091D0860091D0860091D76
:104210000860091D0860091D086070BDDF4800B511
:10422000016801F00F01032905D0006800F00F00BC
:10423000042802D0FFDF012000BD022000BD00B530
:10424000012802D0022800D0FFDF002000BD00B509
:10425000012802D0022802D0FFDF282000BD18204C
:1042600000BD10B5CB4902681839CA4C0A634268D0
:104270004A63007A81F83800207E50B1207FF9F738
:10428000C0F8A07E08B1012100E00021207FF9F7ED
:10429000ADF8607E00280CD0607FF9F7B2F8E07EC0
:1042A00008B1012100E00021607FBDE81040F9F76E
:1042B0009DB810BD00F063BD10B500F060FDB348BF
:1042C000D0F80001002800D0FFDF10BD70B501203C
:1042D00000F030FDB2480025056001260660FFF7BA
:1042E00085F9B04C18B1206840F480602060FFF779
:1042F00036F928B12068AC4920F0770008432060E7
:10430000FFF764F938B1A748001D016821F47F4127
:1043100041F4B0510160A349A4483C310860FFF763
:1043200055F99C4C60B19D490220503184F8210020
:104330000860A0499E48086095481030091F086031
:104340004FF01020806C411C05D094497C310A68E4
:1043500060F317420A60914940F25B6028310860BF
:10436000091F40F203100860081F06608B490320F4
:1043700008608C48EC38066094F8211011B14FF4B5
:10438000C02100E08C498B4A41F46021943A1160CD
:104390008749884A091F083211607D490839121F70
:1043A0001160016821F440710160016841F480717D
:1043B0000160012000F0CFFC74491020C1F8040313
:1043C00084F83150E56270BD76483830016821F0DC
:1043D000010141F08071016070476E4A0368183A2C
:1043E000C2F81A308088D0836A48017270476948E1
:1043F00090F825007047674A517010707047F0B50B
:104400000546840061488B882044C0F820360B782C
:10441000D1F8011043EA0121C0F8001605F10800A7
:104420000127604C07FA00F6FC3C52B1012A00D08B
:10443000FFDF2068304320602068AF4038432060B1
:10444000F0BD2068B043F6E706F0E8B8514890F8B0
:1044500032007047514AC1781432116000684F49E8
:1044600000020C3108607047252807D0262807D0A5
:10447000272807D00A2807D8042206E0022107E0EF
:104480001A2105E0502103E0062202EB4001C9B2E7
:10449000424A083A116041494431086070473D483A
:1044A000817A012917D0022914D1417E002911D027
:1044B000827F0121C37F01FA02F299400A433D49FC
:1044C00094390A6090F820003C4A002102EB8000F9
:1044D000C0F810157047017EE8E72DE9F0472D4C34
:1044E000A17A01290BD0022975D1627E002A72D0EF
:1044F000012906D0677FE17E59B101260AE0227EBC
:10450000F4E7277FA17E09B1012600E000261121F2
:1045100001E000262421DFF898804FF0010AA8F17D
:104520004408C8F84CA0DFF898904518D9F8000066
:10453000A84200D3FFDF0021C8F84C11C9F8005091
:10454000380286F0010140EA015040F0031294F86D
:1045500020101A4800EB8103C3F8102500EB8101FD
:10456000A27F184800EBC203C3F81415164DC3F818
:104570001055E37F00EBC300C0F814150449083957
:10458000C0F810150AFA02F120E024E00010004003
:10459000181100407C0A0020000E00401015004059
:1045A000FC1F00403C170040880000802C00008960
:1045B000448000409CF5014000000404006000407D
:1045C0004C85004000F001404C8100400AFA03F0A5
:1045D0000143F9480160BDE8F0872DE9F0410E463E
:1045E000F64907460320C1F80002F54C94F8210073
:1045F00010B14FF4C02000E0F248EF4D2860304683
:1046000006F036F817B1012F0FD017E0FEF7DEFFE6
:1046100010B1304600F0C9FB0120A072A06B40F43D
:104620008010A0634FF4801007E00220A072A06BFE
:1046300040F40010A0634FF400102860F6F744F92E
:104640003146BDE8F04148E72DE9F05FDB4C074615
:1046500003200E469346C4F80002D94D95F8210078
:1046600010B14FF4C02100E0D649DFF84C93C9F8EF
:104670000010104605F0FCFFDFF83C834FF0010A04
:1046800008F1A808A7B3012F3ED0FFDFCE4806608F
:10469000C949CE48A4310860A86B40F40020A86343
:1046A000D4F800721025C4F808530020C4F80002A2
:1046B000C1494FF48028091DC1F8008004F5007439
:1046C000FFF765FD2760C9F80080C4F80451E903CD
:1046D000C9F80010BE49C1F84CA0BB48001D0068D5
:1046E000B04200D3FFDF59463046BDE8F05FF4E644
:1046F000FFE7FEF76BFF10B1584600F056FBC8F815
:10470000004085F80AA0C1E7AC49091DC8F80010AF
:104710000220A872BAE72DE9F041A94C064690465E
:1047200094F831000F46002500B9FFDF16B1012EC5
:1047300012D01DE094F83100012806D094F8302002
:104740004146384605F0A2FF10E094F8301042468A
:10475000384605F0DCFF09E094F8310094F8301099
:1047600001284246384609D005F0F8FFE16A4518AD
:10477000424629463046BDE8F04165E705F0A8FF0E
:10478000F4E708B5FF208DF800008C480021C0F840
:1047900010110121016104E09DF80010491E8DF8FF
:1047A00000109DF8001019B1D0F810110029F3D0B5
:1047B0009DF80000002800D1FFDF08BD2DE9F04181
:1047C0007E4CD4F8000220F00307D4F804034FF025
:1047D0001008C0F30016C4F808830025C4F800527E
:1047E000774890F8210010B14FF4C02000E07548E0
:1047F000714940F46020091D0860FFF750FEFFF783
:10480000C0FFC4F81051FEF7E1FE08B1C4F828510A
:1048100000F0AEFAC4F80072002E01D0C4F8048390
:10482000BDE8F081ADE700686A4920F07F4008608C
:10483000704710B5012000F07DFABDE8104001205E
:1048400000F089BA01465E4818221838F8F771BDA1
:104850004FF0E0210220C1F8000170475E49087066
:1048600070475C4938390860704770B50546F6F7FF
:104870002BF8534C2844E16A884200D8FFDF01201E
:104880002074F6F721F82844606194F8211041B1B2
:10489000084460614948D0F8001241F04001C0F876
:1048A00000124B490020C1F8440147496069091FC3
:1048B0000860BDE8704000F0A2BA70B5404C0646F2
:1048C00002200D462074FFF7A9FC024694F831003F
:1048D00094F8301001281BD0304605F081FF60614C
:1048E00094F8210048B16169084460613348D0F808
:1048F000001241F04001C0F8001235490020C1F813
:1049000044016169E06A08442F49091F086070BDCD
:104910002B46304605F037FFE1E727494FF480008A
:10492000091D08602648816B21F480018163002104
:10493000017470472A4A10B502EBC002274BC2F837
:104940001035C2F81415012181401B4801601C4834
:10495000826B0A43826310BD1D4801214160C16022
:104960000021C0F844111848001F01601448C162BA
:10497000704710B50446FEF729FE10B1104880F8C4
:1049800021401448243004600C48D0F8001241F053
:104990004001C0F8001210BD084810B5D0F8001250
:1049A00021F04001C0F80012FEF710FE0949243141
:1049B00000B10220086010BD04F501400010004065
:1049C0007C0A002000000404488500404881004023
:1049D000008000403C150040C3000020041100404E
:1049E00000F00140F948D0F8001221F01001C0F8A1
:1049F0000012012181617047F4480021C0F81C11A8
:104A0000D0F8001241F01001C0F800127047EF49D1
:104A100008B5D1F81C21012A01D0002008BDEC4ABC
:104A2000126802F07F02524202700020C1F81C019D
:104A3000E84800680090012008BDF0B517460C005A
:104A4000064600D1FFDFE44DE0072F7302D0012CB2
:104A500000D0FFDF46B102206872EC72012802D05C
:104A6000022800D0FFDFF0BD0120F5E770B5DA4C79
:104A70000021E27A930703D5830701D5430713D4B6
:104A8000D30605D594F8333013B194F835305BB1C3
:104A9000130702D594F8243033B9520702D594F89D
:104AA00025200AB1C00700D00121607A012518B184
:104AB000A1B1BDE8704081E694F8210010B14FF437
:104AC000C02000E0C548C6490860C048D0F80012C0
:104AD00021F00301C0F80012E57270BD012803D077
:104AE000022808D0FFDF70BD00F042F9A5729621C0
:104AF000227B002006E000F03BF90220A072227B1E
:104B000096210120BDE8704005E62DE9F05FDFF851
:104B1000D4B29BF80000042800D3FFDFB248D0F8DD
:104B20004C0108B1FFF7BBFCAB4CAD49A06B086072
:104B30004FF00008C4F8388000F06BF9DFF8AC9251
:104B40000546D9F80010A16294F8210008B1081AAE
:104B5000A062A648001F0068E062FFF75FFB84F8D0
:104B60003000A07ADFF868A2012184F83100AAF1B0
:104B7000440A022808D1607830B1DAF800201278AF
:104B800002402078904310D084F82480924EA807E9
:104B9000A6F1180605D5F5F797FEA16A081A31693E
:104BA0008847E80704D0002709E084F82410EDE7DF
:104BB000A80701D5012702E0280707D50227F5F746
:104BC00083FEE16A7269081A394690479BF8000033
:104BD000C0071CD1DAF800005746007800F00F003B
:104BE000072812D239680622A01C0931F8F774FB95
:104BF00038B9207A39680978B0EBD11F01D101208A
:104C000000E0002084F8250001E084F82580284693
:104C1000FFF72CFFE80701D030682FE0A80726D562
:104C200068071ED4FEF7D2FCD8B9FEF7DFFCC0B986
:104C30006748F4380168001F0068C0F3425CC0F3A5
:104C4000006700F00F03C0F30312C0F3032047B165
:104C50000BB102B128B921B1BCF1030F01D245F06B
:104C6000040545F380007168401C884709E0280767
:104C700001D5B06802E0E80602D5F068804700E0A0
:104C8000FFDFA07A02281BD1207C002818D0564ACA
:104C9000C2F8448102280FD0012800D0FFDFE16A6A
:104CA0006069884200D8FFDFD4F81410C9F80010FA
:104CB000BDE8F05F00F0A3B86169E06A0144F5E780
:104CC000BDE8F09F70B5054641F2643441F66A06CE
:104CD000022806D0012D12D0022D0CD0FFDF304665
:104CE00070BDFEF72FFC0028F6D1FEF738FC002837
:104CF000F2D141F6583441F29A00204470BD42F698
:104D0000CE3070BD324808300168032904D00068F5
:104D1000022801D000207047012070472C4808303D
:104D200001680B2904D000680A2801D000207047D0
:104D30000120704700280DDB00F01F020121914087
:104D40004009800000F1E020C0F88011BFF34F8FD0
:104D5000BFF36F8F7047002809DB00F01F020121AD
:104D600091404009800000F1E020C0F880127047B7
:104D700019480021417281720121C172704730B51A
:104D800000240546012902D002290BD0FFDF184874
:104D900004430F4834380460164805430C48303843
:104DA000056030BD4FF08074F1E7094A4032116868
:104DB00053060228D3F820031ED0C0F3062000BFFC
:104DC00021F4FE4141EA00201060704700100040CD
:104DD000481500401C1100407C0A0020000004041B
:104DE00008F50140C30000200080004044850040D9
:104DF0000801100000000302C0F30660E0E7354838
:104E0000816B41F48001816333494FF48000086075
:104E1000DBE7F8B52F4C314E0020217C19B1D6F8D4
:104E20004411012907D00023A27A2D49012A04D078
:104E3000022A0AD019E00123F6E7D1F80C01012873
:104E400001D0002011E008200FE0D1F80C0101286A
:104E500006D0002223480068012803D0042002E085
:104E60000222F7E7002010431843D1F81021012A4D
:104E70002ED0002505431C48026812F0FF0F03D016
:104E8000D1F81421012A00D0002284F832200068D1
:104E900010F0FF0F03D0D1F81801012800D0002036
:104EA00084F833000F481030006884F83400FFF7AE
:104EB00072F8012800D0002084F83500FFF767F968
:104EC0000020C6F844010948006800902846F8BD53
:104ED0001025CFE77C0A002004F501400080004047
:104EE0000010004000140040401600404481004083
:104EF00010B5444822220021F8F745FA4148002421
:104F0000017821F010010170012104F04DFC3D49B0
:104F10004FF6FF70263981F8224088843A4908808C
:104F2000488010BDE4E7704700F05FB83549016084
:104F30007047354908807047324926398A8CA2F576
:104F40007F43FF3B02D00021016008E091F822205E
:104F50002C492639012A02D0016001207047002027
:104F600070472848263810F8221F012908D001214F
:104F7000017025482349263900888884012070471C
:104F8000002070472049488070471E491E4B263933
:104F90008A8C5B889A4205D191F8222012B1016077
:104FA00001207047002070471648174A2638818C28
:104FB0005288914209D14FF6FF71818410F8221F67
:104FC00019B10021017001207047002070470D4881
:104FD0000D4A2638818C5288914204D190F82200E3
:104FE00008B10020704701207047064926398A8C95
:104FF000824205D1002081F822004FF6FF7088849C
:1050000070470000DE0A0020C400002070473D4ABF
:10501000012338B1012804D1137008689060888892
:105020009081704753700868C2F802008888D08069
:105030007047344A10B1012807D00EE0507860B1B3
:10504000D2F802000860D08804E0107828B1906897
:1050500008609089888001207047002070472949A6
:1050600010B1012802D005E0487800E0087808B1C6
:10507000012070470020704730B50C4605468DB0C2
:105080004FF0030104F1030012B1FEF741FB01E010
:10509000FEF75DFB60790D2220F0C00040F040007B
:1050A0006071002104A8F8F76EF9E0788DF81F0010
:1050B00020798DF81E0060798DF81D001022294698
:1050C0006846F8F736F9684604F036FE9DF82F007A
:1050D00020709DF82E0060709DF82D00A0700DB01E
:1050E00030BD10B5002904464FF0060102D0FEF78E
:1050F0000FFB01E0FEF72BFB607920F0C000607130
:1051000010BD0000C8000020FE48406870472DE92F
:10511000F0410E46074601461446012004F011FDF9
:10512000054697F86500FFF725F84AF2B1210844D3
:105130004FF47A71B0FBF1F1788840F2712250435C
:10514000C1EB4000041BA4F2663402F0BBFD00B1C9
:105150001E3CAE4201D2284600E03046A04204D2B6
:10516000AE4201D22C4600E034467C62BDE8F081BC
:1051700030B502460020002914D0A2FB01104C0AD1
:1051800044EAC054400A641C40F100000021D4F1FC
:10519000FF3240F2A175814100D2FFDF04F5F464D3
:1051A000B4FBF5F030BD2DE9FF4F8BB0044690F80D
:1051B00065008A460990DDE90D1008430890D24841
:1051C0000026007800F004FE054694F88C0100F0FB
:1051D000FFFD284480B2009094F87D000D2804D093
:1051E000002007900D9810B131E00120F9E794F804
:1051F0002C0103282BD1079848B3B4F8AE115145C0
:1052000025D1D4F83401C4F82001608840F2E2418D
:105210004843C4F82401B4F87A01B4F806110844EC
:10522000C4F82801204602F057FDB4F8B201E0822C
:1052300094F8B0016075B4F8B4016080B4F8B601B8
:10524000A080B4F8B801E080022084F82C01D4F8E2
:1052500084010590D4F880010390B4F80681B4F875
:105260007811D4F8740106900D9820B194F840019B
:1052700000287DD108E004F580700290743004901D
:1052800004F5B075001D07E004F5AA700290001D3A
:10529000049004F5A275001D0A90B4F87020AAEBE2
:1052A00002000FFA80F9AAEB010007B2002F05DA1D
:1052B000D4F87001069001204F46089092484FF0B4
:1052C000000B007970B3F5F7A1FC58B3B4F81801DE
:1052D000022827D394F82C01022823D094F8430104
:1052E00000BB94F88C0100F073FD00F5C86080B23B
:1052F000009094F82C01012845D0608840F2E241EA
:1053000048430099FFF734FF08EB0901CA1BD4F8A2
:10531000341180B2431A02FB03BBC4F834010120EC
:1053200084F8430194F82C0100286DD001287DD029
:1053300002287CD003287BD0FFDF00BFA6EB0B0147
:105340000698FCF70EFD0499012640F271220860D0
:105350000A990020A1F800A028702E710498006816
:10536000A8606088D4F834115043C1EB400000E0DD
:10537000BFE16549A0F23630C861896981427DD9B3
:10538000029908607BE194F88000032833D0012162
:10539000002004F0CDF8E18A40F27122514300EB85
:1053A00041000190D4F82401B8340099FFF7E0FEE1
:1053B000A16E226F431AA066DDE9001002FB03BB59
:1053C000FFF7D6FEA16FA067421A34F8B60C40F280
:1053D000E241484393440099FFF7CAFE08EB0901F4
:1053E000226FC91B8A1AE16F521E431A02FB03BBCC
:1053F000E067B83C93E7E08A40F27122D4F82411C8
:10540000504301EB4000CCE7039800B9FFDF0121D6
:10541000002004F08DF80646E08A40F271214843EE
:1054200006EB40000099FFF7A3FE02E0C0E058E061
:10543000DDE0C4F83001608840F2E2414843009961
:10544000FFF796FEC4F8340182B22046A16AFFF746
:105450005EFE14F8650FFEF7F2FE4FF47A7800F264
:10546000E140B0FBF8F1039801EB00092078FEF76A
:10547000E6FE07462078FEF77DFE00E0FDE03844BA
:105480004AF2AB310144B1FBF8F134F84F0C40F271
:105490007122504306EB4000411AD4F8CB0040F291
:1054A000E2430A1A02EB0906227814F8501C11FB99
:1054B00003F1203E00F0B9FC1349801C886114F808
:1054C0006509FEF7BCFE00F2E140B0FBF8F103987D
:1054D0000844301A40F2F6218842BFF42FAFFFDFB4
:1054E0002CE7E08A40F27122D4F82411504301EBFA
:1054F00040000099FFF73CFEC4F83001608840F29C
:10550000E24103E0000B0020D8000020484300994E
:10551000FFF72EFEC4F8340182B22046A16AFFF7DD
:10552000F6FDB8F1000F21D10E98F8B194F865603E
:105530003046FEF71FFE4AF2B12101444FF47A7063
:10554000B1FBF0F0D4F8301140F271230144E08A4D
:10555000D4F82421584302EB4000471A3046FEF7A6
:1055600076FE0599081A3E18203E0AE0E08A40F2CD
:105570007122D4F82411504301EB4000D4F83011CB
:10558000461AD4F82821D4F82011D4F8300140F27A
:10559000E24301FB020094F86520617D11FB03F1F9
:1055A00000F043FCF9498861012084F82C01C5E62C
:1055B000608840F271225043D4F83411D4F8282185
:1055C000C1EB40067E4308EB0900801AD4F8207135
:1055D000D4F83031401E07FB023200FB012094F862
:1055E0006520617D40F2E24311FB03F140E06088F9
:1055F00040F27122D4F834115043C1EB400694F8C4
:105600007C007E43242803D094F87D0024280AD10E
:10561000B4F8AE11AAEB010000B2002803DB94F845
:10562000B10100B109900898D8B1B8F1000F18D1B4
:10563000059808B1039800B9FFDF94F86500FEF7FC
:1056400099FD4AF2B12101444FF47A70B1FBF0F0B8
:10565000361A94F86500FEF7FAFD0599081A064413
:10566000203ED4F8341108EB090048430021099A80
:1056700000F0DBFBC549886160E602980160029892
:10568000616A0068084400F5D370E86002F01AFB14
:1056900010B1E8681E30E8606E71B4F8F010A1EB4C
:1056A0000A0000B2002801DD032068710798002875
:1056B0000E9822D0C0B100BFB4F81811B1B3B4F83D
:1056C0001A0100BFA4F81A0194F81C21401C42439F
:1056D0008A4209D26879401E002805DD6E71B4F84F
:1056E0001A01401CA4F81A010D9830B394F8400137
:1056F000F8B102200FB0BDE8F08F0028DCD194F89B
:105700002C010028F0D0608840F27122D4F83411C6
:105710005043C1EB4001284603F04EFE0004000C4C
:10572000E2D0189901B108800120E3E7FFE70020EB
:10573000C8E794F87C01FDF78CF994F87C012946C0
:1057400000F059FB20B10D9880F0010084F8410170
:105750000020CFE77CB50446FCF72FFE0146D4F8C5
:105760007001FDF72BFB214600F076FB94F87D10CD
:105770000D290AD0B4F87020B4F83E1113189942DC
:1057800006DB491CA4F83E1106E0B4F83E010CE02B
:10579000401C1044A4F83E0194F8420140B9B4F80A
:1057A0003E01B4F8F410884202D1401CA4F83E0136
:1057B000B4F87A0101AE401CA4F87A01B4F89A005A
:1057C000B4F89810401AB4F87010401E084485B21E
:1057D00009E000231A4620460096FFF7E4FCD0B10A
:1057E00001282ED0FFDFB4F83E11681A00B200285D
:1057F000EFDA082084F88D00012084F88C00204620
:1058000001F0F5FE204600F0F8FA60484079BDE866
:105810007C40F5F7C9BBA06E002811D0B4F83E015A
:10582000B4F89420801A01B2002909DD34F86C0F15
:105830000144491E91FBF0F189B201FB0020208553
:105840007CBDB4F83E01BDF804100844A4F83E0144
:10585000C9E770B54E4C607A08B1002070BD94F86D
:10586000300030B1616B606A884202D9F8F70CFBF6
:10587000F3E7A06AC8B1F7F725FF0546F7F7F9FE89
:10588000284442F210714618FCF797FD0546294658
:10589000E06AFDF793FAE562A16A8219914202D2A9
:1058A0000120A062E2E7081AA062012070BD70B575
:1058B000374C012500202575207494F8300004F140
:1058C000100650B14FF47A71A069FCF74AFAA06152
:1058D0000021304603F070FD10E0002000F00DFBC9
:1058E0000546F7F7EFFE05442946A069FCF739FAAB
:1058F000A0612946304603F05FFD451C208C411C09
:105900000A2901D228442084606828B1208C401CD8
:105910000A2801D3022000E003206075FFF799FFF9
:1059200038B1207B314600F066FA002800D1FFDF55
:1059300070BD00F0DAFA15484079BDE87040F5F71F
:1059400033BB38B50025044680F82C51A0F87851B7
:105950002B462A4629460095FFF725FC00B1FFDFBC
:10596000C4F828510120C4F8205184F82C01A4F86F
:105970003E51A4F83C5184F8425134F8700F401E57
:1059800024F8B80B0020A4F8525038BDD8000020ED
:10599000000B002010B530B1F749012807D00228CC
:1059A0000BD0FFDF10BDBDE8104000F0EABA486A36
:1059B000BDE81040002100F0B5BA002081F83000A9
:1059C000FCF7F9FBED484079BDE81040F5F7ECBA7B
:1059D0002DE9F0410646E8480F460178E74D0329D6
:1059E00009D1017BB14206D1406868613846BDE803
:1059F000F04100F0EEBA304600F0F3F90621FAF774
:105A00005DFB040000D1FFDF304600F0EAF9218899
:105A1000884200D0FFDF214638466C61BDE8F04186
:105A200000F027BA10B5D44C207848B1012060723C
:105A3000F8F74CFA2078032804D0207A002800D008
:105A40000C2010BD207BFDF704F8207BFDF772FAD7
:105A5000207BFCF78FFC00B9FFDF0020207010BD19
:105A600010B5FFF7DFFF00F0F1FAC348002180F81E
:105A70003010C172084610BDC049487100208870BE
:105A800001220A7048700A71C870BB490870E7E7C4
:105A9000BA49087070472DE9F047B74C07460E46E3
:105AA000207800284BD1B648FCF702FC20731F2851
:105AB00045D04FF00309676084F8009000256572B7
:105AC000257287B1012107F58E70FDF740FE062093
:105AD000FAF7A0FA97F81C11B1FBF0F200FB1210D4
:105AE000401C87F81C01FCF73EFC40F2F65188424E
:105AF00000D2084600F23F101FFA80F8F7F7B9FD10
:105B0000E061F7F7DFFD0127E0B1A772FCF755FC74
:105B10008246002000F0F1F900EB08015046FCF746
:105B200020F9A061C4E90A6A277584F815909249A2
:105B30002574207B103100F05EF990B910E00C2044
:105B4000BDE8F087FCF739FC4146FCF70AF9A06193
:105B5000A57284F83070A6F28B566663A562E3E7FF
:105B6000FFDF25840020F8F7B1F90020E8E783493A
:105B7000487070478149087170472DE9F0417F4CAA
:105B80000746E088401CE080D4E902516078D7F8ED
:105B9000806120B13246284603F036FC0546A068F5
:105BA000854205D02169281A08442061FDF7D3F801
:105BB000A560AE4205D897F82C01012801D0E07805
:105BC00010B10020BDE8F0810120FBE710B50446CC
:105BD0000846FEF7CFFA4AF2B12108444FF47A7131
:105BE000B0FBF1F040F2E2414C4300F23630844227
:105BF00001D9201A10BD002010BD7CB5044600203C
:105C000084F8400194F8FE0000283FD194F82C015C
:105C100003283BD1FCF7D1FB0146D4F87001FDF716
:105C2000CDF8002832DD214600F016F9411CB4F809
:105C300070000144A4F83C11B4F83C11B4F8F4200D
:105C4000511A09B2002921DD012184F84211B4F86A
:105C50009A10B4F8982001AE891A491E084485B2FA
:105C60000EE00096B4F83C11002301222046FFF715
:105C70009AFA00280AD0012809D0022806D0FFDFAE
:105C8000B4F83C01281A00B20028EADA7CBDB4F866
:105C90003C01BDF804100844A4F83C01F0E738B515
:105CA00000250446012902D13448C07868B1042097
:105CB00084F82C01FCF77FFAA4F87A51B4F870004C
:105CC000A4F83E0184F842515FE60095B4F8F41060
:105CD000012300222046FFF766FA0028EAD0FFDF02
:105CE000E8E710B5062916D2DFE801F00509030C34
:105CF0000C0D002100E00121BDE81040CFE7032199
:105D000080F82C1110BDB0F834118AB2816ABDE858
:105D10001040FFF7FCB9FFDF10BD70B5174CA1783C
:105D2000022916D1E188002913D16569C5F88401DB
:105D300095F86500FEF78BFAD5F88411081AA1686A
:105D40000144A160E1680844E060BDE8704000F0F3
:105D5000A9B970BD70B5054608488478022C11D0E9
:105D6000054C243401B34FF47A7601290ED0022970
:105D700010D0FFDF70BD0000000B0020D800002015
:105D8000D1590100446904F5C074EBE71846FEF7E9
:105D900056FA02E01046FEF795FF00F2E140B0FB34
:105DA000F6F0281A2060E5E72560E3E7FE4810B525
:105DB000007808B1002010BD0620FAF71DF980F028
:105DC000010010BDF8480078002800D0012070477D
:105DD00010B504460C2800D3FFDFF44830F8140057
:105DE00010BD10B504461F2800D3FFDFEE48383041
:105DF00030F8140010BDFCF711BD70B5044600204A
:105E000084F82C0194F87C514FF6FF761F2D00D3B7
:105E1000FFDFE548383020F8156094F87C01FCF786
:105E2000A9FA1F2084F87C01A4E770B505460C464A
:105E300016461046FEF79EF94AF2B12108444FF487
:105E40007A71B0FBF1F000EB450004443046FEF7F8
:105E5000FEF9204460308DE7002809D0D1F83421C4
:105E6000498840F271235943C2EB4101B0FBF1F084
:105E700070472DE9F04101250226CD4F0C46082838
:105E800031D2DFE800F0040E161611301A23204636
:105E900000F0ADF9204600F064F984F84051BE707E
:105EA00090E601F00AFF01E0FEF72FFE84F8405172
:105EB00088E62046BDE8F0414CE4FEF7B3FCFEF76F
:105EC00024FE4FF0E020C0F880627BE694F82C01BD
:105ED000042800D0FFDF2046FFF78FFF7879BDE868
:105EE000F041F5F761B8FFDF6CE610B5AE4C207BF2
:105EF000FCF740FA0020207010BD08B500284FF0D4
:105F00000101684602D0FDF703FC01E0FDF7F6FB56
:105F10009DF8000042F210710002B0FBF1F201FBAB
:105F2000120008BD2DE9F0419F4C0746002084F87F
:105F30003000A669E07220700120207201216068A3
:105F400003F0B2F86068C0F87061257B80F87C517E
:105F5000C0F88071C0F8746106881F2D00D3FFDF80
:105F60009148383020F815606068FFF7EAFC00B10E
:105F7000FFDFFCF720F98E484079BDE8F041F5F7E6
:105F800013B870B5884C0025A07A18B10120FFF72E
:105F9000B4FF0546F7F796FB4119A069FBF7E1FE50
:105FA000A061002525740320607501202075607AAA
:105FB00030B97D49207B1031FFF71DFF00B9FFDFAD
:105FC0002584FCF7F8F87A484079BDE87040F4F78A
:105FD000EBBF70B5744D04462878032800D0FFDF6E
:105FE000082C31D2DFE804F0040E2A2A2630302DA6
:105FF00000206862F7F77CFD00B1FFDF6C490320E9
:106000008870B7E6F7F735FBE9690446A14206D286
:10601000601A0421FCF705FFEC6108B906E0E861AD
:10602000F7F7B1FE0028ECD0FFDFA3E6BDE8704033
:106030000020AFE4BDE87040FEF767BDBDE87040EA
:1060400035E4BDE8704050E7FFDF93E6FEB5584CFD
:106050000120E0704FF6FF750CE00621FAF72EF8EC
:10606000060000D1FFDF96F87C01FCF763FF3046A5
:10607000FFF7C3FE69460620F9F7ADFF50B1FFDF19
:1060800008E0029830B190F82C1119B10088A842AC
:10609000E3D104E06846F9F77CFF0028F1D0002046
:1060A000E070FEBD2DE9F0474148446994F8431182
:1060B000002955D094F82C11032951D194F86590FA
:1060C0000078FFF785FE054694F88C01FFF780FE07
:1060D000284486B294F88C01FFF77AFE00F5C86078
:1060E0001FFA80F84846FEF7B2F8D4F884110D1A6A
:1060F0004846FEF73FF84FF47A7A00F2E730B0FBFB
:10610000FAF02D1A4846FEF7A2F8D4F800110F1A3B
:106110004846FEF72FF84AF2B1210144B1FBFAF0EC
:106120003A1AA2F160007043B0FBF8F1292000EBAD
:1061300052006031A0EB510200EB5100AA4201D89D
:10614000854201D3F4F714FE608840F2E2414843EF
:106150003146FFF70DF8C4F83401002084F84301FC
:10616000EEE470B50446FCF7FEF8054694F86500C9
:10617000FEF700F84AF2B12108444FF47A71B0FBFF
:10618000F1F0D4F8341140F2712201446088504398
:10619000C1EB4006303EB72D00D8B725214601207F
:1061A00003F0CFFC284405E0000B002088B201007A
:1061B000D8000020351A21460120A5F21B3503F036
:1061C000C0FC616A9C30814201D9081A00E00020BD
:1061D0002C49A842CD6000D328468860D4F86C01D1
:1061E000A0F5D3700861BDE87040FCF7B4BD10B5F0
:1061F000044624490020C4F88001C880C4F8840102
:1062000094F8410138B9FCF7D8F8D4F84C11FCF7F0
:10621000D5FD002813DCB4F83E11B4F870008142BB
:1062200001D1B4F8F410081AA4F8F600A4F870101C
:10623000D4F86801C4F84C01C4F870011CE0B4F84B
:106240003C01B4F87010401AA4F8F600B4F83C0110
:10625000A4F87000D4F84C01C4F86801C4F87001C7
:10626000D4F85401C4F80001D4F85801C4F87401FA
:10627000B4F85C01A4F878012046BDE8104001F0B4
:1062800006BC0000D80000202DE9F0410E4604466F
:1062900003F06FFB0546204603F06DFB044603F058
:1062A000FDF8FB4F010015D0386990F864208A4250
:1062B00010D090F8C4311BB190F8C63123421FD0E2
:1062C0002EB990F85D30234201D18A4218D890F857
:1062D000C401A8B1284603F0E1F870B1396991F81A
:1062E0006520824209D091F8C40118B191F8C70124
:1062F000284205D091F8C40110B10120BDE8F08119
:106300000020FBE730B5E24C85B0E06900285ED0A4
:10631000142200216846F7F736F8206990F86500E6
:10632000FDF728FF4FF47A7100F5FA70B0FBF1F534
:10633000206990F86500FDF78AFF2844ADF8060053
:1063400020690188ADF80010B0F87010ADF80410A5
:106350004188ADF8021090F8A60130B1A069C11CC7
:10636000039103F01FFA8DF81000206990F8A50141
:106370008DF80800E169684688472069002180F8A7
:10638000A61180F8A5110399002920D090F8A41136
:1063900000291CD190F87C10272918D09DF81010E6
:1063A000039A002913D013780124FF2B11D0072B57
:1063B0000DD102290BD15178FF2908D180F8A441D1
:1063C0000399C0F8A8119DF8101080F8A71105B026
:1063D00030BD1B29F2D9FAE770B5AD4C206990F8B1
:1063E0007D001B2800D0FFDF2069002580F8A75022
:1063F00090F8D80100B1FFDF206990F8A81041B1F2
:1064000080F8A8500188A0F8DC1180F8DA510C213E
:1064100008E00188A0F8DC1180F8DA51012180F849
:10642000DE110B2180F8D8110088F9F77AFFF9F70F
:1064300023FC2079F4F7B8FD206980F87D5070BD09
:1064400070B5934CA07980072CD5A078002829D16D
:1064500062692046D37801690D2B01F170005FD08D
:106460000DDCA3F102034FF001050B2B19D2DFE87D
:1064700003F01A1844506127182C183A6400152BA1
:106480006FD008DC112B4BD0122B5AD0132B62D0BB
:10649000142B06D166E0162B71D0172B70D0FF2B72
:1064A0006FD0FFDF70BD91F87F200123194602F005
:1064B00038FF0028F6D12169082081F87F0070BDDF
:1064C0001079BDE8704001F0A2BC91F87E00C007D1
:1064D00000D1FFDF01F05AFC206910F87E1F21F087
:1064E0000101017070BD91F87D00102800D0FFDF20
:1064F0002069112180F8A75008E091F87D00142848
:1065000000D0FFDF2069152180F8A75080F87D10AA
:1065100070BD91F87D00152800D0FFDF172005E041
:1065200091F87D00152800D0FFDF1920216981F83E
:106530007D0070BDBDE870404EE7BDE8704001F0E1
:106540003ABC91F87C200123002102F0EAFE00B958
:10655000FFDF0E200FE011F87E0F20F0040008701E
:106560001DE00FE091F87C200123002102F0D9FE0C
:1065700000B9FFDF1C20216981F87C0070BD12E0AA
:106580001BE022E091F87E00C0F30110012800D04A
:10659000FFDF206910F87E1F21F010010170BDE8B7
:1065A000704001F0F3BB91F87C200123002102F040
:1065B000B8FE00B9FFDF1F20DDE791F87D0021283C
:1065C00001D000B1FFDF2220B0E7BDE8704001F04C
:1065D000E9BB2F48016991F87E20130702D50121FC
:1065E0008170704742F0080281F87E208069C0788F
:1065F00081F8E10001F0C1BB10B5254C21690A8882
:10660000A1F81A2281F8180291F8640001F0A9FBA0
:10661000216981F81C0291F8650001F0A2FB216953
:1066200081F81D02012081F81602002081F8C401C2
:106630002079BDE81040F4F7B7BC10B5144C052123
:106640002069FFF74EFB206990F85A10012908D005
:1066500000F5F77103F048FA2079BDE81040F4F72F
:10666000A3BC022180F85A1010BD10B5084C0123BC
:106670000921206990F87C20703002F052FE48B168
:106680002169002001F8960F087301F81A0C10BD5B
:10669000F80000200120A070F9E770B5FE4D01233D
:1066A00029462869896990F87C2009790E2A01D148
:1066B000122903D000241C2A03D004E0BDE8704056
:1066C000D3E7142902D0202A07D008E080F87C40C4
:1066D00080F8A240BDE87040AFE7162906D0262A10
:1066E00001D1162902D0172909D00CE000F87C4FFF
:1066F00080F82640407821280CD01A2017E090F826
:106700007D20222A07D0EA69002A03D0FF2901D17F
:1067100080F8A63132E780F87D4001F037FB286928
:1067200080F8974090F8C4010028F3D00020BDE81D
:10673000704061E72DE9F843D74C206990F87C1050
:10674000202909D05FF0000790F87D10222905D09C
:106750007FB300F17C0503E00127F5E700F17D053B
:1067600010F8B01F41F004010170A06903F007F9AF
:106770004FF00108002608B33946A069FFF784FDF1
:10678000E0B16A46A169206902F096FE90B3A06963
:1067900003F0F3F82169A1F8AE01B1F8701001F02F
:1067A000C6FA40B32069282180F88D1080F88C80CB
:1067B00048E0FFE70220A070BDE8F883206990F868
:1067C000C40110B11E20FFF717FFAFB1A069216906
:1067D000C07881F8E20008FA00F1C1F3006000B966
:1067E000FFDF20690A2180F87C1090F8A20040B9F0
:1067F000FFDF06E009E01AE02E7001F0C7FAFFF7AC
:10680000E8FE206980F89760D6E7206990F8C40117
:1068100018B10020FFF7F0FE2E70206900F17D0115
:1068200080F897608D420DD180F87D600AE0206984
:106830009DF8001080F8B0119DF8011080F8B1119A
:1068400024202870206900F17D018D4203D1BDE82C
:10685000F84301F09BBA80F8A260ADE770B58E4CAA
:1068600001230B21206990F87D20703002F059FD42
:10687000202650BB20690123002190F87D20703034
:1068800002F04FFD0125F0B1206990F87C0024282A
:106890001BD0A06903F063F8C8B1206990F8B0106C
:1068A00041F0040180F8B010A1694A7902F00702B2
:1068B00080F85D20097901F0070180F85C1090F8FC
:1068C000C5311BBB06E0A57058E6A67056E6BDE8CC
:1068D00070407EE690F8C431C3B900F164035E787D
:1068E0008E4205D11978914202D180F897500DE07F
:1068F00000F504710D7002884A8090F85C200A71DE
:1069000090F85D0048712079F4F74EFB2169212051
:1069100081F87D00BDE8704001F02FBAF8B55E4CFB
:10692000206990F87E0010F0300F04D0A07840F07D
:106930000100A070F8BDA06902F0FAFF50B3A06991
:1069400002F0F0FF0746A06902F0F0FF0646A069DA
:1069500002F0E6FF0546A06902F0E6FF0146009757
:10696000206933462A46303003F046F8A079800784
:1069700003D56069C07814280FD0216991F87C0094
:106980001C280AD091F85A0001280ED091F8BB01BA
:1069900058B907E0BDE8F8401BE62169012081F8FD
:1069A0005A0002E091F8BA0130B1206910F87E1F58
:1069B00041F0100101700EE091F87E0001F5FE72C9
:1069C00040F0200081F87E0031F8300B03F080F8B1
:1069D0002079F4F7E9FABDE8F84001F0CEB970B5D6
:1069E0002D4C206990F87E10890707D590F87C20FF
:1069F00001230821703002F094FCE8B1206990F87E
:106A0000AA00800712D4A06902F073FF216981F8FF
:106A1000AB00A06930F8052FA1F8AC204088A1F8A0
:106A2000AE0011F8AA0F40F002000870206990F83B
:106A3000AA10C90703D00FE00120A0709EE590F8CE
:106A40007E00800700D5FFDF206910F87E1F41F02F
:106A50000201017001F091F92069002590F87C1085
:106A6000062906D180F87C5080F8A2502079F4F7EE
:106A70009BFA206990F8AC110429DFD180F8AC5161
:106A80002079F4F791FA206990F87C100029D5D18B
:106A900080F8A25072E50000F800002070B5FE4CAE
:106AA00001230021206990F87D20703002F039FC2C
:106AB000012578B9206990F87D20122A0AD0012397
:106AC0000521703002F02DFC10B10820A07055E5B2
:106AD000A57053E5206990F8A80008B901F04DF9B8
:106AE0002169A06901F5847102F0F1FE2169A069B4
:106AF000D83102F0F2FE206990F8E00100B1FFDF2A
:106B000021690888A1F8E20101F5F271A06902F09B
:106B1000D6FE2169A06901F5F67102F0D5FE206963
:106B200080F8E051142180F87D102079BDE8704094
:106B3000F4F73ABA70B5D84C01230021206990F8D7
:106B40007D20703002F0EDFB0125A8B1A06902F0B4
:106B50008CFE98B1A0692169B0F80D00A1F8AE01D2
:106B6000B1F8701001F0E3F858B12069282180F8DD
:106B70008D1080F88C5001E5A570FFE4BDE87040F1
:106B800027E5A0692169027981F8B021B0F80520D4
:106B9000A1F8B22102F060FE2169A1F8B401A06958
:106BA00002F05DFE2169A1F8B601A06902F05AFE6B
:106BB0002169A1F8B8010D2081F87D00DEE47CB5E3
:106BC000B54CA079C00738D0A06901230521C5784C
:106BD000206990F87D20703002F0A3FB68B1AD1EF3
:106BE0000A2D06D2DFE805F00909050509090505A2
:106BF0000909A07840F00800A070A07800281CD1F6
:106C0000A06902F0FFFD00287AD0A0690226C578AD
:106C10001DB1012D01D0162D18D1206990F87C00EE
:106C200002F067FB90B1206990F87C101F290DD00D
:106C3000202903D0162D16D0A6707CBD262180F801
:106C40007C10162D02D02A20FFF7D6FC0C2D58D030
:106C50000CDC0C2D54D2DFE805F033301D44A7A71F
:106C6000479E57A736392020A0707CBD0120152DE6
:106C700075D008DC112D73D0122D69D0132D64D07E
:106C8000142D3DD178E0162D7CD0182D7DD0FF2D10
:106C900036D183E020690123194690F87F207030B7
:106CA00002F03FFBF8B9A06902F007FE216981F804
:106CB0009201072081F87F0078E001F044F975E047
:106CC000FFF738FF72E001F01EF96FE0206990F8DD
:106CD0007D10112901D0A67068E0122180F87D1086
:106CE00064E0FFF7DBFE61E0206990F87D00172883
:106CF000F1D101F04BF821691B2081F87D0055E0AE
:106D000052E0FFF76CFE51E0206990F87E00C0076A
:106D100003D0A07840F001001FE06946A06902F0AE
:106D2000EAFD9DF8000000F02501206900F8B01F81
:106D30009DF8011001F04101417001F01EF8206939
:106D400010F87E1F41F0010114E0FFF78EFC2DE0EA
:106D5000216991F87E10490705D5A07026E00EE064
:106D600016E00FE011E001F008F8206910F87E1F2E
:106D700041F00401017019E0FFF7D0FD16E001F0C9
:106D80008AF813E0FFF76AFD10E0FFF7D3FC0DE08F
:106D900001F060F80AE0FFF780FC07E0E16919B153
:106DA000216981F8A60101E0FFF713FC2069F0E9F1
:106DB0003012491C42F10002C0E900127CBD70B5DE
:106DC000354CA07900074AD5A078002847D1206922
:106DD00090F8E400FE2800D1FFDF2069FE210025A5
:106DE00080F8E41090F87D10192906D180F8A7509A
:106DF00000F0CCFF206980F87D50206990F87C106D
:106E00001F2902D0272921D119E090F87D0002F036
:106E100070FA78B120692621012380F87C1090F85F
:106E20007D200B21703002F07CFA78B92A20FFF720
:106E3000E3FB0BE02169202081F87C0006E00121C2
:106E400080F8A51180F87C5080F8A250206990F855
:106E50007F10082903D10221217080F8E41059E441
:106E600010B50D4C216991F8B0210AB991F8642050
:106E700081F8642091F8B1210AB991F8652081F870
:106E8000652010B10020FFF7B7FB206902F0D4FDA8
:106E9000002809D0206901E0F8000020BDE810407A
:106EA00000F5F77102F020BE10BD70B5FC4C06462F
:106EB0000D46206990F8E400FE2800D0FFDF22692B
:106EC000002082F8E46015B1A2F8A40022E422F8C0
:106ED0009E0F012010711DE470B5F14C01230021BB
:106EE000206990F87C20703002F01BFA002869D0ED
:106EF000206990F8BA1111B190F8BB1139B190F82E
:106F0000C41100295DD090F8C51111B359E090F873
:106F10007D1024291BD090F87C10242917D0002341
:106F200000F5D87200F5DD7102F058FD21690020EE
:106F300081F8BA0101461420FFF7B7FF216901F17A
:106F40003000C28A21F8E62F408B48803FE00123C1
:106F5000E6E790F87D2001230B21703002F0E1F983
:106F600078BB206990F8640000F0FBFE05462069BC
:106F700090F8650000F0F5FE0646206990F8C6110D
:106F8000284600F0E0FE50B1206990F8C711304665
:106F900000F0D9FE18B10020FFF72EFB11E02069A8
:106FA0000123032190F87D20703002F0BAF940B936
:106FB00020690123022190F87D20703002F0B1F9A0
:106FC00008B1002080E400211620FFF76EFF0120A9
:106FD0007AE410B5F0BBB24C206990F87E10CA0775
:106FE00002D00121092051E08A070AD501210C2095
:106FF000FFF75BFF206910F8AA1F41F00101017043
:1070000046E04A0702D5012113203FE00A0705D5D3
:1070100010F8E11F41710121072037E011F0300F16
:107020003AD090F8BB11A9B990F8BA11D9B190F83B
:107030007D1024292ED090F87C1024292AD00023FA
:1070400000F5D87200F5DD7102F0C8FC216911F875
:107050007E0F00E020E020F0200040F010000870DB
:10706000002081F83C01206990F87E10C90613D5F4
:1070700002F0E2FCFFF7E1FA216901F13000C28A77
:1070800021F8E62F408B488001211520FFF70DFFE6
:10709000012010BD0123D3E7002010BD70B5804C46
:1070A000206990F8E410FE2978D1A178002975D1E3
:1070B00090F87F2001231946703002F032F9002841
:1070C0006CD1206990F8901149B10021A0F89C1072
:1070D00090F8911180F8E610002102205BE090F812
:1070E0007D2001230421703002F01BF90546FFF7D3
:1070F00070FF002852D1284600F089FF00284DD1AA
:1071000020690123002190F87C20703002F009F9F9
:1071100078B120690123042190F87D20703002F0BD
:1071200000F930B9206990F8960010B100211220C2
:1071300031E0206990F87C200A2A0DD0002D2DD155
:1071400001230021703002F0ECF878B1206990F84A
:10715000AC1104290AD105E010F8E21F01710021E9
:10716000072018E090F8AA00800718D0FFF7B4FEB7
:10717000002813D120690123002190F87C20703071
:1071800002F0CFF8002809D0206990F8A401002867
:1071900004D00021FF20BDE8704086E609E0002110
:1071A0000C20FFF782FE206910F8AA1F41F00101B0
:1071B000017043E43EB505466846FDF7BDFE00B9E3
:1071C000FFDF222200210098F6F7DDF80321009866
:1071D00002F0FFFA0098017821F0100101702946B1
:1071E00002F01DFB2E4C0D2D40D00BDCA5F102054D
:1071F0000B2D19D2DFE805F01F184719191F185673
:1072000018192400152D5ED008DC112D25D0122D63
:107210000BD0132D09D0142D06D154E0162D29D0F2
:10722000172D69D0FF2D73D0FFDFFDF79AFE0028E0
:1072300000D1FFDF3EBD2169009891F8E61017E00C
:10724000E26800981178017191884171090A817191
:107250005188C171090A0172E7E70321009802F021
:10726000A6FB0621009802F0A6FBDEE700980621A7
:107270000171DAE70098216991F8C621027191F84D
:10728000C7114171D1E72169009801F5887102F0B9
:1072900028FB21690098DC3102F028FBC5E70000DB
:1072A000F8000020F849D1E90001CDE90101206989
:1072B00001A990F8B00000F025008DF804000098B6
:1072C00002F048FBB1E72069B0F84810009802F0DE
:1072D00017FB2069B0F8E810009802F015FB206950
:1072E000B0F84410009802F013FB2069B0F8E610E3
:1072F000009802F011FB98E7216991F8C401002879
:107300000098B9D111F8642F02714978B9E7FFE705
:10731000206990F8A721D0F8A811009802F08DFA02
:1073200083E7DA4810B5006990F8821041B990F807
:107330007D2001230621703001F0F3FF002800D0EA
:10734000012010BD70B5D14D286990F8801039B179
:10735000012905D0022906D0032904D0FFDF0AE461
:10736000B0F8F41037E090F87F10082936D0B0F864
:107370009810B0F89A2000248B1C9A4206D3511A18
:10738000891E0C04240C01D0641EA4B290F896103F
:1073900039B190F87C2001230921703001F0C1FF40
:1073A00040B3FFF7BEFF78B129690020B1F8902003
:1073B000B1F88E108B1C9A4203D3501A801E00D055
:1073C000401EA04200D284B20CB1641EA4B228694F
:1073D000B0F8F4102144A0F8F01040E5B0F898108F
:1073E0000329BDD330F8701F428D1144491CA0F809
:1073F000801034E50024EAE770B50C4605464FF4EA
:10740000087200212046F5F7BEFF258027E5F8F732
:107410005FBF2DE9F0410D4607460621F8F74EFE05
:10742000041E3ED094F8CC010026B8B16E7007203F
:1074300028700DE0268484F8CC61D4F8CE01C5F81C
:107440000200D4F8D201C5F80600B4F8D60168816C
:1074500094F8CC010028EDD1AE70B6E094F8D801D4
:1074600090B394F8D8010B2813D00C2801D0FFDF7B
:10747000ABE02088F8F755FF0746F8F712FC78B91B
:107480006E700C20287094F8DA01A8702088A8800B
:1074900014E02088F8F745FF0746F8F702FC10B122
:1074A0000020BDE8F0816E700B20287094F8DA019E
:1074B000A8702088A88094F8DE01A87184F8D861AB
:1074C0003846F8F7E8FB80E0FFE794F80E0230B1A9
:1074D0006E700E20287084F80E626F8075E094F84C
:1074E000E00180B16E700820287020886880D4F890
:1074F000E4116960D4F8E811A960B4F8EC01A8813E
:1075000084F8E06161E094F8080270B16E701620B2
:10751000287005E084F80862D4F80A02C5F8020071
:1075200094F808020028F5D14FE094F8EE01B0B1CC
:107530006E70122028700DE084F8EE61D4F8F0012E
:10754000C5F80200D4F8F401C5F80600D4F8F80133
:10755000C5F80A0094F8EE010028EDD135E094F862
:10756000FC0180B16E701820287084F8FC61D4F89A
:10757000FE01C5F80200D4F80202C5F80600B4F80E
:107580000602688121E094F8100240B119202870A9
:1075900084F81062D4F81202C5F8020015E094F8DD
:1075A000160200283FF47DAF6E701320287008E0AB
:1075B00084F81662D4F81802C5F80200B4F81C0268
:1075C000E88094F816020028F2D1012069E72F48DC
:1075D0000021C16101620846704730B52B4D0C4651
:1075E000E860FFF7F4FF00B1FFDF2C7130BD002130
:1075F00080F87C1080F87D1080F8801090F8FE10E4
:1076000009B1022100E00321FEF76BBB2DE9F04137
:107610001E4C0546206909B1002104E0B0F80611AE
:10762000B0F8F6201144A0F8061190F8901139B97D
:1076300090F87F2001231946703001F072FE30B1BE
:10764000206930F89C1FB0F85A201144018020694D
:1076500090F8A23033B1B0F89E10B0F8F620114483
:10766000A0F89E1090F9A670002F06DDB0F8A410C7
:10767000B0F8F6201144A0F8A41001213D263DB138
:1076800080F88D6018E00000A0B20100F800002032
:107690002278022A0AD0012A11D0A2782AB380F8CF
:1076A0008C1012F0140F0DD01E2113E090F8E6207C
:1076B000062A3CD016223AE080F88C1044E090F87C
:1076C000922134E0110702D580F88D603CE09106EC
:1076D00003D5232180F88D1036E0900700D1FFDF1D
:1076E00021692A2081F88D002AE02BB1B0F89E2074
:1076F000B0F8A0309A4210D2002F05DDB0F8A420D7
:10770000B0F8A0309A4208D2B0F89C30B0F89A2075
:10771000934204D390F890310BB1222207E090F805
:1077200080303BB1B0F89830934209D3082280F8FA
:107730008D20C1E7B0F89820062A01D33E22F6E753
:10774000206990F88C1019B12069BDE8F0414EE72E
:10775000BDE8F0410021FEF7C4BA2DE9F047FF4C27
:1077600081460D4620690088F8F7EDFD060000D13E
:10777000FFDFA0782843A070A0794FF000058006B5
:10778000206904D5A0F8985080F8045103E030F83F
:10779000981F491C0180FFF7C4FD012740B3E08812
:1077A000000506D5206990F8821011B1A0F88E501E
:1077B0001EE02069B0F88E10491C89B2A0F88E1026
:1077C000B0F890208A4201D3531A00E00023B4F8A5
:1077D00008C00CF1050C634501D880F89670914201
:1077E00006D3A0F88E5080F80E722079F3F7DCFBF8
:1077F000A0794FF0020810F0600F0ED0206990F8C9
:10780000801011B1032908D102E080F8807001E0F6
:1078100080F880800121FEF764FA206990F88010DA
:10782000012904D1E188C90501D580F88080B9F12A
:10783000000F71D1E188890502D5A0F8185104E044
:10784000B0F81811491CA0F8181100F0A7FBFEF7BA
:1078500059FDFFF723FC00F0B2FD0028206902D09B
:10786000A0F8F85003E030F8F81F491C018000F040
:10787000A9FD38B1206990F80411022907D8491CE4
:1078800080F80411206990F80401022804D92069C5
:1078900020F8F85F4580057320690123002190F8E6
:1078A0007D20703001F03DFD20B9206990F87D0009
:1078B0000C286AD120690123002190F87C207030C7
:1078C00001F02FFD48B320690123002190F87F20AB
:1078D000703001F026FD00B3206990F88010022975
:1078E00053D190F80401C0B93046F7F7AAFFA0B110
:1078F000216991F8E400FE2847D1B1F8F20001288F
:1079000043D981F8FD70B1F89A20B1F89800931E20
:10791000984203DB012004E043E036E0101A401EE9
:1079200080B2B1F8F82023899A4201D3012202E003
:107930009A1A521C92B2904200D91046012801D1E5
:1079400081F8FD5091F86F206AB98A6E5AB1B1F88A
:107950009420B1F87030D21A12B2002A03DD90429E
:1079600000DB104680B291F8892192B1B1F8FA207B
:10797000B1F88A118A4201D3012102E0891A491C17
:1079800089B2884205D9084603E02169012081F8BF
:10799000FD502169B1F870201044A1F8F400FFF700
:1079A000D1FCE088C0F340214846FFF72FFE206954
:1079B00080F8FE50BDE8F047FDF7F6BA6749024689
:1079C0008878CB78184312D10846006942B189798A
:1079D000090703D590F87F00082808D001207047D8
:1079E000B0F84C10028E914201D8FEF7C6B80020C4
:1079F000704770B5594C05460E46E0882843E08034
:107A0000A80703D5E80700D0FFDF6661EA074FF05B
:107A100000014FF001001AD0A661F278062A02D0C8
:107A20000B2A14D10AE0226992F87D30172B0ED16F
:107A30000023E2E92E3302F8370C08E0226992F8BD
:107A40007D30112B03D182F8811082F8A800AA079B
:107A500018D56269D278052A02D00B2A12D10AE021
:107A6000216991F87D20152A0CD10022E1E930220C
:107A700001F83E0C06E0206990F87D20102A01D123
:107A800080F88210280601D50820E07067E42DE90F
:107A9000F84F324C00254FF00108E580A570E570E5
:107AA0004146257061F3070220619246814680F8C5
:107AB000FE800088F8F747FC070000D1FFDF20694F
:107AC0000088FDF736FA20690088FDF75BFA206927
:107AD000B0F8F21071B190F8E410FE290FD190F8CF
:107AE000901189B190F87F2001231946703001F080
:107AF00018FC78B1206990F8E400FE2804D02069D1
:107B000090F8E400FFF756FB206990F8FF1089B168
:107B1000258118E02069A0F89C5090F8911180F818
:107B2000E61000210220FFF7C0F9206980F8FD501F
:107B30000220E7E790F8CC1119B9018C82889142B4
:107B400000D881882181B0F8F610491E8EB2B0F8B5
:107B5000F8103144A0F8F81002E00000F80000200E
:107B600090F8FC1021B1A0F8FA5080F8FC5004E025
:107B7000B0F8FA103144A0F8FA1030F8981F3144E8
:107B80000180FFF7CEFB20B1206930F88E1F314411
:107B900001802069B0F8F210012902D8491CA0F830
:107BA000F2100EB180F8045190F8FD10A1B1B0F8B8
:107BB000F800218988420FD23846F7F742FE58B1C3
:107BC000206990F8891139B1B0F8FA10B0F88A013B
:107BD000814201D300F0F9FB206980F8FD5090F854
:107BE0007D100B2901D00C2916D1B0F87020B0F807
:107BF000AE31D21A12B2002A0EDBD0F8B011816079
:107C000090F8B4110173032101F04EFA206980F855
:107C10007D5080F8B28026E0242910D1B0F8701091
:107C2000B0F8AE21891A09B2002908DB90F8C40126
:107C3000FFF716F9206900F87D5F857613E090F86C
:107C40007C10242901D025290DD1B0F87010B0F88E
:107C5000AE01081A00B2002805DB0120FFF700F989
:107C6000206980F87C5020690146B0F8F620703019
:107C700001F0C8FA206990F8891109B1A0F8FA500A
:107C8000F6480090F64BF74A4946504600F0DEFAB7
:107C9000216A11B16078FCF74DFE206901230521AE
:107CA00090F87D20703001F03CFB002803D0BDE847
:107CB000F84F00F038BABDE8F88F00F045BBEA494C
:107CC000C8617047E848C069002800D001207047AB
:107CD000E54A50701162704710B50446B0F8B421FF
:107CE0004388B0F8B611B0F8B8019A4205D1A3881C
:107CF000994202D1E38898420FD02388A4F8D0316A
:107D0000A4F8D221A4F8D411A4F8D601012084F853
:107D1000CC01D5480079F3F747F90221204601F05C
:107D2000C3F9002004F87D0F0320E07010BD401A55
:107D300000B247F6FE71884201DC002801DC012018
:107D4000704700207047012802D0022805D102E0C8
:107D5000012904D001E0022901D000207047012050
:107D6000704710B5012804D0022804D0FFDF204658
:107D700010BD0124FBE70224F9E7BB48002100699C
:107D800020F8A41F8178491C81707047B64800B55F
:107D9000016911F8A60F401E40B20870002800DAF1
:107DA000FFDF00BDB0482721006980F87C1000216A
:107DB00080F8A411704710B5AB4C206990F8AC1155
:107DC000042916D190F87C2001230021703001F0A5
:107DD000A8FA00B9FFDF206990F8AA10890703D438
:107DE000062180F87C1004E0002180F8A21080F8C1
:107DF000AC11206990F87E00800707D5FFF7C6FF19
:107E0000206910F87E1F21F00201017010BD964913
:107E100010B5096991F87C200A2A09D191F8E2206D
:107E2000824205D1002081F87C0081F8A20010BDBB
:107E300091F87E20130706D522F0080081F87E0015
:107E4000BDE81040A2E7FF2801D0FFDF10BDBDE86C
:107E50001040A7E710B5844C206910F8B01F41F01E
:107E600004010170A06901F0A4FD162806D1206963
:107E700090F87C00202802D0262805D010BDA069EB
:107E800001F09BFDFEF7B8FB2169002081F87C0022
:107E900081F8A20010BDF8B5734C01230A212069B6
:107EA00090F87C20703001F03CFA38B3A06901F002
:107EB0003FFDC8B1A06901F035FD0746A06901F09A
:107EC00035FD0646A06901F02BFD0546A06901F0CD
:107ED0002BFD01460097206933462A46303001F0D9
:107EE0008BFD206901F0A8FD2169002081F8A20026
:107EF00081F87C00BDE8F840FEF79FBBA07840F019
:107F00000100A070F8BD10B5574C01230021206975
:107F100090F87D20703001F004FA30B1FFF72DFFAA
:107F20002169102081F87D0010BD20690123052101
:107F300090F87D20703001F0F4F908B1082000E0DD
:107F40000120A07010BD70B5474C012300212069AD
:107F500090F87D20703001F0E4F9012588B1A06926
:107F600001F0A8FC2169A1F8AE01B1F87010FFF78B
:107F7000DEFE40B12069282180F88D1080F88C50F9
:107F800084E5A57082E52169A06901F5D87101F049
:107F90008CFC21690B2081F87D0077E510B5FEF798
:107FA0000EFFFEF70CFE304CA079400708D5A078F4
:107FB00030B9206990F87F00072801D10120207096
:107FC000FEF73EFAA079C00609D5A07838B9206935
:107FD00090F87D100B2902D10C2180F87D10E078FB
:107FE00000070ED520690123052190F87D2070300F
:107FF00001F097F930B10820A0702169002081F8C4
:10800000D80110BDBDE81040002000F016BB10B52F
:10801000154C216991F87D2040B3102A06D0142A0E
:1080200007D0152A23D01B2A35D123E001210B20AC
:1080300022E0FBF769FB0C2820D32069082100F51A
:108040008870FBF765FB28B120690421DC30FBF761
:108050005FFB00B9FFDF012104200DE05B77010029
:10806000BD790100F3790100F800002008E000F07C
:1080700017F803E001210620FEF717FF012010BDCD
:10808000212A08D191F8970038B991F8C40110B1AC
:1080900091F8C50108B1002010BD01211720EBE7C0
:1080A00070B5184C0025206990F8931101290AD069
:1080B000022925D190F8A810A9B1062180F8E61070
:1080C0000121022017E090F8D811002918D100F101
:1080D000C80300F58471002200F5CA7001F0C1F8F0
:1080E0000121052007E090F8B000400701D51120DC
:1080F00000E00D200121FEF7D8FE206980F89351A1
:10810000C4E40000F8000020F9480078002800D0FE
:108110000C20704710B50446FFF7F6FF00B1FFDFF3
:10812000F348047210BDF2490120C871704770B560
:108130000C460546082B01D0194600E004211046E4
:1081400001F075F9844200D220460DB1001D80B2C5
:10815000C0B270BD70B5E64934314C6804F17005A9
:1081600060B1628F218F94F86530A87CFFF7DFFF44
:1081700094F86510BDE87040FCF79EB8FF2094F8B5
:108180006410F7E72DE9F0478146D9483430446858
:10819000002004F17005628F218F94F86530FFF79D
:1081A000C6FFD34F0646D34878620120FFF7D2FFBF
:1081B000A87C4FF0000840B305F15801CE4891E883
:1081C0000E1000F1080A8AE80E10A96EC0F82110FE
:1081D000E96EC0F82510FE38FCF743FBC6480121C4
:1081E00008300176D5E91412C0E90412A0F58372B3
:1081F000796AFBF728FF94F8650000F0A7FB0246B8
:1082000031460120FBF72DFF04E0786AFCF729FBDB
:10821000FBF74BFFB9F1000F03D141469620FCF765
:108220004CFB94F8642001210020FCF706FC94F834
:108230002C00012801D1FCF7DFFB02203870FCF78D
:1082400061FD002800D0FFDFBDE8F0872DE9F04395
:10825000A74D87B0804628780E9F1C461646894653
:1082600010B90EB104B107B9FFDFEF61C5E90564CC
:108270000020C5E90D89E871A871E870A87028711F
:108280009B4F6871A8813437E8817E68344636F8A0
:10829000700BF8F758F8E8622088F8F742F828637E
:1082A000FCF714F894F96700FCF7CEF804F112001B
:1082B000FCF7B9FA04F10E00FCF7CCF80120FCF74A
:1082C000CDFA18228D496846F5F733F88C480490AA
:1082D0006846FCF7B7FAF07EFCF7C6F8FCF7B8FA88
:1082E00094F86F0078B9A06E68B1B08C318888427C
:1082F00009D1B4F86C1001220844B08494F86E00DF
:10830000A16EF9F708FE628F218F94F86530B07C7A
:10831000FFF70DFF94F865402146FBF7CDFF786825
:1083200090F8880108B1FCF74FF821460120FCF7CE
:1083300054F97868D0F80001FCF797FA0120FFF7AC
:1083400021FF07B0BDE8F083694800B50078022836
:1083500000D0FFDF00BD664810B534304468FCF73C
:10836000FBFAFCF7DAFAFCF729FAFCF762FAFBF7FA
:108370009CFE94F82C00012801D1FCF733FB94F803
:108380006F0038B9A06E28B1002294F86E00114633
:10839000F9F7C1FD564CE08900F0E2FAE269A179F3
:1083A000A07890470020207010BD514810B500788B
:1083B000022800D0FFDFBDE81040CCE7CBE74C48F7
:1083C000007970474A48C078704749490120487190
:1083D00070472DE9FC474648454E3430A0F114075C
:1083E00044684FF0000A254694F875004FF00108E4
:1083F000703458B3012868D002286AD0032876D098
:10840000FFDF316AB1460826087820F008000870BE
:10841000A37906EAC303184320F004000870E37947
:10842000042606EA8303184320F0100008706779D9
:10843000D9F82C00F7F715FA0646FCF7C8FD022F0D
:1084400067D0012F65D0032F66D068E000F094FA62
:10845000AA8E0146104600F0EAFF298E814200D222
:1084600008464C21ADF8040048533846FCF78DFD12
:1084700048B14FF48060316A00F077FA03206071F0
:1084800084F80380BDE76A4601A9F06A00F05CFA4F
:10849000306210B194F8371029B13846FCF746FD28
:1084A00084F80580ADE79DF8001031B9A0F800A070
:1084B00080F802A0012101F08CF9BDF80410306AA7
:1084C00001F07DFA022060719BE73846FCF72EFD33
:1084D00097E7B5F84C00ADF804006A4601A9F06AC8
:1084E00000F032FA306200288BD1FFDF89E709E023
:1084F0001C010020780B0020780D0020A8B201009C
:108500001B5D01003846FCF740FD0028BAD1FFDFB3
:1085100077E7B04301D002E00EB1012100E0002175
:10852000D9F820004E46027842EA01110170617CC0
:1085300051B36179012927D004F15801F7488EC958
:1085400000F1080989E88E00A16EC0F82110E16EE3
:10855000C0F82510FE38FCF784F9F048083080F8A0
:1085600018A0D4E91212C0E90412A0F58371326A8E
:10857000FBF769FD95F8640000F0E8F90246FB217D
:108580000020FBF76EFD03E0FCF76BF9FBF78DFDB8
:10859000012195F865200846FCF74FFA86F804801B
:1085A000316A0A8832828978B17486F80080FCF7D3
:1085B000B5FB002800D0FFDFBDE8FC8770B5D84CC4
:1085C000054639B9012D05D1E078401CC0B2E070F4
:1085D000012820D8A16928468847E0B16179D148AF
:1085E00031B1012D04D1417811B90178C90612D5F4
:1085F000A17981B98DB9CA4910310978CA0602D466
:108600000078C00607D5A08928B9A06A28B9608972
:1086100018B1C80601D4012070BD002070BD10B58E
:10862000BF4CA06A00B9FFDF6289D4E90910D21CEF
:10863000F4F77FFEA06A606210BD2DE9F0470600E6
:10864000B748B74D00F134004468686A04F170041B
:10865000477801D0012E03D1296B02F0EDF8687044
:1086600068784FF000084FF0010938B1012816D0A2
:1086700002282FD0032844D0FFDFE5E5012E30D0BB
:10868000FFF7CDFF39460122286BF7F75BF926E0AB
:1086900084F8078030E000BF84F807902CE0012EBA
:1086A00008D0FFF7BCFF39460022286BF7F74AF9DC
:1086B000022EE2D0D4E91401401C41F10001C4E9CA
:1086C0001401E079012802D084F80790BCE584F811
:1086D0000780B9E5012E04D0286BF7F7B7FA022E10
:1086E000CBD0D4E91401401C41F10001C4E91401CC
:1086F000E0790128D0D1CBE7287ABDE8F047F2F73E
:1087000053BC012EB9D0286BF7F7A0FAF4E770B587
:108710008349834A343100264C68516A01257034FC
:108720000B7803F00303012B14D0022B12D0032B80
:1087300003D0907940F0040023E0A570D08940F484
:108740000060D081012000F010F91CE0E67170BDDE
:10875000E57170BD4978B1B1D38943F40063D38129
:10876000936A002BF5D0FB2908D8D17921B1BDE857
:108770007040802000F0F4B8057070BD907940F032
:108780001000907170BDE0790128E1D1DEE770B58D
:108790006348634D3430446828787034012800D031
:1087A000FFDFA07838B10020A0700146042000F05F
:1087B000DCF801202071296A0878C043800705D1C0
:1087C000A889400502D5022000F0CFF80121002041
:1087D000FFF7F4FE10B1BDE87040BCE5BDE87040A5
:1087E0000020CFE42DE9F84F4D4F4D4C3437002693
:1087F0007D6882468DF8006020787035022800D0B0
:10880000FFDFE08940F40070E0810020FFF7A2FC68
:10881000A87CBAF1000F5BD0FBF76AFCFBF75AFCAF
:108820004FF0010968B9A87C58B1606A417841B13C
:108830000078E979C0F3C000884202D184F8029040
:1088400059E0606A4178618121B1206BF7F734F813
:10885000A06200E0A662E089B84640F02000E08116
:10886000E670786800F17007064690F82C00012841
:1088700016D1FCF7B7F83946304600F010FD78B154
:10888000D8F804003188A0F80A12397A80F80C125E
:10889000797A80F80D1280F80892207AF2F784FB3A
:1088A000606AA9790078C0F38000884205D000F0A2
:1088B00094F8E08940F48070E081606AE97900789A
:1088C000C0F3C00088420AD16846FFF720FF06E0E7
:1088D00008B1FBF73EFCE08940F04000E0815146E2
:1088E0000120FFF76BFE00289DF8000007D010B1B3
:1088F0000020FFF7A2FEFFF72EFDBDE8F88F10B1B4
:108900000120FFF79AFEFFF764FD9DF800000028A4
:10891000F3D00220FFF791FEEFE70000780D002072
:108920001C010020780B002070B5064654480D4607
:108930004468FBF773FC034694F8642029463046EC
:10894000BDE87040FDF706BAF6F7C5BE00B50128D0
:1089500002D0022802D0FFDF002000BD012000BDB0
:10896000474A0021343A52691047454A343A9389BC
:108970000343938152691047414810B5446804F19C
:108980007001087B24280ED0497B24290BD01F2896
:108990000CD020280AD0222912D094F86400042890
:1089A00000D1082010BD94F8B01106E0222907D0AC
:1089B00094F8C60100F04FF8014694F8640008E00E
:1089C00094F8C60114F85D1F084000F044F8014611
:1089D000E079BDE8104000F048B870B52848446818
:1089E00094F875007034002832D0022810D1244D3C
:1089F000343DE86AF6F79BFE00B9FFDFD4E91201C7
:108A0000401C41F10001C4E91201287AF2F7CCFAC6
:108A100000256571207920B1257100211020FFF714
:108A2000A4FFE07878B1E570FCF7BEFA00B9FFDF8B
:108A300000210820FFF799FFD4E91201401C41F101
:108A40000001C4E91201A079012802D00120A0711F
:108A500070BDA57170BDC10701D0012070478007AE
:108A600001D50220704700207047002904D001285A
:108A700003D0012901D00220704701207047000077
:108A8000500100202DE9F0410F4606460024FE4D1E
:108A90000FE000BF05EBC40090F85311B14206D1BE
:108AA0000622394600F5AA70F4F716FC38B1641CAA
:108AB000E4B22878A042EDD81020BDE8F08120462D
:108AC000FBE7F0B50746F04816460478621C0270D2
:108AD00000EBC4050868C5F854018888A5F858015A
:108AE000102C00D3FFDF85F8537185F85A612046BA
:108AF000F0BD70B5054600F017FA10281CD1E24C05
:108B00002078401EC0B22070A84215D004EBC002ED
:108B100004EBC50102F58070D2F85321C1F853214E
:108B2000D0F85700C1F85701207800F0FDF910285F
:108B300002D0204480F8035170BD2DE9F047D24C9B
:108B40000646A719A078401EC5B2A57097F8038104
:108B5000AE422AD004EB051A04EB06190AF1030110
:108B600009F103001022F4F7E4FB0AF1830109F193
:108B700083001022F4F7DDFB601905EB450290F845
:108B8000031187F8031106EB460104EB420204EBE4
:108B90004101D2F80B31C1F80B31B2F80F21A1F825
:108BA0000F2190F83B0187F83B0104EBC80090F8D7
:108BB0005A01C00703D14046BDE8F04799E7BDE838
:108BC000F087B1498A78824203D9084490F843017A
:108BD00070470020704710B540F2D3120021AA4818
:108BE000F4F7D1FB0822FF21A848F4F7CCFBA748F3
:108BF00000210C38417081704FF46171818010BD8B
:108C000070B50D460646FFF73DFF9F4C102807D074
:108C100004EBC00191F85A11C90701D0012070BDC1
:108C20006178082910D2102808D004EBC000012177
:108C300080F85A116078401C6070EFE701222946E5
:108C40003046FFF73EFFF5E7002070BD70B58E4D52
:108C50002878401E44B20AE005EBC40090F85A019F
:108C6000C00702D0E0B200F070F9641E64B2002CBC
:108C7000F2DA864900200C39887070BD82498A7802
:108C8000824203D901EB0010C01C704700207047DE
:108C90002DE9F047984691460C460546FFF7F2FE4F
:108CA0000646102805D000F03FF9102801D0122008
:108CB00085E7754FB87808282AD2102E05D10022F2
:108CC00021462846FFF7FDFE0646BC781022601CB0
:108CD000B87007EB0415E81C494600F0B5FA05F139
:108CE00083001022414600F0AFFA1021404600F008
:108CF0009CFA3C44102184F84301484604F59674DC
:108D000000F093FAE07704F8296C0020E07356E74E
:108D1000072054E75C4810B58078401E44B204E058
:108D2000E0B2FFF70AFF641E64B2002CF8DA10BD4F
:108D300056490C394870704754480C384078704791
:108D400040B14AF2B811884204D850490C398880A1
:108D500001207047002070474C480C3880887047CD
:108D600010B5FFF78FFE102803D000F0DDF81028B3
:108D700000D1082010BD44498A78824203D901EB12
:108D8000001083307047002070473F4B10B59C782F
:108D900084420FD9184490F8030103EBC00090F807
:108DA00053310B70D0F854111160B0F85801908015
:108DB000012010BD002010BD334A114491F8032159
:108DC00032490C390A700268C1F80620808848814F
:108DD000704770B52D4B0C3B5B7873B12A4B9C7878
:108DE0005CB1451821460AB1D81C01E02648833001
:108DF0002A46FBF794F8012070BD002070BD10B525
:108E0000FBF7DBF818B1BDE81040FBF7E6B8FF2030
:108E100010BD1D498A78824209D9084490F803019F
:108E200001EBC00090F85A0100F0010070470020EB
:108E300070472DE9F04100242546134E2CE02846CA
:108E400000F072F88046FFF719FF06EBC50797F8A8
:108E50005A11C9071ED060B1B8F1100F05D006EB4A
:108E6000080191F83B11012903D0102100F0DDF930
:108E700080B10649204601F80480641C97F853210C
:108E800007F5AA71E4B203E0A80D002064010020F8
:108E9000FBF7B5FA6D1CEDB23078A842CFD80CE6DE
:108EA000012296E72E4A01EB410102EB41010268E3
:108EB000C1F80B218088A1F80F01704701461022EC
:108EC000284800F0C1B92748704725498A7882426E
:108ED00003D9084490F83B0108B1002070470120F5
:108EE00070472DE9F0410E460746154606213046EB
:108EF00000F09BF91A4C58B1002004E02118401CE6
:108F000081F83B51C0B2A1788142F7D80120D4E565
:108F100031463846FFF724FF082803D0204480F864
:108F20003B51F3E70020C8E50D4910B5034600208A
:108F30008A7806E00C1894F803419C4204D0401C47
:108F4000C0B28242F6D8102010BD05494A78521EA0
:108F50004A7001EBC001002281F85A21C9E50000E6
:108F6000A80D00207B0F002000F00101400800F058
:108F700001021144400800F001021144400800F0D1
:108F800001021144400800F001021144400800F0C1
:108F900001021144400800F00102114401EB5000AD
:108FA000704710B500240485848DDB004C43B3FB6F
:108FB000F2F394FBF2F45B1C84859BB203FB02F496
:108FC0004385B4F5C84F01DD5B1E43854FF4FA437A
:108FD000B3FBF2F35B1C0386438C02EBC3035B1E03
:108FE000B3FBF2F30384C38B4B43B3FBF2F1C183B6
:108FF00010BD70B50546087B0E4600F01F000873D3
:109000000020687604463019007AFFF7ADFF291971
:10901000641C0875697EE4B208446876052CF2D3B6
:10902000C0B2252800D9FFDF70BD0023C38342846E
:1090300001EBC202521EB2FBF1F101847047F0B5A0
:109040006FF01F02010C02EA90261F25A1F5AA402D
:1090500054380DD0A1F5AA40553809D0A1F52850B3
:10906000AA3805D0A1F52A40AA3801D0012000E095
:10907000002000221346144682EA0107FF431F43E3
:109080007F1C0FD006F00107520842EAC73205F0F4
:1090900001075B0876086D08641C43EAC733162C89
:1090A000EAD3F0BD0020F0BD2DE9F04101260446D1
:1090B000002500F1700751B1012974D0022971D047
:1090C00003296CD101463846BDE8F04191E7802282
:1090D00000213846F4F757F9BD71FD713D737D737A
:1090E000FD733D747D71BD76FD76212087F84000CB
:1090F000412087F84100FE2087F8740027887022FD
:1091000000212046F4F73FF9278084F8646084F852
:109110006560282084F8660004F1300000210746CD
:1091200000F071FC1B21F9833984A4F85210A4F8D3
:1091300054104FF4A470A4F85600A4F858006673B5
:109140004FF448606080A4F8F050A4F8F250A4F8FE
:10915000F450A4F8F650A4F8F850A4F8FA5084F8A3
:10916000FD5084F8FF50A4F8065184F80451A4F887
:109170001851A4F81A5184F8BA5184F8BB5184F8F4
:10918000C45184F8C55184F8895184F8905184F809
:10919000935184F8AC51C4F8A451C4F8A851BDE867
:1091A000F08100E025E0A4F8065184F8FE506188C3
:1091B000FE480A460844B0FBF1F0A4F890004BF6D4
:1091C0008030A4F89200E3883846FFF7EAFE214693
:1091D0003846FFF70EFFFAF7F9F920B1D4F80E0080
:1091E000FFF72DFF10B184F88851D8E784F8886123
:1091F000D5E74188B4F8B831B4F8B4213846BDE8B1
:10920000F041CEE6437E0BB1252B01D912207047E9
:109210002AB14B7B2BB1012B05D01F2070470020BA
:10922000704700F0EEB900F092B910B500231A466D
:1092300003E0845C2343521CD2B28A42F9D30BB1BF
:10924000002010BD012010BD30B5134606E0CC183B
:10925000D51A14F8014C5B1E4455DBB2002BF6D135
:1092600030BD70B50E468CB0144601461D46102226
:109270006846FFF7E9FF1022314604A8FFF7E4FF34
:10928000684600F059FD08A94FF0100228461CB1AD
:10929000FFF7DAFF0CB070BDF4F74BF8FAE738B51A
:1092A00005460C466846FBF7B2FB002820D09DF926
:1092B00000002072E17E617294F90A100022411AC6
:1092C00000D5494295F82D308B4210DCFF2B0ED093
:1092D000E17A491CC9B2E17295F82E30994202D860
:1092E000A17A7F2903D1A0720020E07201221046EA
:1092F00038BD0C2813D00B2811D00D280FD01F28F3
:109300000DD020280BD0212809D0222807D02328CF
:1093100005D0242803D0262801D000207047012042
:10932000704710B5A2F10F030C2941D2DFE801F01C
:1093300006080D1215181C40243E272EAAB337E04C
:10934000072A37D0082A35D032E00C2A32D00B2A2F
:1093500030D02DE00D2A2DD02AE00C2B2AD927E081
:10936000103A0B2A26D923E0032B23D990F8380092
:10937000F0B11B2A1ED91BE0062A1BD018E01C2ABC
:1093800018D01D2A16D01E2A14D011E01F2A11D081
:10939000202A0FD0212A0DD0222A0BD0232A09D02F
:1093A000242A07D0262A05D002E003E00E2A01D0A5
:1093B000002010BD012010BD2DE9F0410C460546EE
:1093C00040F23577866805E0F8F7F7FF3946F8F799
:1093D000C8FCA8602846F9F7A5F90028F4D08CB19C
:1093E0003046A968F9F7EAFC00280BDD2044401E4E
:1093F000B0FBF4F707FB04F13046F8F7B2FCA860C5
:109400003846CCE60020CAE670B5044690420BD23E
:10941000101B642800D2642025188D4205D8042131
:10942000F9F7FFFC08B1284670BD204670BD11F069
:109430000C0F19D04A074FF41671002A03DA00BF47
:109440004FF0100201E04FF0400201DA4FF09601B8
:1094500001F5BC71A0EB0103884202D993FBF2F045
:1094600000E0002080B27047022904D06FF00D01A7
:1094700001EBD000F6E76FF00E0101EB9000F1E791
:109480000844184498300AB1042100E0002108443F
:10949000704701207047106808667047C10701D007
:1094A00001207047810701D502207047400701D590
:1094B00008207047002070472DE9F0410546164608
:1094C00088460124084600F054FA0746404600F05A
:1094D00052FA0346FFF7E2FF02463846FFF7DEFF87
:1094E00052EA000100D10024990700D10022B907F7
:1094F00000D1002095F86410914200D10022327012
:1095000095F86510814200D10020707072B968B979
:10951000404600F032FAB5F87010401A00B247F633
:10952000FE71884201DC002800DC0024204636E67B
:1095300010B540F6C4125410012903D0022902D0FC
:10954000FFDF02E008B1104610BD204610BDF0B5A7
:109550000C7C8B7BCD7B5C404B7C02886B4044EA6F
:109560000324467E62400023D5B2120A95FAA5F57F
:1095700092FAA2F22D0E120E45EA022202EB02121C
:109580005B1C2244DBB292B2032BEDD36240252355
:10959000B2FBF3F403FB142301EBD304837603F053
:1095A00007070125247A05FA07F701E0FFDB05002C
:1095B0003C4201D0C3761AE05643320C521CD2B260
:1095C000002403191B7D934213D300230E19367A0E
:1095D00005FA03F73E4201D0521ED2B222B15B1C03
:1095E000DBB2082BF4D306E003EBC401C176002004
:1095F000F0BDD21AD2B2641CE4B2052CE1D31F2014
:10960000F0BDF0B5837E0C7E012504FB02322523DC
:10961000B2FBF3F403FB142201EBD204827602F0D6
:109620000703247A05FA03F31C4201D0C2761EE038
:10963000437EB2FBF3F403FB1422521CD2B200238C
:10964000C418247D944214D30024CE1896F80860E0
:1096500005FA04F73E4201D0521ED2B222B1641C78
:10966000E4B2082CF4D306E004EBC301C176002079
:10967000F0BD121BD2B25B1CDBB2052BE0D31F2066
:10968000F0BD000030B50546007801F00F0220F073
:109690000F0010432870092912D2DFE801F00507F6
:1096A00005070509050B0F0006240BE00C2409E053
:1096B000222407E001240020E87003E00E2401E0EA
:1096C0000024FFDF6C7030BD007800F00F007047A1
:1096D0000A6840F8032F8988818070470A6840F83B
:1096E000092F8988818070470278402322F0400248
:1096F00003EA81110A4302707047027822F0800267
:1097000042EAC1120270704770B514460E46054613
:109710001F2A00D9FFDF2246314605F10900F3F781
:1097200008FEA41D6C7070BD70B514460E4605464B
:109730001F2A00D9FFDF2246314605F10900F3F761
:10974000F8FDA41D6C7070BD30B5017801F00F01FB
:10975000032920D0052921D14578B0F81910B0F897
:109760001B40B0F81730827D222D17D1062915D362
:109770004FF44865A94211D8B4F5FA7F0ED26AB108
:10978000082A0BD88A4209D28B4207D8B0F81D00AC
:10979000A84205D902E040780C2801D0002030BD55
:1097A000012030BD4078704700B5027801F0030316
:1097B00022F003021A430270012905D0022903D0C6
:1097C000032903D0FFDF00BD002100E0012141702B
:1097D00000BD00B5027801F0030322F003021A4332
:1097E0000270012905D0022903D0032903D0FFDF2D
:1097F00000BD002100E00121417000BD007800F0B3
:1098000003007047417841B1C078192803D2704AEB
:10981000105C884201D1012070470020704730B5AC
:1098200001240546C170192902D26948445C02E04E
:10983000FF2900D0FFDF6C7030BD70B514460E46B6
:1098400005461B2A00D9FFDF6C7022463146E81C12
:10985000BDE87040F3F76DBDB0F807007047B0F891
:1098600009007047B0F80B00704770B5B0F80720DA
:10987000B0F80940B0F805300179951F40F67A46F6
:10988000B54210D8B4F5FA7F0DD261B108290AD8D3
:10989000914208D2934206D8B0F80B00B0F5486F59
:1098A00001D8012070BD002070BD42680A60007AB6
:1098B00008717047B0F80900704700797047426836
:1098C0000A6080684860704780890880704750F857
:1098D0000E2F0A60406848607047D0F81600086094
:1098E00070470A6842604968816070470968C160D2
:1098F00070470079704742680A6080684860704726
:109900000171090A417170478171090AC17170477B
:109910000172090A417270478172090AC172704767
:1099200080887047C08870470089704740897047B9
:1099300001891B290CD341894FF4A472914207D3AA
:1099400081881B2904D3C088904201D3012070472D
:10995000002070470A684260496881607047017959
:10996000490704D04079400701D00120704700200A
:1099700070470079704740797047C08870470CB5D0
:1099800014A2D2E90012CDE900120179407901F068
:10999000070269461DF80220012A04D800F00700DA
:1099A000085C012801D900200CBD01200CBD01710B
:1099B000704700797047417170474079704730B502
:1099C0000C460546FB2900D9FFDF6C7030BD000056
:1099D000C0B20100000101020102020310B58C882F
:1099E0000A894B88C988A0F84430A0F84810A0F82C
:1099F0004640A0F84A2010BD10B5029C8181C2816A
:109A00000382448210BD1B2202838282C281828132
:109A100042800281028042848284828300290AD1AA
:109A20004FF4A4714183C18241820182C18041818E
:109A30008180C18401857047F0B5B0F84830818FCE
:109A4000458EC48E8B4200D30B46B0F84A10B0F856
:109A50004020914200D20A464386C286068F478F35
:109A600000F130019E4200D21E46974200D21746B6
:109A70000E814F81AB4201D1A24201D0012400E00E
:109A80000024B0F84420C38F068E858E9A4200D3FE
:109A90001A46B0F84670B0F842309F4200D23B46BA
:109AA00090F85A70022F08D1964200D232469D4259
:109AB00000D22B46002780F85A700A808B80B24271
:109AC00001D1AB4201D0012000E000202043F0BDD5
:109AD000508088899080C889D080088A1081488AFF
:109AE000508101201070704770B502884A80048E42
:109AF0008C80838ECB80428E0A81C58E4D81B0F8DA
:109B00005660AE420BD1B0F85250954207D1B0F832
:109B100058509D4203D1B0F85430A34201D00123E4
:109B200000E000230B73A0F852204A89A0F85620C9
:109B30008A88A0F85420CA88A0F85820012008700C
:109B400070BD70B50C46088E91F8641000F016F8E0
:109B5000A18E0546A94200D20D46208F94F86510CB
:109B600000F00CF8618F814200D208460146284679
:109B7000BDE8704000221346FFF782BC11F00C0FC5
:109B800004D04FF4747101EB801006E0022902D07A
:109B9000C000703001E080003C3080B270470000AF
:109BA0002DE9F0410C4612490D68114A114908325D
:109BB0001160A0F12001312901D301200CE04128DE
:109BC00010D040CC0C4F94E80E0007EB8000241F0F
:109BD00050F8807C3046B84720600548001D05607D
:109BE000BDE8F081204601F0B9F8F5E7062070479E
:109BF0001005024001000001DCB2010010B555481B
:109C0000F9F704FD00B1FFDF5248401CF9F7FEFCF4
:109C1000002800D0FFDF10BD2DE9F14F4E4E82B07D
:109C2000D6F800B001274B48F9F7F8FCDFF824819B
:109C300020B9002708F10100F9F706FD474C00257F
:109C40004FF0030901206060C4F80051C4F80451CA
:109C5000029931602060DFF808A11BE0DAF800000B
:109C6000C00617D50E2000F068F8EFF3108010F052
:109C7000010072B600D001200090C4F80493D4F81B
:109C8000000120B9D4F8040108B901F071F8009876
:109C900000B962B6D4F8000118B9D4F8040100285C
:109CA000DCD0D4F804010028CCD137B1C6F800B01C
:109CB00008F10100F9F7B2FC11E008F10100F9F731
:109CC000ADFC0028B6D1C4F80893C4F80451C4F818
:109CD00000510E2000F031F81E48F9F7B5FC0020C5
:109CE000BDE8FE8F2DE9F0438DB00D4606460024F9
:109CF0000DF110090DF1200818E000BF04EB440736
:109D0000102255F827106846F3F713FB05EB870779
:109D1000102248467968F3F70CFB6846FFF77CFF92
:109D200010224146B868F3F704FB641CB442E5DB3B
:109D30000DB00020BDE8F0836EE7002809DB00F0DD
:109D40001F02012191404009800000F1E020C0F88D
:109D5000801270476C01002004E5004000E00040E4
:109D600010ED00E0B64900200870704770B5B54DA1
:109D700001232B60B44B1C68002CFCD0002407E0AE
:109D80000E6806601E68002EFCD0001D091D641CB4
:109D90009442F5D30020286018680028FCD070BDDC
:109DA00070B5A74E0446A94D3078022800D0FFDFD9
:109DB000AC4200D3FFDF7169A548012903D847F2FF
:109DC0003052944201DD03224271491C7161291B0A
:109DD000C1609F49707800F030F9002800D1FFDFA2
:109DE00070BD70B5964C0D466178884200D0FFDF9B
:109DF000964E082D4BD2DFE805F04A041E2D4A4A44
:109E00004A382078022800D0FFDF03202070A07895
:109E1000012801D020B108E0A06800F041FD04E075
:109E200004F1080007C8FFF7A1FF05202070BDE876
:109E30007040F8F7C0B9F8F7C0FA01466068F8F763
:109E4000BDFFB04202D2616902290BD30320F9F7AA
:109E50000EFB12E0F8F7B1FA01466068F8F7AEFFC2
:109E6000B042F3D2BDE870409AE7207802280AD0C9
:109E7000052806D0FFDF04202070BDE8704000F008
:109E8000D2B8022000E00320F9F7F1FAF3E7FFDF90
:109E900070BD70B50546F8F790FA694C606020789F
:109EA000012800D0FFDF6A490120087000200871F6
:109EB00004208D6048716548C86002202070607879
:109EC00000F0BBF8002800D1FFDF70BD10B55C4C7E
:109ED000207838B90220F9F7E0FA18B90320F9F729
:109EE000DCFA08B1112010BD5A48F8F7E1F96070AA
:109EF0001F2804D0012020700020606110BD0320C5
:109F000010BD2DE9F0471446054600EB84000E46CF
:109F1000A0F1040800F0D7FC07464FF0805001691B
:109F20004F4306EB8401091FB14201D2012100E039
:109F3000002189461CB10069B4EB900F02D90920B9
:109F4000BDE8F0872846E7F76FF990B9A84510D328
:109F5000BD4205D2B84503D245EA0600800701D0CC
:109F60001020EDE73046E7F75FF910B9B9F1000FBF
:109F700001D00F20E4E7384838490068884205D00E
:109F8000224631462846FFF7F1FE1AE0FFF79EFF12
:109F90000028D5D12A4800218560C0E9036481707A
:109FA000F9F7DDFA08B12E4801E04AF2F870604393
:109FB0004FF47A7100F2E730B0FBF1F01830FFF7A0
:109FC00068FF0020BCE770B505464FF0805004697B
:109FD0006C432046E7F728F908B10F2070BD00F068
:109FE00072FCA84201D8102070BD1B481B490068B4
:109FF000884203D0204600F053FC10E0FFF766FFD4
:10A000000028F1D10E48012184608170F9F7A7FA88
:10A0100008B1144800E014481830FFF73AFF002058
:10A0200070BD00F053BE10B5054C6078F8F7A2F98A
:10A0300000B9FFDF0020207010BDF8F7EFBB000073
:10A040007001002004E5014000E40140105C0C00B8
:10A050008C0F0020E39D010058000020BEBAFECA0C
:10A0600050280500645E0100A85B01007149096881
:10A070000160002070476F4908600020704701218F
:10A080008A0720B1012804D042F20400704791678A
:10A0900000E0D1670020704767490120086042F264
:10A0A0000600704708B50423634A1907103230B11F
:10A0B000C1F80433106840F0010010600BE0106834
:10A0C00020F001001060C1F808330020C1F8080139
:10A0D0005A4800680090002008BD011F0B2909D8CC
:10A0E000554910310A6822F01E0242EA4000086019
:10A0F0000020704742F205007047000100F18040E7
:10A10000C0F8041900207047000100F18040C0F839
:10A11000081900207047000100F18040D0F80009C4
:10A12000086000207047012801D907207047444A81
:10A1300052F8200002680A4302600020704701289C
:10A1400001D9072070473E4A52F8200002688A432E
:10A15000026000207047012801D907207047384A63
:10A1600052F820000068086000207047020035495E
:10A170004FF0000003D0012A01D0072070470A6089
:10A18000704708B54FF40072510510B1C1F80423AF
:10A1900008E0C1F808230020C1F8240127481C303A
:10A1A00000680090002008BD08B58022D10510B1DC
:10A1B000C1F8042308E0C1F808230020C1F81C01FD
:10A1C0001E48143000680090002008BD08B54FF408
:10A1D0008072910510B1C1F8042308E0C1F808238A
:10A1E0000020C1F8200115481830006800900020B8
:10A1F00008BD10493831096801600020704770B50A
:10A200004FF080450024C5F80841F9F7B4F910B9BA
:10A21000F9F7BBF928B1C5F82441C5F81C41C5F8C8
:10A2200020414FF0E020802180F800140121C0F887
:10A23000001170BD0004004000050040080100400E
:10A24000A0B30100780500406249634B0A68634986
:10A250009A42096801D1C1F31001016000207047E2
:10A260005C495D4B0A685D49091D9A4201D1C0F302
:10A2700010000860002070475649574B0A6857493C
:10A2800008319A4201D1C0F31000086000207047E5
:10A2900030B5504B504D1C6842F20803AC4202D01E
:10A2A000142802D203E0112801D3184630BDC300A0
:10A2B0004B481844C0F81015C0F81425002030BDD4
:10A2C0004449454B0A6842F209019A4202D00628E5
:10A2D00002D203E0042801D308467047404A012116
:10A2E00042F83010002070473A493B4B0A6842F26E
:10A2F00009019A4202D0062802D203E0042801D3C1
:10A3000008467047364A012102EBC0004160002038
:10A31000704770B52F4A304E314C156842F2090330
:10A3200004EB8002B54204D0062804D2C2F800181B
:10A3300007E0042801D3184670BDC1F31000C2F82D
:10A340000008002070BD70B5224A234E244C1568C9
:10A3500042F2090304EB8002B54204D0062804D27D
:10A36000D2F8000807E0042801D3184670BDD2F8DF
:10A370000008C0F310000860002070BD174910B538
:10A380000831184808601120154A002102EBC0036B
:10A39000C3F81015C3F81415401C1428F6D3002078
:10A3A00006E0042804D302EB8003C3F8001807E09A
:10A3B00002EB8003D3F80048C4F31004C3F800484C
:10A3C000401C0628EDD310BD04490648083108603A
:10A3D0007047000058000020BEBAFECA00F50140D8
:10A3E00000F001400000FEFF814B1B6803B198475D
:10A3F000BFF34F8F7F4801687F4A01F4E06111434A
:10A400000160BFF34F8F00BFFDE710B5EFF3108081
:10A4100010F0010F72B601D0012400E0002400F01A
:10A42000DDF850B1E6F7A4FFF7F761FDF8F7C1FFDB
:10A43000F9F7E2FC71490020086004B962B6002017
:10A4400010BD2DE9F0410C460546EFF3108010F0E9
:10A45000010F72B601D0012600E0002600F0BEF820
:10A4600020B106B962B60820BDE8F08100F006FD13
:10A47000E6F782FF0246002001234709BF0007F1EB
:10A48000E02700F01F01D7F80071CF40F9071BD07B
:10A49000202803D222FA00F1C90727D141B20029AE
:10A4A00004DB01F1E02191F8001405E001F00F0157
:10A4B00001F1E02191F8141D4909082916D203FA87
:10A4C00001F717F0EC0F11D0401C6428D5D3F9F731
:10A4D00071FC4B4A4B490020F9F7B4FC47494A4804
:10A4E00008602046E6F7A7FE60B904E006B962B648
:10A4F00041F20100B8E73E4804602DB12846E6F776
:10A50000E7FE18B1102428E0404D19E02878022811
:10A5100002D94FF4805420E007240028687801D045
:10A52000D8B908E0C8B1202817D8A878212814D8AD
:10A53000012812D001E0A87878B9E8780B280CD867
:10A54000E6F71AFF2946F8F71AFFF7F78FFC00F035
:10A55000EDF92846E6F7DAFE044606B962B61CB104
:10A56000FFF753FF20467FE700207DE710B5044644
:10A5700000F034F800B101202070002010BD244903
:10A5800008600020704770B50C4622490D682149CB
:10A59000214E08310E60102807D011280CD0122847
:10A5A0000FD0132811D0012013E0D4E90001FFF7E8
:10A5B00048FF354620600DE0FFF727FF00252060AB
:10A5C00008E02068FFF7D2FF03E011492068086027
:10A5D000002020600F48001D056070BD07480A4933
:10A5E0000068884201D101207047002070470000B8
:10A5F000880100200CED00E00400FA05580000205E
:10A600004810002000000020BEBAFECAA8B3010016
:10A6100004000020100502400100000100B585493A
:10A6200010F1080F19D00CDC10F1280F1DD010F11B
:10A63000140F18D010F1100F13D010F10C0F08D117
:10A640000DE010F1040F06D080B103280ED00428CD
:10A650000CD0FFDF00BDFC2008E0F82006E0F4206D
:10A6600004E0F02002E0EC2000E0D820086000BD0B
:10A67000704900B5091D012803D0022803D0FFDF6F
:10A6800000BD032000E00420086000BD2DE9F0417A
:10A6900005460C4617461046F9F76CFD4FF47A76DE
:10A6A000022C10D0012C10D040F63401441838464A
:10A6B000F9F7C5FD204449F679710844B0FBF6F07E
:10A6C000281ABDE8F0813146F0E74FF4C861EDE7A4
:10A6D00070B505460C460846FAF7F4FA022C10D07D
:10A6E000012C11D04FF4AF5149F6CA62511A0844F7
:10A6F0004FF47A7100F2E140B0FBF1F0281A801EAD
:10A7000070BD40F24C41EFE740F63401ECE770B524
:10A71000064615460C460846FAF7D4FA4FF47A7105
:10A7200040F63402022D11D0012D11D01346022C17
:10A7300011D0012C01D04FF4AF529A1A104449F6AF
:10A74000FC621044B0FBF1F0301A70BD0B46EEE72E
:10A750004FF4C863EBE740F24C42EEE770B50446B5
:10A760000E460846F9F706FD05463046F9F767FD3F
:10A7700028444AF2AB3108444FF47A71B0FBF1F04F
:10A78000201A801E70BD2DE9F04106461D460C467C
:10A790001746104600F045F806EB4601C1EBC6111E
:10A7A00000EBC100022C15D0012C16D04FF4AF5194
:10A7B00046182046FAF786FA301A4FF47A7100F6F6
:10A7C000B730B0FBF1F43846F9F741FD2044284496
:10A7D000401D76E740F24C41EAE740F63401E7E7F6
:10A7E00070B5044615460E460846F9F7C3FC04EB5F
:10A7F0004401C1EBC411C0EBC1043046F9F71FFDA1
:10A80000241A284600F00DF820444FF47A7100F61F
:10A81000B730B0FBF1F42846F9F719FD2044401D8C
:10A8200070BD082803D0042801D0F9F7A3BC4EF668
:10A83000283070470C150040F0B585B00C46054631
:10A84000FEF7DCFF07466E78204603A96A46F5F757
:10A8500004FA81198EB258B1012F02D0032005B03D
:10A86000F0BD204604AA0399F5F719F9049D01E00B
:10A87000022F0FD1ED1C042E0FD32888BDF8001035
:10A88000001D80B2884201D8864202D14FF00000FC
:10A89000E5E702D34FF00200E1E74FF00100DEE709
:10A8A0000B4A022111600B490B68002BFCD0084BAE
:10A8B0001B1D186008680028FCD000201060086884
:10A8C0000028FCD070474FF080504069704700006E
:10A8D00004E5014000E4014002000B464FF0000097
:10A8E000014620D0012A04D0022A04D0032A0DD127
:10A8F00003E0012002E0022015E00320072B05D22F
:10A90000DFE803F00406080A0C0E10000720704769
:10A91000012108E0022106E0032104E0042102E015
:10A92000052100E00621F7F7E4BC0000E24805211C
:10A9300081700021017041707047E0490A78012A56
:10A9400005D0CA681044C8604038F8F704BA8A686D
:10A9500010448860F8E7002819D00378D849D94A0C
:10A9600013B1012B0ED011E00379012B00D06BB98C
:10A9700043790BB1012B09D18368643B8B4205D22B
:10A98000C0680EE00379012B02D00BB100207047A4
:10A9900043790BB1012BF9D1C368643B8B42F5D2EB
:10A9A00080689042F2D801207047C44901220A70A1
:10A9B000027972B100220A71427962B104224A71AD
:10A9C000826852328A60C068C860BB4902208870C1
:10A9D00070470322EFE70322F1E770B5B74D044655
:10A9E00000202870207988B100202871607978B122
:10A9F0000420B14E6871A168F068F7F7B2F9A86059
:10AA0000E0685230E8600320B07070BD0120ECE7D0
:10AA10000320EEE72DE9F04105460226F8F7C5F8D8
:10AA2000006800B1FFDFA44C01273DB12878B8B120
:10AA3000012805D0022811D0032814D027710DE079
:10AA40006868C82808D30421F8F7EBF920B16868D2
:10AA5000FFF773FF012603E0002601E000F014F980
:10AA60003046BDE8F08120780028F7D16868FFF70C
:10AA700072FF0028E2D06868017879B1A0780428D4
:10AA800000D0FFDF01216868FFF7A7FF8B49E0785E
:10AA900000F003F90028E1D1FFDFDFE7FFF785FFD2
:10AAA0006770DBE72DE9F041834C0F46E17888427F
:10AAB00000D0FFDF00250126082F7DD2DFE807F058
:10AAC000040B28283D434F57A0780328C9D00228FB
:10AAD000C7D0FFDFC5E7A078032802D0022800D046
:10AAE000FFDF0420A07025712078B8BB0020FFF79D
:10AAF00024FF72480178012906D08068E06000F0E8
:10AB0000F9F82061002023E0E078F7F782FDF5E70F
:10AB1000A078032802D0022800D0FFDF207880BB75
:10AB2000022F08D05FF00500F8F7A1FCA0780328F9
:10AB300040D0A57095E70420F6E7A078042800D05F
:10AB4000FFDF022004E0A078042800D0FFDF01200E
:10AB5000A1688847FFF75EFF054633E003E0A07871
:10AB6000042800D0FFDFBDE8F04100F08DB8A078E8
:10AB7000042804D0617809B1022800D0FFDF2078D2
:10AB800018B1BDE8F04100F08AB8207920B1062064
:10AB9000F8F76DFC25710DE0607840B14749E07829
:10ABA00000F07BF800B9FFDF65705AE704E007208A
:10ABB000F8F75DFCA67054E7FFDF52E73DB1012DC9
:10ABC00003D0FFDF022DF9D14BE70420C0E70320BB
:10ABD000BEE770B5050004D0374CA078052806D133
:10ABE00001E0102070BD0820F8F757FC08B11120D3
:10ABF00070BD3548F7F75CFBE0701F2806D00121D7
:10AC0000F8F730FA0020A560A07070BD032070BD79
:10AC1000294810B5017809B1112010BD81780529A6
:10AC200006D0012906D029B101210170002010BDF4
:10AC30000F2010BD00F033F8F8E770B51E4C054644
:10AC4000A07808B1012809D155B12846FFF783FE45
:10AC500040B1287840B1A078012809D00F2070BDFC
:10AC6000102070BD072070BD2846FFF79EFE03E050
:10AC700000212846FFF7B1FE1049E07800F00DF8FA
:10AC800000B9FFDF002070BD0B4810B5006900F06F
:10AC900029F8BDE81040F7F78EBAF7F7BFBD0648B0
:10ACA00010B5C078F7F766FB00B9FFDF0820F8F7AA
:10ACB000DEFBBDE8104039E68C0100209C0F00202F
:10ACC0003D860100FF1FA107A5AA010010B5134C86
:10ACD0002060201D0160114810300260001D0360DB
:10ACE000002010BD0E490A6848F202139A4302433D
:10ACF0000A6070470A4A116848F2021301EA030029
:10AD0000994311607047054B02465B421020134483
:10AD1000FC2B01D8116000207047000000060040A5
:10AD2000C806024070477047704700001EF0040FCD
:10AD30000CBFEFF30880EFF30980014A10470000D1
:10AD40005F3E010001B41EB400B5F8F7A9FD01B4DF
:10AD50000198864601BC01B01EBD0000826903490E
:10AD600081614FF0010010447047000045AD0100C3
:10AD70000FF20C0000F10000694641F8080C20BFFA
:10AD800070470000FEDF18490978F9B904207146C0
:10AD900008421BD10699154A914217DC06990229EF
:10ADA00014DB02394878DF2810D10878FE2807D054
:10ADB000FF280BD14FF001004FF000020C4B184759
:10ADC00041F201000099019A094B1847094B002BE9
:10ADD00002D01B68DB6818474FF0FF3071464FF018
:10ADE0000002034B1847000028ED00E000C00100FE
:10ADF000E9A3010004000020174818497047FFF735
:10AE0000FBFFE6F7CBF900BD1548164909688842F3
:10AE100003D1154A13605B68184700BD20BFFDE7EA
:10AE20000F4810490968884210D1104B18684FF03C
:10AE3000FF318842F2D080F308884FF02021884209
:10AE400004DD0B48026803210A4302600948804779
:10AE500009488047FFDF0000B00F0020B00F00203E
:10AE600000100000000000200400002000C00100CD
:10AE700014090040DD2F000009AE0100F0B4404687
:10AE8000494652465B460FB402A0013001B5064860
:10AE9000004700BF01BC86460FBC804689469246EB
:10AEA0009B46F0BC70470000091100000420714669
:10AEB000084202D0EFF3098101E0EFF308818869CD
:10AEC00002380078102813DB20280FDB2C280BDB3E
:10AED0000A4A12680A4B9A4203D1602804DB094AE5
:10AEE0001047022008607047074A1047074A10477A
:10AEF000074A12682C3212681047000058000020E0
:10AF0000BEBAFECA7D130000A19B010087A5010007
:10AF1000040000200D4B0E4908470E4B0C49084712
:10AF20000D4B0B4908470D4B094908470C4B084985
:10AF300008470C4B064908470B4B054908470B4B84
:10AF4000034908470A4B02490847000019AC0000B2
:10AF500059B00000A52F00000BA8000099A7000021
:10AF6000A1AE0000991300004D7700001DB0000055
:10AF70002DAD01005F8200000784000065850000A0
:10AF8000C98500000386000037860000698600003E
:10AF90009986000021870000478300008985000012
:10AFA00013120000C12100000B2200006F220000DC
:10AFB000F522000011240000D32400000525000024
:10AFC000E3250000CB2600001F270000A12700007A
:10AFD000C1270000B92D0000DD2D0000FD2C000070
:10AFE000592D00000F2E0000A32E00002F3D000061
:10AFF000093E00003D4100003D420000B342000018
:10B000001D4300008143000017120000754400003A
:10B01000E1440000E3270000E927000017120000C8
:10B02000171200001712000017120000F32700008B
:10B030002B280000A12800001712000017120000A2
:10B040002D22000087290000A9290000F529000011
:10B05000131200001312000013120000131200005C
:10B06000EF5200007553000091530000AD530000F3
:10B070003B550000D7530000E1530000235400006B
:10B0800045540000215500006355000013120000D4
:10B0900013120000676E0000876E0000916E0000C2
:10B0A000CB6E0000F96E0000E96F000077700000C1
:10B0B0008B700000D9700000EF71000095730000E4
:10B0C000BD740000E95D0000D5740000131200009B
:10B0D00013120000A1A0000003A200005DA2000066
:10B0E000D7A2000083A30000100110013A02000063
:10B0F0001A0200040506000007000000FFFFFFFF22
:10B100000000FFFFE39C0000BF1C0000934E000006
:10B11000335E0000E97A000000000000A17D00001D
:10B120007D7D00008F7D0000000002000000000017
:10B13000000200000000000000010000000000000C
:10B14000136C0000F36B0000616C00007152000092
:10B150003352000053520000219400003994000043
:10B160004396000041370000816C000000000000A1
:10B17000B16C0000BF5200000000000000000000A1
:10B18000000000002395000000000000C13700000F
:10B19000555555D6BE898E0000006406640C6412B5
:10B1A00000000803AC055008000054044408340CA7
:10B1B00075DF0000DDE00000D7DE000073DF000077
:10B1C0001B5D0100ABE1000000000000480800002A
:10B1D0004808000051350000513500009B21000057
:10B1E000439B0000B7600000A34D0000F97301000D
:10B1F0008135000081350000BF210000D59B000093
:10B200003F610000174E00000F74010070017001D3
:10B21000400038005C002400200200000300656C40
:10B220007462000000000000000000000000000048
:10B230000000870000000000000000000000000087
:10B240000000BE83605ADB0B376038A5F5AA9183F6
:10B25000886C0000010000008B0801005D170100F0
:10B2600000000001020603040500000007000000C2
:10B2700000000000060000000A000000320000008C
:10B2800073000000B4000000F401FA0096006400AE
:10B290004B0032001E0014000A00050002000100ED
:10B2A0000041000000000000AB830100E5870100C1
:10B2B0008F870100BD830100000000002989010083
:10B2C0000C0802170D010102090901010602091803
:10B2D00018030101090903030500000049A2010048
:10B2E00061A2010079A2010091A20100C1A20100A6
:10B2F000E9A2010013A3010047A30100C79F0100B9
:10B30000039F010023A0010007AD01000D360100DD
:10B310001D360100493601001B37010023370100AB
:10B32000353701007FA0010099A001006DA0010048
:10B3300077A00100A5A00100DBA00100ED9B0100AA
:10B34000FBA0010009A1010017A1010027A1010034
:10B350003FA1010057A101006DA10100ED9B01007B
:10B3600000000000B7A900000DAA000023AA0000F9
:10B37000D9A80100199C0100E59C0100D3AB010094
:10B3800011AC01003BAC0100113401005D3901003A
:10B3900083A10100A9A10100CDA10100F3A1010039
:10B3A0001C0500402005004000100200CCB3010045
:10B3B00008000020980100004411000000B40100C2
:10B3C000A0010020100E00008011000001150545AD
:10B3D000481000200519A40500203601000100884E
:10B3E0003720FB349B5F80041F8000100D9DCB092C
:10B3F0000020880900200E0A0020024810000000EA
:10C0000000000220B1F00200D9F00200DBF00200D3
:10C01000DDF00200DFF00200E1F0020000000000AD
:10C02000000000000000000000000000E3F002003B
:10C03000E5F0020000000000E7F00200E9F0020075
:10C04000EBF002000546020051EF020015EF02007E
:10C0500029EF0200EBF0020099D9020079C6020034
:10C06000A1EA0200A9EA0200B1EA0200EBF0020034
:10C07000EBF00200EBF00200EBF00200EBF002004C
:10C08000EBF0020061F90200EBF00200EBF00200BD
:10C09000EBF00200EBF00200952F0300EBF0020042
:10C0A000EBF00200EBF00200B9EA0200C1EA020084
:10C0B000EBF00200EBF002000000000000000000C6
:10C0C000EBF00200EBF00200EBF002003DEF0200AB
:10C0D000EBF00200EBF00200EBF00200EBF00200EC
:10C0E00079EF0200000000000000000000000000E6
:10C0F00000000000EBF002000000000065EF02000D
:10C10000000000000000000000000000000000002F
:10C11000000000000000000000000000000000001F
:10C12000000000000000000000000000000000000F
:10C1300000000000000000000000000000000000FF
:10C1400000000000000000000000000000000000EF
:10C1500000000000000000000000000000000000DF
:10C1600000000000000000000000000000000000CF
:10C1700000000000000000000000000000000000BF
:10C1800000000000000000000000000000000000AF
:10C19000000000000000000000000000000000009F
:10C1A000000000000000000000000000000000008F
:10C1B000000000000000000000000000000000007F
:10C1C000000000000000000000000000000000006F
:10C1D000000000000000000000000000000000005F
:10C1E000000000000000000000000000000000004F
:10C1F000000000000000000000000000000000003F
:10C200002DE9F0419FED1E7B214C04609FED1E5BEC
:10C2100000F502644FF07E55DFED1E6A03F1FF3C2E
:10C2200080ED027B4FF00008256000F6280701260C
:10C2300000F5036500F5046EBCF1030F04ED025B2D
:10C24000C0F82488C7ED006A80F82C6885ED007B73
:10C250000EED027B05D89C193441C0F81838C0F89F
:10C260001C4892B207EE902A00F61402F8EE677AA4
:10C2700000F501631160C3ED007ABDE8F08100BFF5
:10C2800000000000000000000300000002000000A9
:10C29000647E0300000000004389DA0700F1E880B3
:10C2A0002DE9F0414FF0804243F00103D2F8002421
:10C2B00090B006464381002A00F0CC80704A136893
:10C2C0000133136008F066FE06F1D0070021304606
:10C2D00007F00CF838466B4C09F0ECF904F1F00566
:10C2E00054F8043F184613B11B681B689847AC42CA
:10C2F000F6D1304602F0ACF8634B0024CDE90A34A5
:10C300000AAB93E8030010258DE80300029533463D
:10C31000224640F2FD31384606F0F4FD5B4BCDE994
:10C320000C34C02302930CAB93E8030064228DE825
:10C330000300334640F2FD31384606F0E3FD544B2E
:10C340000295CDE90E3410AB13E9030022468DE8C7
:10C35000030033464FF47F71384606F0D3FD7289EF
:10C360004C4BE02142F4C042728183F809136022F1
:10C37000A02183F80A1383F81A2383F81B2383F878
:10C38000071383F81C13802183F8211383F82223D9
:10C39000402283F8011306F5E86083F8022383F84E
:10C3A000062302F0D3FE02F093F801460DEB0500E0
:10C3B0000FF01AFA12F074FC2FA3D3E900231AF03D
:10C3C00003FD90462CA3D3E900231AF0FDFC41465F
:10C3D0000546904606A80FF0E7F9414607A80FF07A
:10C3E000E3F9294608A80FF0DFF907AA08A909A868
:10C3F0000FF090FA06AA09A905A80FF08BFA09A870
:10C400000FF0CAF908A80FF0C7F907A80FF0C4F990
:10C4100006A80FF0C1F906F2CC713B4605AA0091BF
:10C4200006F10C0004A9019406F0AAF805A80FF083
:10C43000B3F904A80FF0B0F906F08CFC3368164A83
:10C440005B6893420DD10A2009F070FC002010B007
:10C45000BDE8F0810A4B4FF47A701A6009F0B6FF1C
:10C4600030E730460A219847002010B0BDE8F0813F
:10C470000A487047AFF3008000CA9A3B00000000F2
:10C480003020002030410020C92D0200B52D0200CF
:10C49000E52E020000E100E05D2D020016FCFFFF2A
:10C4A0002DE9F0412DED028B002408EE103A5C4B93
:10C4B0000360446005460F461646BDF8208008F02C
:10C4C00065FE584B2B6003F12C023833EB60AA60F9
:10C4D0006F612C8205F12C000FF08AF805F1300015
:10C4E0000FF086F89FED507A504B68696E63C7EE87
:10C4F000087AA5F80480EC612C852C83C0F80045EF
:10C50000B0EE677ABEEECE7A17EE101A9FED427B40
:10C51000B1F5004F83ED007B83ED027B234678DB92
:10C52000013341FA03F4B4F5004FF9DA072B15DCB7
:10C5300004FA03F10029B8BF0F31091107EE901A70
:10C54000DFED396AC0F80C35F8EEE77AC0F8084537
:10C5500086EEA77AC5ED097A85ED087A00230222D6
:10C56000C0F804353249C0F81025C0F84835C0F885
:10C570002835C0F84C35C0F82C3540F201136B83D8
:10C580000123C0F81435302404238842C0F8003257
:10C59000C0F8044321D0274988422DD0264A904232
:10C5A0000ED03268012352682B7605F10801C0F8DD
:10C5B000003530469047BDEC028B2846BDE8F0813F
:10C5C0001E4A1F4C95601F4A9168A2F54062C1F84F
:10C5D000C840C2F884315360E3E71A4B174A9968A0
:10C5E0001560A3F540634FF08052174CC1F8B0407E
:10C5F000C3F880211A60D4E7104B144C5D60114BD6
:10C600009968A3F54063C1F8C440C3F884215A6017
:10C61000C7E70C468EE700BF0080008000800080E6
:10C6200008830300048C030000247449783600203A
:10C6300000C0014000100240002002406C42002077
:10C64000ADCF020000ED00E005CF020059CF02009F
:10C6500082B010B59FED0A7B014601F110040498E9
:10C66000C86081ED087B204602A981E80C0009F032
:10C67000EDFC2046BDE8104002B009F037BC00BF19
:10C6800000000000000000000348044B834202D079
:10C69000034B03B118477047682100206821002030
:10C6A000000000000548064B1B1AD90F01EBA3013F
:10C6B000491002D0034B03B118477047682100208E
:10C6C000682100200000000010B5064C237843B913
:10C6D000FFF7DAFF044B13B10448AFF300800123E6
:10C6E000237010BD3C4B002000000000848F03002D
:10C6F00008B5054B1BB105490548AFF30080BDE8FF
:10C700000840FFF7CFBF00BF00000000E836002060
:10C71000848F0300A3F5803A704700BF174B002BAE
:10C7200008BF134B9D46FFF7F5FF00218B460F46D0
:10C730001348144A121A1AF033FD0E4B002B00D086
:10C7400098470D4B002B00D0984700200021040093
:10C750000D000D48002802D00C4802F043F81AF0F2
:10C7600001FB2000290000F0BDFA1AF0CDF900BF4E
:10C77000000008000000000000000000000002208F
:10C7800000220020644B0020E5E7010000000000CB
:10C79000074B10B41C683CB10A46022301462046F0
:10C7A0005DF8044B06F0D2B95DF8044B704700BF4A
:10C7B00004370020094A0A4910B503468160382031
:10C7C00013601AF0A8FC074A2023116BF0220446DC
:10C7D00006F0DAF8044B1C6010BD00BF00370020E3
:10C7E00091C7010000230020043700200C4B18687B
:10C7F000A0B110B50B4C236888B033B120220023C0
:10C80000694606F041FA021E01DC08B010BD20683E
:10C8100092B2694600F056FE08B010BD704700BFE6
:10C82000043700200037002008B50BF0D9F808BD08
:10C83000014804F07FBB00BF1C2B002070B505220F
:10C8400084B00546114602A80EF086FC154E002461
:10C85000A6FB043222F0030125FA04F301EB920156
:10C86000611A43F30003DBB242F38F0209B202A85C
:10C8700001340EF029FD192CEAD102A903A80EF00B
:10C8800091FC0023CDE900331A4603A906480BF0BA
:10C890007DFC03A80EF01AFC02A80EF017FC04B0F1
:10C8A00070BD00BFCDCCCCCC582B002008B50448BF
:10C8B000002111F0D3F9034B00221A7008BD00BF0C
:10C8C000302800203E4B002080EAE07CACEBE07C8E
:10C8D0005FFA8CFCBCF1640F1E4B28BF4FF0640C58
:10C8E000CCEB0C2C002881EAE170A0EBE170A3FBFB
:10C8F0000C3C00B5CCF3471CC0B2AABF6246002274
:10C900004FF0000C6428134B28BF6420C0EB0020BC
:10C91000A3FB003085B00029C0F34710AABF014631
:10C920000021002000234FF0020E8DF80920009313
:10C930008DF80B108DF80C00052302AA0221064881
:10C940008DF808E08DF80AC010F0B8F805B05DF871
:10C9500004FB00BF1F85EB51282A002010B51446A8
:10C96000FFF7B2FF0BF03CF8034A044B2044106081
:10C9700001221A70204610BD0C3700203D4B0020CC
:10C98000024B00221A70FFF79FBF00BF3D4B0020F3
:10C9900000B585B094460023012200938DF80C2049
:10C9A0008DF80D008DF80E10042303AA022104480F
:10C9B0008DF80FC010F082F805B05DF804FB00BFE1
:10C9C000282A002010B5084C84B0002000900221D5
:10C9D00020708DF80C00052302AA0448029110F083
:10C9E0006DF804B010BD00BF3D4B0020282A002088
:10C9F00030B53D4D85B00AF0F3FF2B78044623B1E6
:10CA00003A4B1B68C31A002B62DA394A137823B1F8
:10CA1000384B1B68E31A002B06DA374A1368E31A0F
:10CA20003B2B12D805B030BD0020009002211070C1
:10CA300005238DF80C0002AA3048029110F03EF850
:10CA40002D4A1368E31A3B2BECD900212C481460C3
:10CA500010F02EFC022009F0BBFC0121284810F048
:10CA600027FC0F2009F0B4FC0021254810F020FC21
:10CA70000AF0C6FF46F2A815044604E00AF0C0FF1B
:10CA8000001BA8422BD81F4810F09CFD0028F5D0B1
:10CA90000AF0B6FF46F2A815044604E00AF0B0FF1B
:10CAA000001BA8421BD8174810F08CFD0128F5D0B8
:10CAB0000AF0A6FF001BB0F5685F3CBF124BA3FB5A
:10CAC0000023124A34BFC3F34713FF231370A9E7AF
:10CAD0000F48002111F0C2F800232B7095E70B4B93
:10CAE000FF221A7005B030BD3E4B002010370020E9
:10CAF0003D4B00200C37002008370020282A00205A
:10CB0000D0270020B827002009CB3D8D2021002010
:10CB100030280020013810B50C4610280AD8DFE86C
:10CB200000F0121A22373E09090909090909090901
:10CB300009450B00002010BD234810F043FD0028DC
:10CB40003BD1012010BD214804F0F8F9A042ACBF50
:10CB50000020012010BD1D4804F0F0F9A042D4BF10
:10CB60000020012010BD1A4B4FF0FF31D3F8C8014F
:10CB70000DF09CFC07EE904A07EE100AF8EEE77AFB
:10CB8000B4EEE77AF1EE10FACCBF0120002010BD20
:10CB900010480BF015FC003818BF012010BD0E48DE
:10CBA0000BF00EFC003818BF012010BD0B4B1B789A
:10CBB0008B422CBF0020012010BD094810F002FD5F
:10CBC000B0FA80F0400910BD882700201C2B0020FF
:10CBD000003300208C2B0020B02B002020210020CF
:10CBE000A027002007EE900ADFED1A6AF8EE677AB8
:10CBF000B2EE087A77EEE67A10B5C7EE877A0C4681
:10CC00004FF080402DED028B17EE901A19F06AF963
:10CC10004FF400710346104808EE103A11F01EF868
:10CC2000DFED0E7A9FED0E7A0B4828EE278AC7EECD
:10CC3000087AFDEEE77A17EE901A10F0B9FB0AF0C9
:10CC4000CFFEBDEC028B074A074B0444146001225F
:10CC50001A7010BD00008A42302800200000DC431A
:10CC600000247449103700203E4B00200146014843
:10CC700004F086B91C2B002003460A4601481946D9
:10CC800000F0E8BC1437002008B50AF0A9FE08BD82
:10CC900010B5034B036004460FF094FD204610BD11
:10CCA000A47B030010B5054B036004460FF08AFD1A
:10CCB00020461AF02EFA204610BD00BFA47B0300C8
:10CCC00008B5054806F086F9BDE80840034A04495E
:10CCD00001481AF019BA00BF0023002040200020AC
:10CCE00015CE010010B5294884B0FFF7D5FA00F041
:10CCF000D1F92749274800F057FE274B274A2549F5
:10CD000027480093002300F0CDFB25482549264BFA
:10CD10000161012202751F4A9361FFF74BFD234811
:10CD20000BF04EFB002204460DF10A011B48ADF842
:10CD30000A2000F05FFD10B30146BDF80A20154837
:10CD400000F062FED8B9ECB1194903A80EF04CFD11
:10CD500018484FF4C87203A90BF0C0F903A80EF0ED
:10CD60001BFDFFF743FD0E4800F034FC094800F0BE
:10CD70009BFEFFF73DFE052008F0D8FFF1E7002CF1
:10CD8000E2D1EEE7034800F051FEEAE7002300207D
:10CD9000B0720300603F002089CC0100E47B0300F7
:10CDA00014370020B9CD010079CC01008C2B002074
:10CDB000DC720300582B002070B5154E0546304636
:10CDC00004F0BCF828704FF0FF31D6F8AC090DF034
:10CDD0006DFB07EE900AFCEEE77A06F1700017EEA5
:10CDE000903A6B700BF0ECFA044606F194000BF0ED
:10CDF000E7FA003818BF0120003C18BF012444EABC
:10CE00004004AC7006F5927002F04EFCE87070BD04
:10CE10001C2B0020684B2DE9F04103F13C02044635
:10CE200000F59650C4E90032103001F01FFF0025D4
:10CE3000624E634F04F5176001F0AAF9A4F8465951
:10CE400004F51460C4F8406908F00EFAA4F81E59FD
:10CE500004F61810C4F8186908F006FA04F6E4009D
:10CE60000CF086FC574BC4F8D43804F6D40009F013
:10CE7000C9FA04F50B600BF009FA04F68C000BF00C
:10CE800005FA04F61C0001F0C7FC04F2BC7003F0C4
:10CE9000EDFB04F5F26002F029FC04F5E86001F016
:10CEA000FFFEC4F8287704F5E5600FF08BFCC4F8AA
:10CEB000107704F5E2600FF085FC04F5D56011F001
:10CEC00085F8A4F84A5304F55170C4F8446308F097
:10CED000CBF93D4BC4F8043304F541700CF01EFE51
:10CEE0003A4BC4F8F83003F12802C4F8002104F5E5
:10CEF0003D7504F53E700EF0A9FB28460EF0A6FB2A
:10CF000004F58A739D4211D0DFF8C88004F53575A9
:10CF100004F1F40745F81C8C28460CF0C5FEA5F179
:10CF200010003C3D0EF092FBBD42F3D1002504F110
:10CF3000F800C4F8F860A4F8FE5008F095F904F180
:10CF4000D0000CF05FF804F198000AF047FD04F1FE
:10CF50007C00E667A4F8825008F086F904F16400CA
:10CF60006666A4F86A5008F07FF904F14C00E664A4
:10CF7000A4F8525008F078F9274604F134006663AB
:10CF8000658708F071F9124B47F80C3F04F1200057
:10CF90000EF002FC04F11C000EF0FEFB3846E660C9
:10CFA000658208F061F9201D6660658108F05CF912
:10CFB0002046BDE8F08100BF3881030008830300EC
:10CFC000A47B0300948603001C8D0300408B0300A8
:10CFD000C0800300108B0300A0F104001AE700BF1B
:10CFE00010B50446FFF716FF20461AF092F82046C7
:10CFF00010BD00BF10B5041F2046FFF70BFF2046F1
:10D000001AF087F8204610BD03289ABF703000033D
:10D010000020704703280DD810B5CC18B4F5805FF8
:10D0200082B004DC41EA030C1CF0030404D00020AD
:10D0300002B010BD0020704700F1700C009401EBAD
:10D040000C31044801F0D4FCB0FA80F0400902B081
:10D0500010BD00BF3C400020032801D900207047CC
:10D0600038B500F17004240305462146084801F054
:10D0700047FC05F17102120301E0944206D02368D7
:10D08000013304F10404F8D0002038BD012038BD7C
:10D090003C40002008B5044BB3F5E02F00D208BD9A
:10D0A0004FF45C7001F05CFA04900300014801F059
:10D0B00025BC00BF3C4000202DE9F0410D46097819
:10D0C0004B1E86B004461F2B21D8DFE813F02F003B
:10D0D0003C006900200020002000200020002000EB
:10D0E0002000200020002000200020007700860083
:10D0F0009800D000E5002000200020002000200043
:10D10000200020002000200020002000F60061F018
:10D110007F0108228DF80810A3688DF809200221EC
:10D120000DEB0200984706B0BDE8F081072A40F2F7
:10D130000C81B5F80160731EB3F5006FC0F0C980B3
:10D1400040F2811240E0637D002B00F00181032A50
:10D1500040F2DF80AE78002E00F01D81033A964247
:10D1600040F01981E36895F80180984794F822709F
:10D170006062474500F02B8108F10103DBB29F425A
:10D180004FF082010CBF002306238DF80810A2681F
:10D190008DF809808DF80A30032102A89047C2E774
:10D1A000637D002B00F0E480238C218B00229942C8
:10D1B000627500F0BF8040F2834205E0637D002B82
:10D1C00000F0D9804FF42472A368ADF80820022142
:10D1D00002A8984706B0BDE8F081206800F0F2FB95
:10D1E00000239121ADF80810A26884F8283884F84B
:10D1F0002A38022102A8904706B0BDE8F08100233A
:10D2000001AA0DF102016068ADF80230019300F04F
:10D21000F1FA2068019B92228DF80820427D8DF85A
:10D2200009201A0A8DF80E201A0C8DF80F20BDF86F
:10D2300002208DF80D3002218DF811201B0E120AEC
:10D24000ADF80A108DF80C108DF810308DF8122002
:10D25000807D227D8DF813008DF81410A3688DF861
:10D2600015200E2102A8984706B0BDE8F08120687D
:10D2700000F0A8FBD4E9003000221A7500F0EEFAA5
:10D2800093228DF80900A3688DF80820022102A8D6
:10D29000984706B0BDE8F0812369942100220291ED
:10D2A0008DF80C2013B10DF109009847A3680521F2
:10D2B00002A8984706B0BDE8F081013AD2B22068D2
:10D2C000691C00F0D5FD003818BF0120A022C00065
:10D2D000D7E7206800F076FB0023012284F8283885
:10D2E00084F82A386275EA79268302F00102A27571
:10D2F000D5F80310E268E161238484F82230904776
:10D3000081226062A368ADF80820022102A8984734
:10D3100009E7012A98BF00213DD8822004228DF818
:10D3200008008DF80910A3688DF80A20032102A8CF
:10D330009847F8E604F12805284600F09DFAE369CD
:10D34000984232D040F283323EE740F281423BE7DE
:10D35000012A88BF6B78A2688DF8093082200921E4
:10D360008DF808008DF80A1002A803219047DAE62C
:10D3700040F6831228E784F8283884F82A38206891
:10D3800000F054FBA36840B19022ADF808200221C0
:10D3900002A89847C7E66978BFE74FF4F262ADF894
:10D3A0000820022102A89847BDE6A37D228C2BB35A
:10D3B0002068294600F028FBA368002843D040F6E7
:10D3C0008322ADF80820022102A89847ABE6238CFF
:10D3D000228B9919914221DD0023822163752384D8
:10D3E00084F82230A3688DF8081004228DF80970A3
:10D3F0008DF80A20032102A8984794E66068294620
:10D4000000F074F9024628B383218DF808108DF8D6
:10D410000900A368022102A8984784E604F12800C5
:10D420003246E91C184419F0F7FE238C1E4494F888
:10D43000223026840133822184F822300022A3681E
:10D440008DF80810D2E78322ADF80820022102A847
:10D45000984768E602A96068ADF8082000F0CAF9AC
:10D46000014668B1BDF80820206800F0CDFAA36835
:10D4700078B98322ADF80420022101A8984752E62A
:10D4800040F28352A368ADF80420022101A8984716
:10D4900049E640F68322ADF80420022101A898470E
:10D4A00041E600BFF8B504460F461646002140F697
:10D4B0004C021D4619F074FE069BA560C4E9007677
:10D4C000E360F8BD002A00F083802DE9F843804630
:10D4D0000D468E1800F6340400F6350798F84828F3
:10D4E000132A08D8531CDBB288F8483842442978FC
:10D4F00082F834181A4698F83438013B1F2B11D89B
:10D50000DFE803F06341231010101010101010100A
:10D5100010101023232323231010101010101010AC
:10D520001010104E98F84828013AD2B288F84828CE
:10D530003946204619F01BFE98F84828002ADAD10F
:10D540000135B542CAD1BDE8F8834FF0010998F81A
:10D5500048384B45F4D34A4621464046FFF7ACFDD8
:10D5600098F8482804EB0901A2EB0902204619F0BB
:10D57000FEFD98F84828A2EB0902D2B288F84828A4
:10D58000002AB8D1DCE7022ADAD998F8369809F1EE
:10D59000FF330F2BC6D809F103095FFA89F9D6E7E3
:10D5A000012ACDD098F8350800F0F6F90028B9D056
:10D5B00001305FFA80F9B9F1FF0FB3D0B9F1000F74
:10D5C000C5D10135B54289D1BDE74FF00809BEE7A5
:10D5D000704700BF10B5437D82B0044653BB90F83E
:10D5E0002A284AB1B0F82B188268ADF8041080F8E8
:10D5F0002A38022101A8904794F82838C3B1E3687B
:10D600009847D4F83038C01A3B2811D994F8291813
:10D61000E3688DF80510F02000228DF8040084F8EE
:10D6200028289847A368C4F83008022101A8984721
:10D6300002B010BDC3689847626A41F28833801A0D
:10D640009842F5D900236375238484F8223002B010
:10D6500010BD00BF012912D0022906D071B90123E3
:10D6600080F8292880F8283870474FF201210023DC
:10D6700080F82C28A0F82A1880F82838704790F8ED
:10D680002A384BB94FF2011380F82C28A0F82A3819
:10D69000002380F82838704790F82B38F22BF1D10E
:10D6A000F6E700BFF0B5044685B0084616461D46AD
:10D6B000A04720B102680C4B9A42044602D00020D9
:10D6C00005B0F0BD07897B1EB3F5006FF7D26A463F
:10D6D0003946103000F0EEF80028F0D1378063684A
:10D6E0002B60012005B0F0BD31585453531EB3F5E3
:10D6F000006F01D3012070472DE9F047002484B06A
:10D700001746054688464FF0FF36A146A86802AB8B
:10D7100001AAE1B2FFF7C6FF20B1029B4B4584BFCF
:10D72000994626460134042CF0D1731C48D00136AA
:10D7300006F0030609F101092B68304698470028D6
:10D740003AD04FF0FF33009327F003031FFA83FA18
:10D75000002B39D138466A466946002408EB040399
:10D76000013413F80A3001F8013BA042F6DC0AF15B
:10D7700010016C6889B204233046A047E0B14FF62F
:10D78000FF73ADF80E306C68CDF80890ADF80C70F2
:10D7900002AA082304213046A04768B1144B019324
:10D7A00004236C680DEB030200213046A04718B13A
:10D7B000002004B0BDE8F087052004B0BDE8F08784
:10D7C0004FF001090026B7E76C6853464246102126
:10D7D0003046A0470028EFD0FB1C23F003039BB288
:10D7E0005345CCD0A7EB0A000028B4DC6A46BEE75C
:10D7F000315854532DE9F047002482B0054688463D
:10D800001746A2464FF0FF392646A86801AB0DF136
:10D810000202E1B2FFF746FF30B1019BB34203D9E8
:10D82000BDF802A0A1461E460134042CEDD1B9F189
:10D83000FF3F0ED0B8F1000F01D0A8F800A007B14B
:10D840003E60AB685FFA89F09847103002B0BDE8DF
:10D85000F087002002B0BDE8F08700BF38B505466C
:10D8600000242B68E0B2984720B10134042CF8D191
:10D87000002038BD052038BDB9B100F1FF3C0C488F
:10D8800000B54FF0FF320CEB010E1CF8013F0821F0
:10D890005A4042F300030340013983EA5202F8D1AF
:10D8A000F445F2D1D0435DF804FB0846704700BF51
:10D8B0002083B8ED002859D0002A57D00F2955D918
:10D8C0000378532B52D14378542B4FD18378582B64
:10D8D0004CD1C378312B49D10379022B46D12DE9A4
:10D8E000F04747797B1E072B42D8C688FB1C06EB06
:10D8F000830399423CD1B1F5006F39D86FF00A0823
:10D90000D0F808901C4CA8EB0008A1F10C0A00F11B
:10D910000B054FF0FF3C15F8013F4FF0080E8CEA65
:10D92000030C4CF300032340BEF1010E83EA5C0CB0
:10D93000F7D108EB05039A45EDD86FEA0C0CE145E9
:10D9400016D100F10E0303EB87051C88B44203F1E6
:10D9500004030DD29D42F8D100EB87030C33106015
:10D960009180977193609681002002E005207047B6
:10D970000520BDE8F08700BF2083B8ED4FF00C0C08
:10D9800003680CEB8101585C10700B44597851709E
:10D990005B885380704700BF32289ABF014B185CE8
:10D9A00000207047F07B0300002301600375A0F89E
:10D9B00015308361037780F84C3080F87C3080F834
:10D9C000AC307047427D0023012A10B5044603772E
:10D9D00080F84C3080F87C3080F8AC3002D00023E6
:10D9E000637510BD0368002BF9D09A690AB190479E
:10D9F00023689A6A0AB1904723689B68002BEED08F
:10DA000098470023637510BD70B504460D46164651
:10DA1000FFF7D8FF00232375221D31462846FFF764
:10DA200049FF08B901232375A07570BD2DE9F043A6
:10DA3000077D83B01FB9384603B0BDE8F0830646C2
:10DA4000FFF7C0FFB37A0024B47533B306F11E05A7
:10DA500006F10409A046214601AA4846FFF78EFFB9
:10DA6000BDF80430BDF80610AB800022DBB2002BFD
:10DA700061F30F0214BF0123022361F31F422A60E6
:10DA800085F80C8005F8023CB37A0134E4B2A34275
:10DA900005F1300501D9042CDDD101233846737519
:10DAA00003B0BDE8F08300BF437D012B40F0F2805E
:10DAB0002DE9F04F0368DFF8B4A31B6883B0044678
:10DAC0009847A146009025464FF0000895F81CB0F5
:10DAD000BBF1050F39D8DFE80BF00FBF382FAC9C36
:10DAE0004FF0010B84F816B02046FFF76BFFA369D7
:10DAF00013B159460220984708F10108B8F1040F04
:10DB000005F13005E2D1637D012B40F0C08004F1C6
:10DB1000C00399F81C1009F13009002940F0B780C2
:10DB20009945F6D1A3696175002B00F0B080012002
:10DB300003B0BDE8F04F18476B6A009AD31A002B68
:10DB4000DADB4FF0020B85F81CB02026BBF1020F88
:10DB5000D2D1EA8B238A9A4246D2E168885C322885
:10DB600001EB0207BCD81AF800100029B8D002EB6C
:10DB7000010C9C45B6DC2368322800F29080DFE877
:10DB800010F04C01210126019B00F0009B008E004B
:10DB9000080111018E008E008E008E008E008E0016
:10DBA0008E001A01320137018E008E008E008E0029
:10DBB0008E00B2008E008E008E008E008E008E00D1
:10DBC0008E00C500CC008E008E008E008E008E0070
:10DBD0008E008E008E008E008E008E008E008E00D5
:10DBE0008E00D100DC008A0084F816B02046FFF7D2
:10DBF000E9FEA369002B3FF47FAF5946584608F170
:10DC000001089847B8F1040F05F130057FF45EAFC5
:10DC100079E76B6A009AD31A002BFFF66DAF95F87F
:10DC20002230013BDBB2032B40F2E88001232B774B
:10DC300062E7236895F82910DB6995F82800984772
:10DC400000287FF47EAF08F10108B8F1040F05F158
:10DC500030057FF43BAF56E795F82230013BDBB24D
:10DC6000032B3FF649AF804A95F82310D05C236818
:10DC7000DB69984700283FF43FAF2B8CEB834FF0D4
:10DC8000020B002385F82A3085F81CB05DE703B04D
:10DC9000BDE8F08F70479B6A002B40F0BA800126E8
:10DCA000A6752046FFF78EFEA369002B3FF424AF34
:10DCB0003146022098471FE795F82A20072A00F2EC
:10DCC000C38008EB480302EB830304EB83030328C0
:10DCD000A3F82CC00CBF78780020D885013285F8D5
:10DCE0002A20EA8B06E0FA78B9781B697878984799
:10DCF000EA8B0421114489B2E983637D012BC6D1EB
:10DD0000013E3FF4F9AE95F81CB01FE779885B69D6
:10DD100078789847EA8B0421ECE79B699847EA8B6F
:10DD20000121E7E71B6A002BB9D097F9021097F998
:10DD300001009847EA8B0321DCE7D3F824B0BBF15C
:10DD4000000FACD0B7F8032097F9021097F9010043
:10DD50000193D847019B074600287BD1EA8B052118
:10DD6000C8E795F82A10002970D0013908EB48035C
:10DD700001EB830304EB8303DA8D002A68D0013AB8
:10DD800092B2DA85002A63D185F82A10EA8B012144
:10DD9000B0E7DB69B97878789847EA8B002846D0F5
:10DDA0000321A7E7A369002B4CD07978002098477E
:10DDB000EA8B02219EE75B68D7F801009847EA8B5F
:10DDC000052197E795F822204ABB2A7794E61B683D
:10DDD0009847B7F8013003446B62EB8B0333EB8356
:10DDE00003232B7788E69B689847EA8B012181E71C
:10DDF000DB6878789847EA8B02217BE71A4A95F826
:10DE00002310D05C2368DB69984700287FF474AE48
:10DE10000CE79847EA8B01216CE701216AE70522AC
:10DE20002A771B68984700F5FA70686264E67B7889
:10DE300085F82830BB7885F8293003320423EA833B
:10DE40002B7759E6022155E7032629E7042627E721
:10DE5000998D51E71B689847EB8B05330744EB839B
:10DE600003236F622B7747E6247C0300F07B0300DB
:10DE70008AB308B50B78322B8C462AD83449C95C52
:10DE800039B38A4225D1122B21D9A3F11802D2B27B
:10DE90001A2A1ED82F4921FA02F2D20719D5103BAF
:10DEA0000268222B1DD8DFE803F04D4A181C1C1C09
:10DEB0001C1C411C1C1C1C1C1C1C3A371C1C1C1C44
:10DEC0001C1C1C1C1C1C1C1C1C1C2E231E000F2B91
:10DED000E5D8012008BD01207047D3689CF80100F7
:10DEE0009847002008BD936A002BF2D09847F8E7C6
:10DEF000536A002BEDD0BCF803209CF902109CF96A
:10DF000001009847EDE7136A002BE2D09CF902105C
:10DF10009CF901009847E4E793699847E1E7536962
:10DF2000BCF802109CF801009847DAE713699CF8E6
:10DF300002109CF803209CF801009847D1E79368F1
:10DF40009847CEE75368DCF801009847C9E700BF5F
:10DF5000F07B0300010300070048704716FCFFFF39
:10DF6000704700BF70B5044682B0382019F0D3F86E
:10DF700004F1080613233246054624490093244B36
:10DF8000FEF78EFA0021C4F8F05828460EF002FF82
:10DF9000D4F8F0080EF0C0FE81B2304602F08AFAE2
:10DFA0004FF40041304602F08FFAD4F8F00888B1FF
:10DFB00094F87238D4F878188BB90FF069F8D4F85F
:10DFC000F00894F8733828B1D4F874185BB10022C3
:10DFD0000FF01CF8D4F8EC385BB102B070BD012230
:10DFE0000FF014F8EBE70FF053F8D4F8EC38002BEF
:10DFF000F3D1002240F2FF3304F67C01304602F0F8
:10E0000017FAC4F8EC0802B070BD00BF001002405F
:10E0100000442C4710B50446D0F8FC0803680121E1
:10E020001B6898470121D4F8FC080FF0ADFDD4F827
:10E030004818D4F8F4080EF0F3F8D4F8F818D4F827
:10E04000F40800220EF014F901210DF0AFFD0123B8
:10E0500084F8703810BD00BF38B50446D0F84808C1
:10E060000DF030FD10B194F87038C3B1D4F8480801
:10E070000DF028FD054610B994F8703803B938BD85
:10E08000D4F8FC0884F87058036829461B68984740
:10E09000D4F8FC082946BDE838400FF075BD20468D
:10E0A000FFF7B8FFE2E700BF38B5044600293CD0CF
:10E0B000D0F8F03823B3C388264A43F00103022185
:10E0C000C380C2F88410BFF34F8FBFF36F8FD0F8B7
:10E0D000F0080EF095FFD4F87818D4F8F0080EF098
:10E0E000D7FFD4F87418D4F8F0080EF0D1FFD4F8A4
:10E0F000F00810B103689B6998470023C4F8F03812
:10E10000D4F8FC0894F8703802680025DBB284F873
:10E1100071382946136884F870589847D4F8FC0879
:10E1200029460FF031FD002038BDC388DA0705D538
:10E13000D0F8F02823F00103C38042B194F871387D
:10E14000002BF0D02046FFF765FF002038BDFFF719
:10E1500009FFF3E700E100E0044B186810B1D0F8C4
:10E16000F03803B17047FFF7FDBE00BF404000200C
:10E170000346D0F8F00883F873180A4638B1D3F88C
:10E18000741812B100220EF041BF0EF081BF70472B
:10E1900070B50446D0F8F0081B4B236048B1D4F8A2
:10E1A00078180EF075FFD4F87418D4F8F0080EF053
:10E1B0006FFF164BC4F8083903F18402A833C4F882
:10E1C0002029C4F82839124E002504F638100DF025
:10E1D0003DFA04F51260C4F82069A4F8265907F046
:10E1E00043F804F6041003F079FA04F67C0002F018
:10E1F0000FFF04F1080001F0EFFE20462660E580E5
:10E2000007F032F8204670BD307C0300EC7F03003D
:10E210000883030010B50446FFF7BAFF204618F044
:10E2200078FF204610BD00BF2DE9F04F044685B0B1
:10E2300000251E46644B03602746456092468B4688
:10E24000DDF8389006F0A2FF604B47F8083B6049C4
:10E25000032340F2FF323846FDF7D2FF40F20113AC
:10E26000C4F878A804F67C0A4AF6444284F8705848
:10E27000A4F8723840F6C231C4F874B884F8715802
:10E28000504602F061FF0F9BC4F8FC385146C4F8B9
:10E29000EC58C4F8F058C4F8F468C4F8F89804F6D8
:10E2A000041003F019FA2B22394604F6081003F083
:10E2B000ABFC484B1A68002A00F08480E38843F4E2
:10E2C00000535046E380012103F0FAF90022494649
:10E2D00030460DF0CDFF03683F495B6AC4F848083B
:10E2E000984700220721D4F84808DFF800A1DFF89A
:10E2F000E8900DF041FC2046FFF78CFE442018F01A
:10E300000AFFD4F84818054601F11C0606F02AFF5A
:10E310003146024628460CF08DFD04F5076128467B
:10E32000C4F854580CF0B2FB4C2018F0F4FE05462B
:10E33000D4F8540803685B69984702230A2201460F
:10E34000CDE900322846254A01230CF0DDFAC4F855
:10E350004C58602018F0DFFE0546D4F854080368D6
:10E360005B699847152302931D4B01934FF083433C
:10E3700001461C4A009328461B4B0CF04FF8C4F88A
:10E380005858442018F0C7FED4F84C1805462C31D4
:10E3900025220CF04FFD04F65C06C4F8505804F634
:10E3A0006C08542018F0B7FE534605464A463946D5
:10E3B00002F0F8FD46F8045F4645F2D1204605B06C
:10E3C000BDE8F08F1C6079E708830300307C030010
:10E3D00000442C474040002000E02B460AD7A33DD4
:10E3E00000000C420000AA420000824200007F436D
:10E3F00000487047E0720300BFF34F8F0549064B9A
:10E40000CA6802F4E0621343CB60BFF34F8F00BFD2
:10E41000FDE700BF00ED00E00400FA0512DF7047E1
:10E42000704700BF084607F0D5BF00BF10F038BCEA
:10E43000084607F0CBBF00BF10F038BC024A0349C2
:10E4400001601060704700BF48400020547C03000A
:10E4500030B583B0054600240DF107008DF8074064
:10E46000FFF7DCFF9DF80730012B1ED0154A164838
:10E47000012313604FF0040CC2F80041D2F80031C0
:10E48000002BFBD0D2F80835BCF1010C43EA002088
:10E49000F2D1012353602B680C4A9B6993420AD145
:10E4A00003B0BDE8304007F095BF2B68074A9B6971
:10E4B00005489342F4D00146284603B0BDE83040F9
:10E4C000184700BF00D00040ED5EBC0B25E4010002
:10E4D00030B4174D0FCD88B001AC0FC495E80700DC
:10E4E000144D03C4002305F8053F19464FF080532F
:10E4F00022705C6E05204FF0010C01EB81026A4432
:10E50000B4FBF0F300FB1343B3FBFCF31A440131FB
:10E51000127905F8012D0529A4EB030400EB800016
:10E520000CEB8C0CE9D1034808B030BC704700BF3D
:10E530008C7C03004C40002000B583B000230DF11B
:10E5400007008DF80730FFF769FF9DF80700A0F17D
:10E550000100B0FA80F0400903B05DF804FB00BF91
:10E560002DE980488BB0044610F064FB8F4B904936
:10E57000904D0022C3F810254E1DC3F8142503202A
:10E58000C3F81825C3F81C25C3F82025C3F8242593
:10E59000C3F82825C3F82C250A4612F8013B1F2B87
:10E5A00086BF03F01F0329464FF0A04103F5E07337
:10E5B000964241F82300F0D17F4B7E48591D1A4600
:10E5C000032612F8013B1F2B86BF03F01F030546ED
:10E5D0004FF0A04503F5E073914245F82360F0D178
:10E5E000754A7448012612F8013B1F2B86BF03F0C1
:10E5F0001F0305464FF0A04506FA03F39142C5F804
:10E600000C35F0D16D4BDFF8C4B11F686C4B6D4A0F
:10E6100083FB0413E117C1EB63188BFB0403C1EB0D
:10E62000A3034FF0000A12680493BC46D146264665
:10E63000454612B14A4540F3AE8063485D4F0592AE
:10E64000E646002301244FF0A041CDF80C9084460B
:10E65000CDE906E3CDE9086500200CF1050927287E
:10E6600000F39480039B042B00F38B8049F63F4317
:10E6700049F64048504DCDF808C0E64649F64042BC
:10E68000DFF82CC1CDF8048004269EF800A01CF809
:10E69000018B4AFA06FA1AF0010F60D0B8F11F0F89
:10E6A00067D84FF0A04A04FA08F8CAF80C85013E72
:10E6B000EBD2DDF80480B8F1000F0BD02E781F2EBE
:10E6C00086BF06F01F06BC464FF0A04C04FA06F6C3
:10E6D000CCF808650026019002E00136964214D07D
:10E6E0009E42D1F80405F8D195F800C0BCF11F0F87
:10E6F00086BF0CF01F0CBA464FF0A04A013604FA50
:10E700000CF09642CAF80C05EAD10EF1010EF14563
:10E71000019805F10105B3D101303028DDF808C0BA
:10E720009DD1DDE906E30133042BDDE9086536D030
:10E73000012B32D0022B049A18BF32468BFB020CFD
:10E74000D017C0EBAC0000EB8000A2EB40023032EF
:10E7500052B2052002FB00E2A2F1A00C78E7B8F16A
:10E760001F0F0AD84FF0A04A04FA08F8CAF8088523
:10E770009DE708F01F08BA4695E708F01F08BA465B
:10E78000F2E740F69F734FF47A6873E74FF0FF3378
:10E790004FF000086EE7FFF72FFE2A46CEE7DDF8C0
:10E7A0000C90059AF44609F1010942E70060004027
:10E7B0007C7C030000030050847C0300A420002024
:10E7C0001F85EB5144400020747C03006766666639
:10E7D00008B5FFF7C5FE00BF08B50846FFF7F8FF0C
:10E7E00008BD00BF4FF0FF30704700BF054B1868F1
:10E7F00028B10368044ADB69934202D1704710F0E4
:10E800004DBA18474840002021E40100704700BF7E
:10E810000048704716FCFFFF10B5074B036003F17B
:10E820004002044640F83C2F09F0EEF9204601F082
:10E8300027FF204610BD00BFB07C0300084B10B579
:10E8400003F140020446036040F83C2F09F0DCF974
:10E85000204601F015FF204618F05BFC204610BD55
:10E86000B07C0300094B10B503F14002A0F13C0459
:10E8700040F83C3C026009F0C7F9204601F000FF77
:10E88000204618F046FC204610BD00BFB07C0300B7
:10E8900010B5074A40F83C2C02F14001A0F13C04BD
:10E8A000016009F0B1F9204601F0EAFE204610BDF2
:10E8B000B07C030030B583B00125044600951D46A9
:10E8C00002F06AF82A46214604F13C0009F0E0F91A
:10E8D000034B236003F140022046E26303B030BDE6
:10E8E000B07C030029DF704728DF7047022802D17F
:10E8F000014B01221A7070473F4B0020704700BF48
:10E9000070B50C46FFF718FEA0B1164D00232B7012
:10E910004FF0805601E009F037F93069B4FBF0F0B0
:10E92000FFF7E2FF03460A20002BF4D12B78002BDF
:10E93000FCD070BD0C4A0223C2F80435D2F8003472
:10E94000002BFBD00849C2F80845D1F80034002B51
:10E95000FBD00023044AC1F80435D2F80034002B60
:10E96000FBD070BD3F4B002000E00140F8B50D46E4
:10E9700014461E46FFF7E0FD90B11B4F00233B708D
:10E9800001E009F001F9324621462846FFF7AAFFC7
:10E9900003460A20002BF4D13B78002BFCD0F8BDB5
:10E9A000124A0123C2F80435D2F80034002BFBD000
:10E9B000002E0FDDA4F1040C0C4A291F0CEB860677
:10E9C0005CF8043F41F8043FD2F80034002BFBD040
:10E9D000B445F5D1054A0023C2F80435D2F8003415
:10E9E000002BFBD0F8BD00BF3F4B002000E00140F2
:10E9F0002DE9F04F83B082460C9F9146002F7CD0CA
:10EA000038464FF080521469013C044040F0858044
:10EA10001069B1FBF0F810691269B1FBF2F502FB65
:10EA2000151505EB030B0BF10406002B00FB08F892
:10EA300026F0030625F0030028DD0B44CC4601E058
:10EA4000994223D011F801EB1CF8012B32EA0E0297
:10EA5000F6D0002F61D04FF0805639465046FFF770
:10EA60004FFF336942469B0839465046FFF77EFF09
:10EA700050464146FFF744FF366900200023B0426C
:10EA8000019308DB002003B0BDE8F08F0023B04203
:10EA900047460193F6DAA9EB05090DE0834516DD3B
:10EAA00019F8003093402343441C0193A30715D069
:10EAB000B4422046E6D0019C424202F0030200F03C
:10EAC000030358BF534285424FEAC302E6DD3B5C75
:10EAD00093402343441C0193A307E9D10028B8BF06
:10EAE000033020F00300012308EB000101AA504687
:10EAF000FFF73CFF00230193DAE7D7F8F82F013244
:10EB00000ABF4FF01022D7F8F80F50694FF080522B
:10EB10001269A0EB8200074673E76FF47A70B2E7E0
:10EB200010B50446C0E9001283604FF480720423DC
:10EB300008310C3004F0C8FE0022012104F1240049
:10EB400007F0CAF904F198000CF0CEFE0023C4E9E6
:10EB50001433A363236223646363E3636364A36581
:10EB6000E364A4F85C302366C4F89430204610BDFA
:10EB7000F8B5056A15F0010543D10646044656F876
:10EB8000640B03684FF40062DF6962630B23314654
:10EB9000B8472946102284F88B5084F8805084F8B6
:10EBA000755084F8905004F1810018F0B1F82946AE
:10EBB0001022606404F1760018F0AAF82368656BEF
:10EBC0001A68E06405F50065E5631846136B676C29
:10EBD00098470544AF4212D3E56C636CAB420ED24A
:10EBE00020680368DB6A9847854208D206490E22EE
:10EBF000304618F0ACFAB0FA80F04009F8BD0020B9
:10EC0000F8BD0120F8BD00BFE872030030B58DB03B
:10EC10000446FFF7ADFF28B9236A23F001032362FE
:10EC20000DB030BD2D220021684618F0B9FA2068D9
:10EC3000616B02680B23156A6A46A8472068016861
:10EC400001230D6AE16C6A46A847E5E738B500F193
:10EC500024050446284607F049F92046FFF7D6FF69
:10EC60002846BDE8384007F0BBB900BF10B50446E0
:10EC700098300CF091FD204610BD00BFC16000200F
:10EC8000704700BF0048704716FCFFFF0048704700
:10EC900016FCFFFF014B1880704700BF304B00206F
:10ECA00010B5044A026000230446C38006F0DCFA73
:10ECB000204610BD0883030010B5064A02600023F9
:10ECC0000446C38006F0D0FA204618F022FA204607
:10ECD00010BD00BF0883030082B010B58C4684B01D
:10ECE00049688646DCF800000DF1080CACE803002A
:10ECF00006A981E80C00DDE90243DA070EEB630C9C
:10ED000003D55A105EF802301C5908AB93E8030093
:10ED10008DE8030006AB0CCB6046A04704B0BDE80D
:10ED2000104002B0704700BF2DE9F84300251E4691
:10ED3000144B03600446456088461746BDF8209092
:10ED400006F024FA104B23602A46C4E90887A6621D
:10ED5000012104F12C0007F0BFF800220023C4E9D0
:10ED60001023E388256143F4804343F00403656185
:10ED7000A561E563A4F84850A4F80490E380204618
:10ED8000BDE8F88308830300147D0300C3885B0794
:10ED90000CD510B5006A84B0026800230093146A91
:10EDA000E0210DF10F02A04704B010BD704700BF75
:10EDB00070B5C3885B0784B004460D4608D5006A69
:10EDC000002302680093166AE0210DF10F02B0479C
:10EDD000206A2A6801685388002400940C6A04326F
:10EDE000E021A04704B070BD70B54B6AD3F80C2386
:10EDF00093F81343526884B0054603F543700E46FA
:10EE00009047E443B0FA80F304F001045B09A342A5
:10EE100021D101220C2128460CF0F0FBF3885B077E
:10EE200008D5306A002302680093146AE0210DF1CE
:10EE30000F02A047306A2A680368002100919C6A8B
:10EE400004320C23E021A04710B9284604B070BD5D
:10EE500028460CF0FBFB28460CF0CAFB284604B001
:10EE600070BD00BF70B50C4682B0054668460CF018
:10EE7000BFFBE38801263343E380012007F0A6FAB5
:10EE8000214601A8FFF7B0FF01A968460CF0E6FB98
:10EE900001A80CF0DBFB009B5A88E2B11A79202A0A
:10EEA0001FD1E2885B79920601D5392B21D0312B15
:10EEB00011D0022168460CF063FCE38823F00103C3
:10EEC0006946E38028460CF0B7FB68460CF0BEFBB1
:10EED000284602B070BD142E06F101030CD01E4668
:10EEE000CBE7132AE5D059790E4807F017FAC11C71
:10EEF000E0E701231E46C0E70122022101A80CF031
:10EF00007DFB019B43F620029A80E38823F00103F6
:10EF1000E38001A928460CF08FFB01A80CF096FBBA
:10EF2000D3E700BF307D0300F0B5164683B00D4631
:10EF30001F4604460CF05CFB314601A80CF07CFB3C
:10EF400001A92846FFF734FF58B901A80CF07EFB51
:10EF500057B1294601A8FFF785FF01A920460CF00B
:10EF60007DFB01A80CF072FB204603B0F0BD00BF92
:10EF700070B582B01646044601220D46684602214D
:10EF80000CF03CFB20460CF033FB009B10225E7122
:10EF90001A71694601A80CF04FFB01A92846FFF73A
:10EFA00007FF064601A80CF051FB2EB168460CF095
:10EFB0004DFB204602B070BD294601A8FFF752FF65
:10EFC00001A920460CF04AFB01A80CF03FFB684663
:10EFD0000CF03CFB204602B070BD00BF30B5CB88C2
:10EFE0009B0783B00C46054606D5A068A389286018
:10EFF0002846AB8003B030BD68460CF0F9FA012218
:10F00000214601A8FFF7B4FF01A968460CF026FBD2
:10F0100001A80CF01BFB009BB3F80730A381022270
:10F02000214601A8FFF7A4FF01A968460CF016FBD2
:10F0300001A80CF00BFB009BB3F807302381022BD7
:10F0400003D1E38843F02003E3800322214601A893
:10F05000FFF78EFF01A968460CF000FB01A80CF039
:10F06000F5FA009BA189B3F80730638149F60412D1
:10F07000E388914216BF23F0040343F0060343F0F4
:10F080000203E38068460CF0E1FAAEE770B50C4687
:10F0900084B00421054601220DEB01000CF0AEFA0C
:10F0A0000126019A40F61203744093809671D47140
:10F0B00001A902A80CF0C0FA3346294602AA03A807
:10F0C000FFF732FF03A80CF0C1FA02A80CF0BEFA59
:10F0D00001A80CF0BBFA04B070BD00BF10B501214F
:10F0E00084B00446FFF7D2FF0021012006F0D0F8DB
:10F0F00004210DEB010001220CF080FA019B124A61
:10F100005A6001A902A80CF097FA02AA012321462D
:10F1100003A8FFF709FF03A80CF098FA02A80CF067
:10F1200095FA0A2007F052F9606A032100F543704E
:10F130000EF044FD4FF080430122C3F8002501A8E2
:10F140000CF084FA04B010BD12070108C388DB0775
:10F1500000D5704730B50446406AD0F80C3390F8BB
:10F1600013535B6883B000F543709847ED43B0FAE2
:10F1700080F005F001054009A84213D168460CF063
:10F1800037FA214601A8FFF72FFE01A968460CF0C7
:10F1900065FA01A80CF05AFA009B5A8822B9684611
:10F1A0000CF054FA03B030BD1A79112AF7D15A790C
:10F1B000092AF4D19A79012AF1D1DB79032BEED116
:10F1C0002046FFF78BFFEAE7C38870B513F001050F
:10F1D00003D0114B00221A6070BD0446406AD0F87B
:10F1E0000C3390F813635B6800F543709847F6435F
:10F1F000B0FA80F006F001064009B042E9D1064AB3
:10F2000013681D2B02DC0133136070BD20461560AE
:10F21000BDE87040FFF79ABF54400020C38819B181
:10F2200043F00103C380704723F001039BB2C38006
:10F23000704700BF08B506F039FE003818BF01203E
:10F2400008BD00BF10B5044608F0CAFBD4E910326F
:10F25000C01A61EB0201B0F5FA7F71F1000105D32C
:10F26000E06B0028CCBF0020012010BD002010BDA5
:10F2700030B5194B1D688DB045B3044606A80BF098
:10F28000EBFE164B0293182017F045FF144900912E
:10F290000146002241F80C4B0192C26005924A607F
:10F2A000CDE90A226A460346049003CA5860996071
:10F2B0002A680C4992680C4858618A424FF0120340
:10F2C000ADF80C3004D102A806F0DCFF0DB030BD63
:10F2D00002A928469047F6E75C420020FF0305009C
:10F2E00009F301008DEC0100D9EC010010B50446D2
:10F2F0002C3006F0ABFE002006F0E0FD2046BDE815
:10F300001040FFF7B5BF00BF82B010B502A981E879
:10F310000C00BDF8082040F2FF339A4203D0BDE84C
:10F32000104002B07047BDF80A30052BF7D10446F3
:10F330002C3006F08BFE002006F0C0FD2046BDE814
:10F34000104002B0FFF794BF2DE9F04F8BB0984604
:10F350009DF85040049404460F460191154608F06C
:10F360004FFBA36A002B00F0F18006468A4608F0A6
:10F3700047FB6FB1854278EB0103C0F0E580744A2A
:10F38000281A68EB0101002382428B4180F0DC8067
:10F3900001212046FFF77AFE049B581C0021C0B2D1
:10F3A00005F076FF08A808F0F5FB0746A06A036899
:10F3B000DA6943698B46C1680791D3F8481505910E
:10F3C000D3F804130691D3F80413C3F80813614B60
:10F3D0009A4240F0B180604BC360DFF88C9100230B
:10F3E000A9F80030049B7BB9159B6BB11B6815987D
:10F3F0005B689847159B1598DB8813F4807F0CBFDA
:10F40000032102210EF0DAFB606A032100F543704C
:10F410000EF0D4FB514BA06A40221A600368089A90
:10F42000DB6B02219847A06A03689B6A98470D3DF1
:10F4300048F1FF38AD1B68EB0A08BF1B6BEB0A0BEA
:10F44000FF194BEB0B0BEB1B029368EB0B030393C6
:10F45000019B089EDFF814B100273D46BA464BB326
:10F46000029A0399974275EB010325D2D21B61EBF7
:10F47000050393457AEB03031CD3A06A0368324467
:10F48000DB6B0221984730BFA06A03689B6C9847EA
:10F49000861BF619804645F1000508F0B1FAB9F867
:10F4A000002092B23746464632B1019BA9F800A02F
:10F4B000002BD5D15A46E0E7606A002100F5437081
:10F4C0000EF07CFB049921B9159B13B118460EF080
:10F4D00075FBA06A03681B6B9847A06A0368DA692A
:10F4E0004369D3F80413C3F808131A498A4226D192
:10F4F000079AC260059AC3F84825002200231946DE
:10F50000104608F057FBA36A04985B69069AC3F893
:10F51000042303300021C0B205F0BAFE00212046CA
:10F52000FFF7B4FD08F05CFA02460B46C4E910236D
:10F5300000200BB0BDE8F08F074990474DE70799D1
:10F540009047A36A5B69D5E70548F2E70548F0E70D
:10F550009F8601007DEC010095EC010000E100E0D8
:10F5600009FCFFFF16FCFFFF304B0020BFBDF0FF82
:10F5700030B5044685B0002006F0A0FC2046FFF719
:10F5800077FE0022002302A8CDE9022308F028FB21
:10F59000012300220146CDE900322046DDE90223A5
:10F5A000FFF7D2FE054604F12C0006F04FFD284679
:10F5B00005B030BD4CDF704710B5044A026000232F
:10F5C0000446C38005F050FE204610BD08830300AA
:10F5D00010B5064A026000230446C38005F044FECD
:10F5E000204617F096FD204610BD00BF088303009B
:10F5F00010B586B0002304460193FEF79DFF00BBC3
:10F60000124A01231360D2F80031002BFBD00023F3
:10F61000C2F80031D2F80835019301215160002B66
:10F62000B8BF03339B10238208F0DAF9E268A1889F
:10F6300001230244A26002A81A460BF0BFFC06B0E8
:10F6400010BD01A8FFF7B6FF019BE8E700C000402E
:10F65000C38843F4804310B50446C38008F0C0F962
:10F66000A368984271F1000100D210BD2046BDE8A8
:10F670001040FFF7BDBF00BF70B5094B0025044621
:10F68000C0E900350E4605F081FD064A22604FF4C0
:10F690007A73C4E90253A6802561204670BD00BF7D
:10F6A00008830300807D0300C38843F4804310B5C2
:10F6B0000446C38008F094F9A368984271F10001F0
:10F6C00005D2B4F91000B4F91230C01A10BD2046AA
:10F6D000FFF78EFFB4F91000B4F91230C01A10BD54
:10F6E0006FF47D70704700BF00207047094B10B564
:10F6F00003F1400204460360826018300CF04CF8BD
:10F70000054A226000232046E38005F0ADFD204637
:10F7100010BD00BFA47D03000883030000207047D4
:10F720000A4B10B503F140020446036082601830B2
:10F730000CF032F8064A22600023E380204605F0F0
:10F7400093FD204617F0E5FC204610BDA47D030084
:10F75000088303002DE9F0411D460F4B0360002391
:10F760004360044616460F46BDF8188005F00EFDAE
:10F770000A4B23604033A360C4E90376656104F15A
:10F7800018000CF0B1F840221823A4F80480A262FB
:10F79000E3802046BDE8F08108830300A47D0300D8
:10F7A0002DE9F04F032B87B082460D4617461946C8
:10F7B0004FF00102B8BF032105A803930BF01EFF11
:10F7C0004A4E4FF014094FF0000868690121FFF715
:10F7D00025FDE8683A6801685388CDF800800C6A16
:10F7E0000432E421A0478346002864D13B681B799A
:10F7F0000C2B38D1EB8813F0400F0CBF1420642081
:10F8000006F094FA2869D0F80C2390F81343526854
:10F81000E443B24200F5437004F0010446D10020F5
:10F82000844224D1002211464FF0FF3305A80BF08B
:10F830003BFFE868059A01685388CDF800808C6A20
:10F840000432E421A0478346C0B9059A3868137989
:10F850000079834236D0EC88A1061AD5202B0DD131
:10F860005379392B0AD1012006F060FACAE701204A
:10F87000834406F05BFABBF1140FC3D1B9F101095F
:10F88000A3D168694946FFF7C9FC50460BF0B0FEAA
:10F8900024E0002BE7D0202BF0D153799842E2D01E
:10F8A000002BE0D0B9F101098FD1EAE79047B0FA17
:10F8B00080F04009B4E7012006F038FAB9F10109F7
:10F8C00083D1DEE768695946FFF7A8FC039905A8CC
:10F8D0000BF056FF05A950460BF0AEFE05A80BF045
:10F8E000B5FE504607B0BDE8F08F00BFE1F601005D
:10F8F0002DE9F0410C4684B0054648699846174604
:10F90000FFF744FAE388DB0611D403AE39463046EC
:10F910000BF092FE4346324621462846FFF740FF51
:10F9200030460BF093FE284604B0BDE8F08101227A
:10F93000114601A80BF062FE3B681B79032B019B6B
:10F9400014BF032206221A7101A902A80BF074FE4B
:10F9500003210A4806F0E2FC03AE034602AA214650
:10F960003046FFF71DFF30460BF070FE02A80BF08B
:10F970006DFE01A80BF06AFEC8E700BF007E030021
:10F98000F0B585B0044617460E460122082101A8AD
:10F990001D460BF033FE20460BF02AFE47F0206098
:10F9A000019F04F06DFDAD007860284604F068FD0D
:10F9B00001A9B86002A80BF03FFE05F1080302AAF6
:10F9C000314603A8FFF794FF03A920460BF046FE3B
:10F9D00003A80BF03BFE02A80BF038FE23685B88FF
:10F9E000082B12D9002220464FF0FF3308210BF0DC
:10F9F0007BFE23685988204608390BF0C1FE01A818
:10FA00000BF024FE204605B0F0BD03A80BF0F0FD7E
:10FA100003A920460BF022FE03A80BF017FE01A855
:10FA20000BF014FE204605B0F0BD00BF30B583B02A
:10FA30000C46014601A81D46FFF7A2FF01994B881D
:10FA40005BB12046AA00043117F0E6FB002401A8B0
:10FA50000BF0FCFD204603B030BD014CF7E700BFC2
:10FA60000CFCFFFFA0F10800FFF7E0BF2DE9F04F0D
:10FA7000804685B068464FEA83090D4692460BF0F2
:10FA8000B7FDD8F828304B45A8BF4B461946012290
:10FA9000083101A80BF0B2FD09EB050B4FF0FF3365
:10FAA0000022FF2101A80BF0FFFD5D453DD200269D
:10FAB00001E0AB4539D9D8F82830019FA9EB0604FD
:10FAC0009C4245F03060A8BF1C4604F0D9FC786029
:10FAD000204604F0D5FC26F003012246B8605144CC
:10FAE00007F10C0017F098FB04F1080101A80BF0D6
:10FAF00047FE01A902A80BF09FFD092302AA414677
:10FB000003A8FFF7F5FE03A968460BF0A7FD03A8BD
:10FB10000BF09CFD02A80BF099FD009B5B8825442F
:10FB20002644002BC5D1064C00E0002401A80BF0B0
:10FB30008DFD68460BF08AFD204605B0BDE8F08FCC
:10FB40000EFCFFFFA0F10800FFF790BF70B515464F
:10FB500082B0012204460E46684611460BF04EFD67
:10FB6000009B69461D7101A80BF066FD29460948F6
:10FB700006F0D4FB01AA034631462046FFF7B8FE43
:10FB800001A80BF063FD68460BF060FD204602B053
:10FB900070BD00BF007E030010B5C3889B0784B012
:10FBA000044609D5636A00209AB262F30F001B0C69
:10FBB00063F31F4004B010BD01A80BF019FD07222C
:10FBC000214602A8FFF7C2FF02A901A80BF046FDDB
:10FBD00002A80BF03BFD019B5A88AAB906222146D8
:10FBE00002A8FFF7B3FF02A901A80BF037FD02A896
:10FBF0000BF02CFD019B5A8812B15B7984F82630FA
:10FC000001A80BF023FDCDE7B3F8050004F048FC94
:10FC10000622A084214602A8FFF798FF02A901A8A6
:10FC20000BF01CFD02A80BF011FD019B5A88002A65
:10FC3000E6D05B79A28C84F8263002FB03F3B3F59F
:10FC4000F83F05DD4FF4F833B3FBF2F384F82630C8
:10FC5000616902A8FFF7C2F9BDF80820E388012A0C
:10FC6000BDF80C2002F5CD4202F17B0218BF23F053
:10FC7000100392B20CBF43F0180343F02803402155
:10FC8000012A98BF0B4343F00203A162E380B7E768
:10FC90002DE9F04788B0064615460C46012208219A
:10FCA00001A80BF0ABFC02A80BF0A2FC03A80BF020
:10FCB0009FFC04A80BF09CFC3046FFF76DFF96F804
:10FCC00026300590B08C04EB850900FB03F39945C1
:10FCD00000F2D280B9FBF0F8B4FBF0F200FB08F8B8
:10FCE000B9EB080300FB02FA08BFA8EB0008544573
:10FCF0004FEA850500F0BA80C31A00FB1244B3FB3B
:10FD0000F0F200FB1237002C6BD1002F79D1F38871
:10FD10001B072CD5C2454CD8544607AD03E0B38C25
:10FD20001C44444545D844F04060019F04F0A8FBC2
:10FD30007860204604F0A4FB01A9B86006A80BF087
:10FD40007BFC012306AA31462846FFF7D1FD294650
:10FD500002A80BF083FC28460BF078FC06A80BF0F9
:10FD600075FC029B5B88002BD9D1454C29E04AF0F9
:10FD70004060019C04F084FB6060404604F080FB1E
:10FD800001A9A06006A80BF057FC012306AA314682
:10FD900007A8FFF7ADFD07A902A80BF05FFC07A8B5
:10FDA0000BF054FC06A80BF051FC029B5B88002B67
:10FDB000DBD0039B5B88002B43D1049B5B887BBB20
:10FDC000002404A80BF042FC03A80BF03FFC02A89F
:10FDD0000BF03CFC01A80BF039FC204608B0BDE854
:10FDE000F08707ADA308524631462846FFF7C8FD05
:10FDF000294603A80BF032FC28460BF027FC002F05
:10FE000085D007ADBB084A4631462846FFF7B8FD06
:10FE1000294604A80BF022FC28460BF017FC76E7D5
:10FE200004A907A80BF008FC079A33681C6A5388DA
:10FE30004946304604329B08A04707A80BF006FC51
:10FE4000BEE703A907A80BF0F7FB079A33681C6A03
:10FE5000538851469B0804323046A04707A80BF050
:10FE6000F5FB049B5B88002BAAD0D9E7011B41441A
:10FE7000A9427FF441AF4AE76FF47A74A1E700BF6B
:10FE80000EFCFFFF38B504460D46FFF785FEA28C39
:10FE9000294620469208BDE83840FFF7F9BE00BF6A
:10FEA00010B50446FFF778FEA38C94F8260003FBF8
:10FEB00000F010BD10B50446FFF76EFEA08C10BD1B
:10FEC00010B504460838FFF767FEA08B10BD00BFD1
:10FED0000368074ADB6A934209D110B50446FFF76D
:10FEE0005BFEA08C94F8263003FB00F010BD184791
:10FEF000A1FE010010B504460838FFF74DFEA38BA4
:10FF0000A07F03FB00F010BD70B50446A0F1080609
:10FF100030460D46FFF740FEA28B29463046920838
:10FF2000BDE87040FFF7B4BE50F8083C084ADB6AF1
:10FF3000934210B50446A0F1080002D0BDE810407D
:10FF40001847FFF729FEA08BA37F03FB00F010BD2D
:10FF5000A1FE010003460020DA680132DA60704732
:10FF60000B68C1601B680846184700BFC0680038AE
:10FF700018BF0120704700BFD0F81808704700BFB5
:10FF80004B1E032B02D96FF47A7070474B1C5B1029
:10FF9000C0F81818C0F81C380020704700F614008C
:10FFA0000068704710B5044B044640F8083B0BF05E
:10FFB0004DFB204610BD00BF507E030010B5054B21
:10FFC000044640F8083B0BF041FB204617F0A1F82F
:10FFD000204610BD507E0300F8B58468104B0360C6
:10FFE0000546D4B10F4E104F08E040F8087B0BF0E7
:10FFF0002DFB204617F08DF8AC6874B16068E26B99
:020000022000DC
:100000000368AA60DB68984723689B68B342204670
:10001000EBD09847AC68002CF0D12846F8BD00BF63
:10002000647E0300BDFF0100507E030038B50C461E
:100030004FF07E5163681A682163126905461846BD
:100040009047D4ED067A9FED127AD4ED075AC7EEA9
:10005000276A05F6140520F00202012A00F10103C7
:1000600003EBD3734FEA630395ED006AC4ED096AAD
:1000700085EE867AC4E90D0306BFFEEE006A67EEE0
:10008000A67ADFED047A84ED0A7AC4ED087A38BDE9
:1000900000C07F44000000002DE9F04F2DED048BDF
:1000A00089468FB0044607F0ABFCD9F80850002D04
:1000B00000F09F81D9F81C384FF4007292FBF3F2E4
:1000C000002A80460F4640F3A58109F1100B9200EB
:1000D0000021584617F064F80123D04E9FEDD08AD6
:1000E000CDF8208009979A460794CDF810B0A8461D
:1000F0004F464446D8F83C80D4F834B0BBF1000FEA
:1001000040F0948021463846FFF790FFD4F834B091
:10011000BBF1000F40F08A80B8F1000FE9D1B94679
:100120005346DDE90887079CDDF810B099F82C18D4
:10013000002B40F02A8161B189F82CA8C9F83888D1
:10014000C9F83C780123022240F6D6310AA80AF009
:1001500035FF01224FF400710AA80BF04FFA09F5A0
:100160000162D2ED008AD9F818380A9D9FEDAD7A68
:100170006E88D9F81C1896FBF1F609F50262D2EDEB
:10018000007A23F0020268EEA77AB6EE008A012A0E
:10019000C7EE879A05F1040528EE888A00F02481CD
:1001A0009FEDA19AF0EE488AB1EE488A66B3B8EEA8
:1001B000C99ADFF87882023E02E0D9F81838013E89
:1001C000BBEC017AD9F8242858F82330F0EE497AAC
:1001D000E7EE297A2846F4EEC87AF1EE10FA48BF25
:1001E000F0EE487AF4EEE87AF1EE10FAC8BFF0EEDD
:1001F000687AFDEEE77A17EE901A11439847D9F81E
:100200001C381D44731CD8D1D9F80C0003681B6836
:1002100098470AA920460BF00FFA0AA80BF016FA25
:1002200020460FB0BDEC048BBDE8F08FD4ED0A7A08
:10023000D7F81C38049DF5EE407A4FF40079F1EEC2
:1002400010FA99FBF3F909F1040907EB890909D1BF
:1002500007F6140393ED007AD4ED076AC6EE877AA9
:10026000C4ED0A7A049B4B45BFF456AF04F1080372
:1002700006970393CDF81480CDF804902F46A36819
:1002800094ED0B7A5988A36B91FBF3F207EE902A59
:10029000F8EEE77A94ED0A6A019A77EEC77AA2EB54
:1002A000070CC7EE866A4FEAAC080AF0010AFDEEB9
:1002B000E68A18EE90EAC645A8BFC646BEF1000F12
:1002C00018BF4FF0000A39D03D46029707EE903A2A
:1002D0005F46F146F34601E0D4ED0E7A226956F806
:1002E0002730F8EEE77A67EE877AFDEEE77A17EEC9
:1002F000900A1044984707EE900A94ED087A94ED1E
:10030000096AD4ED0C6AF8EEE77ABBF1010B77EEDF
:10031000877A95ED007A67EE867AA6EEA77AA5EC45
:10032000017A94ED0B7AD4ED0A7A37EE277A84EDD0
:100330000B7AD1D1BB46029F07EB890718EE903AA2
:10034000984518DDE368CBB16168013BE3600B6859
:100350000AA81B6898470AA903980BF07FF90AA816
:100360000BF074F9A36884ED0B8A59880433236178
:100370000B44636111B1019BBB4280D8DDE9058765
:10038000B8F1000F7FF4B5AEC9E609F62803D3ED46
:10039000007AF5EE407AF1EE10FA0ED0D9F81C385A
:1003A0004FF4007292FBF3F2002A06DD0BEB82029F
:1003B0005B46E3EC017A9A42FBD100297FF4C9AE97
:1003C0000123C9F8347809F504650026002789F867
:1003D0002C38C9F830881A4645E9026740F6D6310C
:1003E0000AA80AF0EBFDB4E6BDEEC89A9FED0C8AB0
:1003F000DCE6D9F80C0003681B68984701224FF42B
:10040000007120460BF0FAF820460FB0BDEC048BCB
:10041000BDE8F08F09F1100B5EE600BF80200020E0
:100420000000000000C07F44000000005C200020AD
:1004300070B506462DED028B402008EE903A08EE8E
:10044000102A0D4616F067FE40220446002116F0E1
:10045000A7FE2046164B40F8083B0BF0C9F8F8EE13
:10046000E88AB5EE408AF1EE10FA6560C4ED068ABE
:1004700005D12B6828469B69984708EE100A00238F
:100480000022C4E9033384ED078A63612146E262F6
:100490003046FFF7CBFD2B68B2685B68E263284605
:1004A000B46021469847BDEC028B204670BD00BF6A
:1004B000507E030007EE901AF8EE677A00F50160AF
:1004C000C0ED007A00207047C0F824180020704763
:1004D00029DF704728DF704712DF7047022802D1FA
:1004E000014B01221A707047404B002000207047DA
:1004F000C0687047D0E9023003FB00F0704700BFCE
:10050000844608B50846DCF80410944661449A0015
:1005100016F082FE002008BD2DE9F041466882B049
:100520004FF000080DF107001D4614460E448DF8EB
:100530000780FFF7D1FF9DF80730ABB11D4F87F85B
:10054000008001E007F020FB2A4621463046FFF7F5
:10055000BFFF03460A20002BF4D13B78002BFCD0D0
:10056000002002B0BDE8F081134A0123C2F804352F
:10057000D2F80034002BFBD085B1201F0E4AC4F105
:10058000040400EB8505A1190B1850F8044F1C60FA
:10059000D2F80034002BFBD0A842F5D1064A002344
:1005A000C2F80435D2F80034002BFBD0002002B092
:1005B000BDE8F081404B002000E00140F0B5436809
:1005C00083B0044600270DF10700CD188DF80770A1
:1005D000FFF782FF9DF807309BB1174E377001E09F
:1005E00007F0D2FAE068B5FBF0F0FFF773FF0346BF
:1005F0000A20002BF4D13378002BFCD0002003B06C
:10060000F0BD0E4A0223C2F80435D2F80034002BA4
:10061000FBD00A49C2F80855D1F80034002BFBD0B2
:100620000023064AC1F80435D2F80034002BFBD071
:10063000002003B0F0BD00BF404B002000E00140AF
:1006400002680549D2688A4204D1D0E9020303FB5B
:1006500000F07047104700BFF5040200C360024B72
:100660000360C0E901127047907E0300704700BF2D
:100670006FF47D70704700BF6FF47D70704700BFEE
:1006800010B5C388044A026023F400530446C380B3
:1006900006F09CF9204610BDB47E030010B5C38857
:1006A000064A026023F400530446C38006F08EF924
:1006B000204616F02EFD204610BD00BFB47E03007C
:1006C000036870B55A6C0A4DAA42044606D15B68AD
:1006D000084A934208D16FF47D7070BD904723683B
:1006E000044A5B689342F6D02046BDE87040184744
:1006F00079060200E1F60100C37D002B4CD070B5F5
:100700000646006A0368DB6A9847306A03681B6B19
:100710009847F369D868002820DD06F12F011F4CA7
:100720000844002511F9012F02F5A272884244F80D
:100730002250F7D11A4D002403E0DA6801349442C4
:100740000CDA5A6952F8240002685268AA42F4D0BE
:100750009047F369DA6801349442F2DB9A68002A20
:1007600013DD0F4D002403E09A68013494420CDA43
:100770001A6952F8240002685268AA42F4D09047DD
:10078000F3699A6801349442F2DBF388002223F083
:100790000203F380F27570BD704700BF0060004037
:1007A000E1F601002DE9F04F064685B0C3880093BD
:1007B000F37D006AF5690F4613B1009BDB0743D553
:1007C000D5F80C90B9F1000F3ADD6A694369DFF89A
:1007D000D0802E4CDFF8CCB00396CDE90105A2F114
:1007E000040E0122984406F12F0C032192460CF8C6
:1007F000012F8CF805105EF8043F254E187DCB00C4
:1008000002F5A27503F1804303F5F8334BEA0020AB
:1008100046F8250008EB0400C3F810051D48C3F88E
:1008200014454A450AFA01F304F10404C0F80435FA
:1008300001F1010102F10102D9D1DDE90105039EB7
:10084000009B23F00103F3802B7A134CBA1E012A7C
:100850009CBF0133DBB27375C3EB0311337B0F4ACB
:100860008900B2FBF1F202FB03F3A4FB0343DB0BB1
:10087000C6E9092303680021DB6B9847336A5B698B
:100880000122DA60B77505B0BDE8F08F3460004032
:100890000060004000F00140818080800024F4006E
:1008A00010A1FFBF030001002DE9F8430546817D3B
:1008B000FFF778FFEB699A68002A20DD304FDFF8F8
:1008C000C490DFF8C48000240AE05A6C4A4549D13C
:1008D0005B68434543D1EB699A68013494420EDA70
:1008E0001B6953F8246033689A68BA42EDD000213E
:1008F00030469047EB699A6801349442F0DBDA683D
:10090000002A20DD1E4FDFF87C90DFF87C80002479
:100910000AE05A6C4A452DD15B68434527D1EB6903
:10092000DA68013494420EDA5B6953F82460336864
:100930009A68BA42EDD0002130469047EB69DA68F8
:1009400001349442F0DB286A03685B6A9847286A9E
:1009500003689B6A98470123EB75BDE8F88330462E
:100960009847B8E70021304690473368B0E73046F3
:100970009847D4E70021304690473368CCE700BF62
:10098000C106020079060200E1F60100C37D03B151
:100990007047FFF789BF00BFF8B515460446526897
:1009A0009DF818700E46296806F03CF8124AEB686C
:1009B0002260124AA7750021052BC4E9075614606E
:1009C0002176E1752175E1620EDC336830469B6B60
:1009D0009847206A03684FF47A51DB6C9847226A83
:1009E000E37D0749D1600BB12046F8BD2046FFF7F3
:1009F0005BFF2046F8BD00BFB47E030058400020D6
:100A0000250F020010B50C4A61B9127842B1026894
:100A10000A49D26A8A420CD1C37D0BB9FFF744FF61
:100A2000002010BD0468C17D236B11709847002021
:100A300010BD9047F4E700BF414B00208D09020034
:100A40002DE9F04FC769037DB968D0F810808B425B
:100A500087B0044680F200813A69B04E52F8230014
:100A600002681268B24240F00682206A456901229B
:100A70006A60627D0133B3FBF2FC02FB1C338B42E4
:100A8000237552DAD7F80CE0BA69BEF1000F02EB19
:100A900043023CDD4FEA410BA17D049601F0FD01CC
:100AA00008F106000191B4F80880217E029104F15A
:100AB000300C002103979A460646029B107857781F
:100AC000032B00F2E981DFE813F09E008A002D017C
:100AD000FD00A06A00FB07F701F5A87045F820703B
:100AE000002F40F0A58001931CF9010B800000F15C
:100AF000804000F5C0408E45D0F8107547F480174F
:100B00005A44C0F81075D8D1039F049E53463A69E1
:100B100052F8230003681B68B34240F06081012350
:100B2000EB602B6007B0BDE8F08F626A03680021BC
:100B3000DB6B92009847E169CB68002B26DD00252E
:100B4000774F04F12F08A94602E0CB689D421DDAD9
:100B50004A6918F9013F013502EB850203F5A273DA
:100B600052F8040C47F82390D4E9082305F5A87C33
:100B700052699B0042F82C3003681B68B342E4D0F2
:100B800001219847E169CB689D42E1DB0B69186858
:100B900003681B68B34240F01E810B6994F9302052
:100BA0001B685F491B7D02F5A2701B0243F0011315
:100BB00041F8203094F93530216ADB004D6992000C
:100BC00003F1804303F5F83302F1804202F5C2429B
:100BD00005F14401C3F81025C3F814159FE7019BE4
:100BE00000FB0880C71B3744013117F8017C002B3C
:100BF0004BD0A06A00FB07F701F5A87045F82070FC
:100C0000002F4ED16FE7019B07FB086701313F5C66
:100C1000002B7FF45EAF002F00F0C680A06A01F5C4
:100C2000A877C0EB002945F8279000283FF45BAF78
:100C30001CF9010B800000F1804000F5C0408E459A
:100C4000D0F8107527F480175A44C0F810753FF497
:100C50005BAF10785778D7E7D0E9082351692F4E5A
:100C60009A00D1F84435817DC3EB0323B3FBF2F343
:100C7000C288C3F1FF0342F00302C362C280FFF7E0
:100C800091FDE769237DB968EFE6002F73D0A06A74
:100C900001F5A877C0EB002945F8279000283FF41C
:100CA00022AF1CF9010B800000F1804000F5C0402C
:100CB0007145D0F8107527F480175A44C0F81075A4
:100CC0006FD121E7B4F80A90019B059409F1FF392F
:100CD000A9EB000008FB00600131C75D002B40F06C
:100CE000A280002F40F0BA8001F5A870714545F848
:100CF00020301CF9010B4FEA800000F1804000F524
:100D0000C0405A44D0F8107547F48017C0F81075E9
:100D100000F0848010785778DAE700BF710602008F
:100D200000600040B4F80A90019B0594A9EB070706
:100D3000301A08FB0700013110F8017C002B53D159
:100D4000002F40F09E8001F5A870714545F82030D5
:100D50001CF9010B4FEA800000F1804000F5C04013
:100D60005A44D0F8107547F48017C0F8107555D064
:100D700010785778DAE701F5A870714545F820300A
:100D80001CF9010B4FEA800000F1804000F5C040E3
:100D90005A44D0F8107547F48017C0F810753FF426
:100DA000B3AE107857781BE701F5A8708E4545F86B
:100DB00020301CF9010B4FEA800000F1804000F563
:100DC000C0405A44D0F8107547F48017C0F8107529
:100DD0007FF43FAF98E600219847E169DDE6012105
:100DE0009847236A5D699AE60598806A00FB07F7D1
:100DF00001F5A87045F82070002F39D01CF9010BBF
:100E0000800000F1804000F5C0407145D0F81075B9
:100E100027F480175A44C0F81075A9D1DDE904649D
:100E2000039F534673E60598806A00FB07F701F5B8
:100E3000A87045F82070DFB11CF9010B800000F1AB
:100E4000804000F5C0407145D0F8107527F4801738
:100E50005A44C0F810757FF45DAFDFE70598806AEB
:100E600001F5A877C0EB002445F827400028E3D11E
:100E7000059C019338E600219047E769237DB96816
:100E8000F3E50598806A01F5A877C0EB002445F8E2
:100E900027400028B2D1EBE7019B07FB086701312F
:100EA0003F5CF3B93FB3A06A01F5A877C0EB002916
:100EB00045F8279000283FF416AE1CF9010B80007E
:100EC00000F1804000F5C0408E45D0F8107527F441
:100ED00080175A44C0F810753FF416AE1078577852
:100EE000DBE7A06A07FB00F001F5A87745F82700CB
:100EF0000028E2D1F7E501F5A8708E4545F82030CD
:100F00001CF9010B4FEA800000F1804000F5C04061
:100F10005A44D0F8107547F48017C0F81075DDD129
:100F2000F2E500BF024B186808B1FFF789BD7047B2
:100F30005840002010300AF0BDB900BF837D10B5C5
:100F4000044633B1012B0ED0E3889B0713D5E06A2A
:100F500010BD0221FFF726FCE288A37D22F00202E9
:100F6000012BE280F0D103212046FFF71BFCE38830
:100F700023F00203E380192004F0D8FEE06A10BDDC
:100F800010B5044605F006FD40B9237B616A044AAA
:100F900001FB03F3A2FB0323DB0BA36210BD00BF25
:100FA0008180808070B52DED028B08EE103A0446EA
:100FB00016460D4609F07AFBFDEEC87A0A4A226011
:100FC00017EE903A324684ED138A21466564A66492
:100FD0002846FFF72DFA01462065204609F00AFB56
:100FE000BDEC028B204670BDF47E030001617047AA
:100FF0000069003818BF0120704700BF0320704708
:10100000C06B07EE900AF8EEE77A17EE900A704789
:101010000F4B03F1340210B5044603608260303098
:101020000AF014FB04F12C000AF010FB04F1280074
:101030000AF00CFB04F124000AF008FB054AA26048
:10104000002304F10800E38104F00EF9204610BDEE
:10105000207F030008830300114B03F1340210B515
:1010600004460360826030300AF0F0FA04F12C008C
:101070000AF0ECFA04F128000AF0E8FA04F124007E
:101080000AF0E4FA074AA2600023E38104F10800B1
:1010900004F0EAF8204616F03CF8204610BD00BFE8
:1010A000207F03000883030038B5124B40F8083C4A
:1010B00003F13402044640F8282B0AF0C7FA04F181
:1010C00024000AF0C3FA04F120000AF0BFFA04F188
:1010D0001C000AF0BBFA084A22600023A4F10805AC
:1010E000E380204604F0C0F8284616F012F828469F
:1010F00038BD00BF207F03000883030038B5104BC4
:1011000040F8083C054603F13402044645F8082936
:1011100028300AF09BFA04F124000AF097FA04F14F
:1011200020000AF093FA04F11C000AF08FFA054A35
:10113000226000232046E38004F096F8284638BD5C
:10114000207F030008830300F0B504460025274BE9
:10115000274883B02060A360A18104F10800E581E5
:10116000164604F013F8234B236003F13402A26007
:1011700001212A4604F1140004F0AEFE04F1280710
:1011800001224FF4007104F124000AF037FA3846C6
:101190000AF02EFA04F12C000AF02AFA294601225C
:1011A00004F130000AF02AFA00234FF4007123669C
:1011B0000122C4E91215C4E90D55256101A80AF000
:1011C0001DFA01A938460AF049FA01A80AF03EFAC8
:1011D000094A2264AE424FF000032046C4E9165586
:1011E000C8BFE663A4F8443003B0F0BD0883030031
:1011F00034870300207F030000C07F44C3895B075E
:1012000070B5456B04465FD42B46E16A002B66D06F
:101210005033081D4A886363024493420ED3D1EDD4
:10122000037A6063F5EEC07AF1EE10FA3DDA04F16C
:10123000140004F047FF002837DC636BD3ED027A1B
:10124000DFED286A19685A686265F5EEC07AF1EE3A
:1012500010FA48BFF1EE677A87EEA67A0020216582
:10126000E06504F1640104F17005D4ED0F7AF8EE45
:10127000E77A67EE877AFDEEE77AF8EEE76AC4ED83
:10128000167ADA699861012AB8BF012207EE902A1E
:10129000B8EEE77ADA61C6EE877A1433E1EC017AC8
:1012A0008D42EED10025284670BD0026AD1B18BF2B
:1012B0000125666304F1300104F12C000AF0CEF937
:1012C000C4E91666284670BD0023436300F130016F
:1012D0002C300AF0C3F9636BE16A002B98D1081D2A
:1012E000034697E700007A442DE9F04F2DED068B79
:1012F000D1E9167E01F1240589B04FF000092B4693
:1013000002904D4670460C46BE46994670450346CF
:1013100003D0E28912F004013DD02046FFF76EFFB2
:10132000D4F858E0E289BEF1000F40F0FE800028BA
:1013300000F04581A563052322F00402E3640DF16A
:1013400010080123A189E28140461A4609F036FEC1
:1013500004F1140004F044FED4E916E0704503469D
:10136000C0F22881E289920700F1BD80002D40F093
:1013700057810126A56B002D00F03081626A0021A3
:10138000A16302F1040B52887045934480F2A88057
:101390000DF1100808E0704580F2D380002D00F0B8
:1013A000D6800E460DF110089FEDA68ADFEDA69AB5
:1013B0009FEDA69A039604F1640704F1700AD4ED38
:1013C000157AD4ED108A94ED147A666B68EEA78ACC
:1013D000D4ED0F7A27EE087AF8EEE77A68EEA98A5C
:1013E00087EE27AACDE9005E3946C446F0EE49AA49
:1013F000E8EEC9AAD6E90625013D95428E4601F1DF
:10140000040100F0A68007EE902A9EED007AF8EE27
:10141000E77A67EE877AFDEEE77A17EE902A514574
:101420004CF8042B06F11406E4D1DDE904218A42CC
:10143000A8BF0A460699009D8A421646A8BF0E46D6
:101440009E4235DDAB4500F0AA80D4ED187A636B7F
:10145000FDEEE77ADA68186917EE901A904706EE03
:10146000900AF8EE666AB0EE6A7AA8EEA67AE06DA7
:10147000B4F84410D4ED187ABCEEC77A7AEE277A25
:1014800017EE102AF4EEC87A431C0A43F1EE10FA64
:1014900025F8022B1846E36506DD77EEC87AF4EEF0
:1014A000C87AF1EE10FAF8DCB342C4ED187AC9DB61
:1014B000009700262F461946254658F826208A42CE
:1014C00006F1010447D0032C2646F6D12C460B46E4
:1014D000D4F858E08E453D46009F3FF770AF039E1D
:1014E000002E3FF413AF4B46A946029E1D46B9F1AC
:1014F000000F00F08A80D4ED107AB4F84420B6EEE4
:10150000007A67EE877AD945FCEEE77A17EE903AD3
:1015100043EA02039BB203D229F8023BD945FBD32D
:10152000294630460AF088F83EE012F0040103D064
:1015300000283FF400AFFDE6E06D864503463FF727
:101540002DAF91073FF5E2AE002D7FF4DFAE2E46C2
:1015500010E7019A63E76B6B06EB860203EB820EE2
:1015600092000192DEE906C29445ACDADEF814205E
:101570006AB1741C04EB840103EB81012846904797
:101580006B6B019AE86D1A440146D2F818C0B2009C
:10159000324403EB82020CF10106966193E7029E4E
:1015A000494630460AF048F8304609B0BDEC068B93
:1015B000BDE8F08F0126002D7FF4F6AEDAE612F0DA
:1015C00004017FF4B8AEE06D00280346BFF6CBAE51
:1015D0005DB301260DF11008E6E601260DF11008B5
:1015E0000122A16C40460AF009F8414648460AF03B
:1015F00035F840460AF02AF8626AE06DD4F858E0FF
:1016000002F1040B5D460346BDE604A809F0F0FFB5
:1016100004A928460AF022F804A80AF017F87FE780
:101620004B46029EA9461D4665E7A56B002DD4D00A
:10163000626AA16351880432012602EB010B0DF1AD
:101640001008B1E6000080440000803A0000004429
:10165000F0B50C4601F1280785B03946064609F079
:10166000EBFFA36B6D4633B168462146FFF73CFEA6
:10167000684609F0EBFF0023A36304F12401384618
:1016800009F0ECFF21462846FFF72EFE284609F018
:10169000DDFF206903681B689847E36C002B02DDBF
:1016A000013BE36413B1304605B0F0BDA1890123CD
:1016B0000222284609F082FC304605B0F0BD00BF8A
:1016C000C38919B143F00203C381704723F00203B9
:1016D0009BB2C381704700BF01607047704700BF75
:1016E00008B55B495B480AF07FF85B4A5B4959489B
:1016F00015F00AFD5A495B480AF076F8564A5749F0
:10170000584815F001FD584958480AF06DF8524AFA
:101710005249564815F0F8FC554956480AF064F805
:101720004D4A4E49534815F0EFFC534953480AF0CF
:101730005BF8494A4949514815F0E6FC504951487F
:101740000AF052F8444A45494E4815F0DDFC4E492E
:101750004E480AF049F8404A40494C4815F0D4FC3C
:101760004B494C480AF040F83B4A3C49494815F07F
:10177000CBFC494949480AF037F8374A37494748C6
:1017800015F0C2FC464947480AF02EF8324A334960
:10179000444815F0B9FC444944480AF025F82E4A5B
:1017A0002E49424815F0B0FC414942480AF01CF865
:1017B000294A2A493F4815F0A7FC3F493F480AF00B
:1017C00013F8254A25493D4815F09EFC3C493D4803
:1017D0000AF00AF8204A21493A4815F095FC3A499E
:1017E0003A480AF001F81C4A1C49384815F08CFCAC
:1017F0003749384809F0F8FF174A1849354815F0B5
:1018000083FC3549354809F0EFFF134A1349334843
:1018100015F07AFC3249334809F0E6FF0E4A0F49C9
:10182000304815F071FC3049304809F0DDFF0A4AB4
:101830000A492E4815F068FC2D492E4809F0D4FFBE
:10184000BDE80840044A05492A4815F05DBC00BFC0
:10185000FC720300A84000204020002099B702003D
:1018600004730300A440002074740300A04000200F
:101870007C7403009C4000205875030098400020B1
:1018800060750300944000203C76030090400020E7
:10189000487603008C400020DC760300884000205E
:1018A000E07603008440002074770300804000202D
:1018B0007C7703007C4000201078030078400020F3
:1018C0001878030074400020AC78030070400020BA
:1018D000B47803006C400020487903006840002081
:1018E00050790300644000209C7903006040002090
:1018F000A47903005C4000206FF47D70704700BF46
:101900006FF47D70704700BF6FF47D70704700BF4B
:10191000C08800F00500003818BF0120704700BFE4
:10192000C08800F00A00003818BF0120704700BFCF
:10193000C08810F0030018BF01207047C08800F075
:101940000C00003818BF0120704700BFC079C0F3F9
:10195000800070476FF47D70704700BF6FF47D703A
:10196000704700BF03684FF47A729B6B02FB01F172
:10197000184700BF6FF47D70704700BF6FF47D7033
:10198000704700BF08B50368DB6B9847024BA3FBA9
:101990000030800908BD00BFD34D62106FF47D7028
:1019A000704700BF01610020704700BF6FF47D7079
:1019B000704700BF6FF47D70704700BF0A717047B9
:1019C000704700BF704700BF806B7047406B704727
:1019D00001207047C06A003818BF0120704700BF5F
:1019E00010B5044615F095FB204610BDC38B990732
:1019F00010B5044606D5436D5BB110BD23F002035C
:101A00009BB2E383626D002AC4BF43F00203E38309
:101A100010BD05F0E5FF626CE38B801A61F10001F7
:101A2000652871F10001E9D29A07EBD510BD00BF1E
:101A30000B4B10B503F1840103F1A8020446816148
:101A400003600262303009F001FE064AA261002301
:101A500004F11800E38303F007FC204610BD00BF2B
:101A6000EC7F03000883030038B50C4B40F8183CAA
:101A700003F1840103F1A80204460160826018307A
:101A800009F0E4FD064A226000232046A4F118056F
:101A9000E38003F0E9FB284638BD00BFEC7F03007C
:101AA00008830300026870B59369144DAB42044685
:101AB0000E4609D1C38803F005031BB15368104AD1
:101AC000934209D10F4870BD98470028FAD0226888
:101AD00053680B4A9342F5D020469847B6FA86F3EE
:101AE0005B098342EED12368074A1B68934201D108
:101AF000002070BD314620469847F9E711190200D1
:101B0000E1F6010012FCFFFF7106020002680849BD
:101B1000D26B8A4208B505D1406B064BA3FB00305F
:101B2000800908BD9047034BA3FB0030800908BD26
:101B3000CD190200D34D621001207047C0680038F3
:101B400018BF0120704700BF0C4B10B503F1840192
:101B500003F1A8020446816103600262303009F09B
:101B600075FD074AA2610023E38304F1180003F026
:101B70007BFB204615F0CDFA204610BDEC7F03001C
:101B80000883030038B50D4B40F8183C03F184017D
:101B900003F1A802044601608260183009F056FD86
:101BA000074A22600023A4F11805E380204603F0D1
:101BB0005BFB284615F0ADFA284638BDEC7F0300E4
:101BC00008830300C388990710B5044606D5C36B84
:101BD0005BB110BD23F002039BB2E380E26B002AED
:101BE000C4BF43F00203E38010BD05F0F9FEE26AD2
:101BF000E388801A61F10001652871F10001E9D2E2
:101C00009A07EBD510BD00BF1A4B70B503604FF4B7
:101C100080730446C380184B228100250220C4E94A
:101C200006352071C4E9035504F1180025750E46E8
:101C300003F0ACFA114B236003F18402A833A261D4
:101C40002362A66201224FF4007104F1300009F012
:101C5000D5FCE38B226BE56200208021043243F443
:101C600080432065C4E90D51E26465646565E383E2
:101C7000204670BD787F030008830300EC7F0300DB
:101C800038B5044621200D460CF0DCFF236B588844
:101C90000433002D3CD019182748E26BE36CA0FBFD
:101CA000020299424FEA121029D9520907EE902AEE
:101CB00006EE900AB8EEE77AF8EEE66AD4ED147A0A
:101CC000DFED1E5AB7EE006AB4EEE77AF1EE10FAD5
:101CD000CCBF94F8542000221A70D4ED147AE36C2F
:101CE00077EE867A0133F4EE676AF1EE10FA48BFB8
:101CF000F0EE657A9942C4ED147AE364E4D8D4E94D
:101D00000D232120C4E90F23BDE838400CF066BF45
:101D1000D4E91121521A07EE902A9FED097AF8EEC4
:101D2000677A67EE877AFDEEE77A17EE902A8242AD
:101D3000D4BF99181918AFE7A38B2EBA0000000082
:101D400078C2B93C10B5044605F04AFE636B606486
:101D500003B1A36B636500212046FFF791FFE38B7E
:101D6000DB0700D510BDFCF7F7F904F12001074AA5
:101D7000A06A8023FEF75CFBE28B016842F001025F
:101D80000968E062E283BDE81040084700442C4740
:101D9000B1F5806F0DD8B1F5007F08B5C8BFC1F5AA
:101DA00080618029A8BF80218163FFF7CBFF0020DD
:101DB00008BD6FF47A70704708B5134BA3FB01237D
:101DC0001B09162202FB03F39A1807EE102A07EEEE
:101DD000901A06EE903AF8EE677AF8EE666AB8EE78
:101DE000477A37EEC77A77EEE67AB0EEC77AF0EE4A
:101DF000E77AF4EE477AF1EE10FA48BF1A464263EA
:101E0000FFF7A0FF002008BDA38B2EBA036810B512
:101E10004FF47A749B6B04FB01F1164CA34226D15C
:101E2000154BA3FB01C316241B0904FB03F31C1968
:101E300007EE901A07EE104A06EE903AF8EE677A2F
:101E4000F8EE666AB8EE477A37EEC77A77EEE67A4A
:101E5000B0EEC77AF0EEE77AF4EE477AF1EE10FAD8
:101E600048BF1C464463FFF76DFF002010BDBDE86E
:101E700010401847B91D0200A38B2EBA70B50C464E
:101E800082B0054609F0B4FBE38B9B070DD4236BAE
:101E90000433E36405F0A4FDE36AA0641A681846FD
:101EA00013689847284602B070BD04F130063146E9
:101EB000284609F0D3FB20460121FFF7E1FE01226D
:101EC0004FF4007101A809F099FB01A9304609F00F
:101ED000C5FB01A809F0BAFBD9E700BFA1F12001B9
:101EE000FFF7CCBF72DF704773DF704774DF704756
:101EF00076DF704777DF704778DF70477ADF7047AB
:101F00008FDF704769DF70471321FFF7F1BF00BF14
:101F10000B68034A0146D2560320FFF7EBBF00BF10
:101F2000DC80030010B5094B044640F8143B09F06F
:101F300033FC04F1100009F02FFC054A2260002355
:101F40002046E38003F090F9204610BDC0800300D6
:101F500008830300C388590705D41B0700D47047C2
:101F600004200DF001BE10B5044605F039FDA3694B
:101F7000C01A61F10001B0F5FA6F71F1000103D2EE
:101F8000E3881A070BD410BD074800210EF0E4FBCC
:101F9000E38823F004039BB21A07E380F3D5BDE87E
:101FA000104004200DF0E0BD091F020010B59AB0EA
:101FB00004463C2200210BA815F0F2F820B2C0EB39
:101FC0004011174A00EB8100C0000023A2FB002053
:101FD000012205930A938DF814208DF82920400AD8
:101FE0001F22CDE908330F49ADF812300790ADF844
:101FF0000820CDF80A30CDF80E30069302AA062349
:1020000002240BA801918DF82F308DF82C400DF093
:10201000ADFE05AA01A90448FFF764FF1AB010BD80
:102020005917B7D1C44000202121002010B5002944
:1020300040D1644C2378980635D4D9062DD41A079C
:1020400024D458071CD4990713D4DA070BD45B06A1
:1020500003D40DF047FB002010BD5B4B0121187825
:10206000FFF742FFF5E710F071FF23785B06F0D52C
:10207000F3E7564A4FF400311160DA07E7D5F2E78B
:10208000524A012151609907DFD5F2E74F4A4FF0DC
:10209000007158071160D6D5F2E74C4A0121116052
:1020A0001A07CED5F2E7494A4FF400611160D9060C
:1020B000C5D5F2E7434C0DF00FFB0023237010F061
:1020C0005DFF18B9237843F0010323703F4B1B6871
:1020D000980303D5237843F0020323703B4B5B68DE
:1020E000D90703D5237843F004032370374B1B68CB
:1020F0009A0103D5237843F008032370334B1B6800
:10210000DB0703D5237843F0100323702F4B1B68A4
:10211000180503D5237843F0200323702A4B187841
:10212000FFF7E4FE2378B0B1D90719D49A071CD47D
:10213000580726D419072FD4DA0639D49C068AD535
:10214000224B4FF40062C3F88020BFF34F8FBFF3E0
:102150006F8F002010BD43F04003D9072370E5D5F1
:1021600010F0D2FE23789A07E2D5184B4FF40032D4
:10217000C3F88020BFF34F8FBFF36F8F23785807CA
:10218000D8D5124B0122C3F88420BFF34F8FBFF381
:102190006F8F23781907CFD50C4B4FF00072C3F81F
:1021A0008020BFF34F8FBFF36F8F2378DA06C5D53A
:1021B000064B0122C3F88020BFF34F8FBFF36F8F10
:1021C0002378BBE7424B00202121002000E100E002
:1021D0000B4B10B5044640F8143B09F0DDFA04F14E
:1021E000100009F0D9FA074A22600023E380204654
:1021F00003F03AF8204614F08CFF204610BD00BFD3
:10220000C08003000883030010B5044682B00FF0BD
:1022100015FD20460FF020FD2378023B062B0CD83D
:10222000DFE803F01022040B0B0B0D000123608884
:102230008DF8043001A90FF00BFC02B010BD237A19
:10224000012B1FD0124B1C68002CF6D094F82030C4
:10225000002BF2D1E3689B07EFD4A369002BECD0ED
:1022600005F0BEFBA061E8E7094B1B68002BE4D03A
:1022700093F82020002AE0D1DA689207DDD4022208
:10228000DA60DAE7034A1368013B1360DAE700BF5C
:10229000E4400020C040002003883B2B00F29580E2
:1022A0000F2B40F2998010B5103B86B02B2B38D8FD
:1022B000DFE803F040553737371637373770373791
:1022C0003737373737823737373737373737373753
:1022D000373737373737373737373737373737398C
:1022E00000F108010622684609F0CEFA694601A805
:1022F00009F0F0FA394B1C686CB101A902A809F089
:10230000E9FA02A904F1100009F0F4FA0123E360EC
:1023100002A809F041FA01A809F03EFA684609F05E
:102320003BFA06B010BD8088132106B0BDE810400E
:10233000FFF7DEBD81884FF6FF73994206D0284B28
:10234000284A1B680320D256FFF7D4FD01231A4602
:102350004FF47A7102A808F031FE06B010BD1F4B91
:102360001C68002CDDD0012302224FF47A7102A8F0
:1023700008F024FE94F82130002BD2D00EF068F93A
:102380000028CED1184B1878012106B0BDE81040C6
:10239000FFF7AABD037A002BC3D1104B1C68002C99
:1023A000BFD094F82030002BBBD1E3689B07B8D492
:1023B00005F016FBA061B4E7002302A98088ADF800
:1023C0000830FFF79DFD06B010BD562B03D1808865
:1023D0001321FFF78DBD7047704700BFE440002018
:1023E00044200020DC8003002121002038B50D4B63
:1023F00000250446C0E9003502F0C8FE0A4B236000
:10240000A56004F1100009F06FFA04F1140009F05E
:102410006BFA064BE56040F2011222841C602046F4
:1024200038BD00BF08830300C0800300E4400020E3
:1024300008B50EF00DF9003818BF012008BD00BF27
:1024400038B5124B044600251878FFF74FFD84F885
:1024500021500EF0E9F898B9E3696BB105F0C0FAC4
:10246000E369C01A61F10001B0F5FA7F71F1000172
:102470002CBF0120002038BD05F0B2FAE061EDE785
:10248000294603480EF068F9284638BD212100206E
:10249000091F02000238012801D90120704710B538
:1024A000074C206850B1C38843F00803C38001F093
:1024B000E1FF2068BDE81040FFF7C2BF012010BD5A
:1024C000E4400020012801D0012070470B4B10B5DB
:1024D0001C6824B12046BDE81040FFF7B1BF084B8F
:1024E0001878FFF703FD0EF09FF808B9012010BD22
:1024F000214604480EF030F9204610BDE44000208B
:1025000021210020091F020070B584B00FF0B6FA37
:102510001A4E30603368002B2EDD0DF107034FF6A5
:10252000FF7003930EF04AFD4FF6FF75A842044674
:1025300009D121E0039B1B7820465BB10EF03EFDE4
:10254000A842044618D002AA012120460EF0BCFE83
:102550000028EFD005F044FA04460D460FF07CFA4F
:1025600033684BB105F03CFA001B61EB0501B0F597
:102570007A7F71F10001F3D304B070BDC040002038
:102580002DE9F04FC488A5B014F480549DF8BC30F8
:10259000019302D025B0BDE8F08F2E9B8360C0E987
:1025A000064416460F4605460CF0EAFF10F0B8FD4B
:1025B00004940DF0C3FA10F087FC04A9012010F078
:1025C00033FD914B05F1140B196814A809F00CF9AF
:1025D00014A9584609F08EF90DF1180914A809F04C
:1025E000DBF80DF120088949484609F0FDF80DF1A6
:1025F000280A8749404609F0F7F84A4659465046A6
:1026000009F088F93A4651460DA809F083F9424687
:102610000DA914A809F07EF914A9584609F06AF921
:1026200014A809F0B9F80DA809F0B6F8504609F059
:10263000B3F8404609F0B0F8484609F0ADF8022773
:102640006A690A94C4F3072067F301008DF8290032
:10265000101D0C940B905088224660F30F0260F31B
:102660001F4251460C924120049AFFF74BFC04A8EC
:1026700010F022FD2046FFF73FFC03214FF000023F
:1026800061F3061206948DF8182041F20702ADF8A6
:1026900019208DF81C400FF07DF948460FF0C0F965
:1026A0005C480FF0A1F95C4A089240464FF4C872AA
:1026B000ADF82620ADF82440FFF720FC574821460E
:1026C0000EF0CAF9019B002B40F08C8005AF4E4BF9
:1026D00014A8196809F088F851490DA809F084F880
:1026E0000DAA14A9384609F015F90DA809F054F8F7
:1026F00014A809F051F84022002114A814F050FD4C
:10270000484B1868159001238DF88C3010B114F0E7
:1027100091FD80B2ADF8500005980430179014F088
:1027200089FDADF8580030680430199014F082FD2E
:102730003D4BADF8600018681B9010B114F07AFDA5
:1027400080B23A4BADF8680018681D9010B114F0D3
:1027500071FD80B2364BADF8700018681F9010B153
:1027600014F068FD84B214A8324EADF8784010F031
:102770000BFD2846FFF7C8FE2F4C3220FFF716FC52
:10278000062331462D4833600DF0E6FF2178FF29FE
:1027900005D033682A4A0120D256FFF7ABFB4FF42D
:1027A000A0330E934FF4F02303220F930DA80023C0
:1027B000CDE91033CDE912338DF84020CDF83480C7
:1027C0000DF0D4FD012185F821102078FFF78CFB56
:1027D000EB8843F480533846EB8008F0DDFF25B0EA
:1027E000BDE8F08F0FF04AF9032805AF7FF76FAF10
:1027F00014AB3A460DA90DF10E000FF051F9BDF8DA
:1028000014000FF043F962E74C200020147B030012
:10281000187B03000922020008001000AC400020D1
:102820001C7B0300F0400020EC40002048200020EA
:10283000E84000204420002021210020111F020038
:10284000DC80030044F20103984212D009D8012829
:1028500012D041F20103984214BF4A204720FBF7EF
:10286000B7BF44F20203984214BF4A204820FBF746
:10287000AFBF4920FBF7ACBF4620FBF7A9BF00BFA5
:102880000220704701EB810100EB410024307047CA
:1028900090F823200023038480F8223002B9704787
:1028A00000B585B00123032240F2FF31684608F0ED
:1028B00085FB05B05DF804FB2DE9F04F0368314A54
:1028C0001B690C88934285B00546894656D12E3047
:1028D0000388A34202D005B0BDE8F08FB9F80A30F2
:1028E000002BF8D009F10C0909EB030B2B7CAA7C17
:1028F000697C5E1CB6FBF2F002FB10668E422AD0A9
:10290000AA6999F80070B2F90280B8F1000F17DDDA
:10291000002405F1180A02E00134A0450FD021B2CD
:10292000504609F00FF88742F6D101231A464FF4BA
:1029300096616846013408F041FBA045EFD12B7C3D
:10294000AA68D754EB692E749E420CD009F1010994
:10295000CB45CBD1BFE7012303224FF496616846F4
:1029600008F02CFBF2E74FF0FF33EB61022201236A
:102970004FF49661684608F021FBE7E7012198478C
:10298000A6E700BF85280200F0B5044685B01546CD
:102990001E4602F08FF82046214B40F8183B08F005
:1029A000A3FF04F1240001F0E1FF04F12E0001F087
:1029B000DDFF01210E44F6B20D44EDB206F1280010
:1029C000284403F035FC05F1140300270344C4E94F
:1029D0000203A574204613492782E674276202F099
:1029E00079F82046012102F089F8A36800972B446A
:1029F00006211425CDE9015120460222012102F0D1
:102A00008DF80195E3680097102202922046334426
:102A10000322394602F082F8204605B0F0BD00BF1F
:102A2000EC800300208103002DE9F04190F8225052
:102A3000002D48D190F8212090F820309A42044689
:102A400041D002F0FBF8064600283CD02368DFF8AE
:102A500090801B6943453AD104F1240003899B0708
:102A600031D594F82250E37CE76894F82110132DB7
:102A70001F440ED915E0E26884F822C0525C7A55F2
:102A800094F82250E07C93FBF0F1132D00FB113100
:102A900007D894F82000884205F1010C01F10103E8
:102AA000E9D123681B69434515D104F12408204668
:102AB00002F0B2F82B4601463A46404601F05CFF70
:102AC0003046BDE8F08100263046BDE8F081294659
:102AD00020469847C2E70021204698478046E6E70F
:102AE0008528020030B50368174A1B690D88934298
:102AF00085B0044625D124300388AB4201D005B00F
:102B000030BD94F8221094F82130E27C94F82350E0
:102B10000B440021B3FBF2F002FB103384F82130A8
:102B200084F822100123032240F2FF31684608F0A6
:102B300045FA002DE3D1204605B0BDE83040FFF74F
:102B400073BF00219847D7E7852802002DE9F04F91
:102B5000B2F1000B83B040F38F80012B1D4600F0D3
:102B60008B8004460E4602F069F8002800F0818050
:102B70002368434F1B69BB4277D104F124000389CA
:102B80009A0776D54FF0000A04F12403D146019349
:102B90004FF00108204602F051F800283DD023688C
:102BA0001B69BB4254D1019803899B0735D5DA458F
:102BB0001CDA0AF1FF3094F8201030440BE0E26890
:102BC00010F801CF02F801C00AF1010AD9B2D345C9
:102BD00084F8201025D094F813C094F821204B1CC1
:102BE000B3FBFCFE0CFB1E339A42E8D1022D33D11D
:102BF000032184F8238040F2FF3002F011FE2046CA
:102C0000FFF712FF02F06EFFDA4584F8239018D028
:102C1000204602F013F80028C1D1504603B0BDE8A9
:102C2000F08F022D19D1032184F8238040F2FF3068
:102C300002F0F6FD2046FFF7F7FE02F053FF84F89E
:102C4000239094F8212094F820309A42A2D1E4E70E
:102C5000002120469847A7E7D3462046FFF7E4FE29
:102C6000DA46504603B0BDE8F08F00212046984771
:102C700085E7DFF810A0D0E76FF47A7ACDE700BFE0
:102C80008528020016FCFFFF012B5FD0F8B5044633
:102C90000D4616467BB3022B54D1427C037C9342F3
:102CA0003DBF817CC9188A1A9A1A96423CDC002ED4
:102CB00048DD013DAF19637C227C93420CD1A27C9C
:102CC0000133B3FBF2F102FB1133E36102214FF454
:102CD000966003F071F8637CA17CA0685A1CC35C09
:102CE000B2FBF1F001FB1022627405F8013FAF4224
:102CF000E1D13046F8BD002A26DD4D1E18460CE015
:102D0000A27CA768B1FBF2FC0130FB5C02FB1C114A
:102D10008642617405F8013FECD0637C227C9A42C4
:102D200003F10101ECD1F8BD33449B1A827C93FB83
:102D3000F2F102FB1133C36102214FF4966003F0FC
:102D40003BF8B4E70020F8BD1846F8BD6FF47A7080
:102D5000704700BF42DF7047704700BF084602F06F
:102D6000E5BF00BF82B010B58C4684B04968864686
:102D7000DCF800000DF1080CACE8030006A981E8BE
:102D80000C00DDE90243DA070EEB630C03D55A10A1
:102D90005EF802301C5908AB93E803008DE803008D
:102DA00006AB0CCB6046A04704B0BDE8104002B0B3
:102DB000704700BF82B08DE80C00002100F517605D
:102DC00002B0FBF7D5B900BF82B010B502A981E807
:102DD0000C00BDF80A30152B044610D8022B1DD963
:102DE000033B122B1AD8DFE803F025191D371919F8
:102DF000191919191D191919191919193F0040F62E
:102E0000B93293420AD100F580544FF0FF31D4F823
:102E1000C801BDE8104002B007F048BBBDE8104053
:102E200002B07047BDE81040D0F85409036802B002
:102E30001B6B1847002100F68C0005F0CDFB04F554
:102E40000B60002105F0C8FB04F6D400BDE810407B
:102E5000012102B006F070BCBDE81040D0F858095E
:102E6000036802B09B6A184700F58054D4F8C80183
:102E7000BDE8104002B007F0ADBB00BF38B500F5AB
:102E8000E86504462846FCF7D5F940B104F10C008A
:102E9000FFF7CEFA38B92846FCF7D4F950B9BDE8A7
:102EA00038400BF0FBBE2846FCF720FABDE838405E
:102EB0000BF0F4BE2846FCF75BFB0028EFD138BDD1
:102EC000064A1368591E11603BB9054A116821B1C1
:102ED0004189136021F40053438170475020002042
:102EE0003020002082B08DE80C00BDF80230152B98
:102EF00001D002B0704700F5805002B0D0F8C80190
:102F000007F072BB2DE9F04F83B0DDE90CABBDF8E3
:102F10003880002B37D007460E4691461D46BAF141
:102F2000000F33D00F2E02D1B8F1C00F2BD12820C3
:102F300014F0F1F80446103008F08EF82680A4F85A
:102F40000290182014F0E7F80346CDE900AB43F8EF
:102F50000C5B0021C16059606B460246E160A060D5
:102F600003CB114B50609160536100230022C4E9F0
:102F700008233B6848F002085B68A4F804802146F7
:102F80003846984730B903B0BDE8F08F1BF0010F09
:102F9000C8D1F8E7204603F075F9204603B0BDE834
:102FA000F04F14F0B6B800BF652D0200704700BFA7
:102FB000064A1368591E11603BB9054A116821B1D0
:102FC000C188136021F40053C38070475020002053
:102FD000302000202DE9F04F89B00446FBF72EFA8F
:102FE000B94B0025C4E90135201D02F0CFF8B74BDD
:102FF00004F10C0603F13C02C4E9003204F1340987
:103000003046FFF7F3F904F14C08B1492663092271
:1030100048460BF059FD04F16407AE490A224046C8
:103020000BF052FD04F17C06AB491A2238460BF036
:103030004BFDAA491B2230460BF046FD2A46494665
:10304000012304F1980004F029FD04F1F80B04F1C8
:10305000D00006F031F804F5417A222341465B2284
:10306000584608F013FE3946122204F551775046AF
:103070000BF068FA52465946384600F085F904F5D7
:10308000D56204F5E268964B0592104604F5C461DA
:1030900004F5C7620BF082F804F5B26204F5AF6183
:1030A000404601F08BFF04F59D6204F5A06104F534
:1030B000E56001F083FF04F5E862104606922822DD
:1030C0004B46009241463A468146FBF72DFE04F5F9
:1030D000F2613A462A230F460791009341464B4638
:1030E0003846FCF737FBD5F8F83F01330ABF4FF0FD
:1030F0001023D5F8F81F59694FF0805304F2BC77BC
:1031000018691B6900EB4000091A01223846FDF7D7
:10311000A5FA04F2CC73394600221846039305F051
:103120009FFA0523C4F80038C4F80438C4F80838F6
:10313000C4F80C38D4F86C36C4F8F037D4F87036CC
:10314000C4F8F437D4F87436C4F8F837D4F87836BD
:10315000C4F8FC37D4F86836C4F8EC37614BC4F8CF
:10316000183804F5B563C4F8D83704F5B863C4F863
:10317000DC3704F5BB63C4F8E03704F5BE633146C1
:10318000C4F8E43704F2EC7704F5C16304F5FB6599
:1031900004F50066C4F8E83704F61C00072332463D
:1031A000C4F81478C4F810584FF000090490FBF7E5
:1031B00081FB01231A46CDE9009904F5727104F6EA
:1031C0008C0005F0E5F9CDE900990123022204F510
:1031D0008B6104F50B6005F0DBF90323022201216A
:1031E00004F6D40006F064FA524604F5A36A40F6E9
:1031F000AC53514604F6E40006F0E4FA092104F663
:10320000181001F0A7F9082104F51460FCF734FA4E
:10321000404600F0B1FBC4F85409404600F08EFC73
:10322000039A00920146049BD4F85429C4F8580923
:1032300004F65C1000F00AFD04F5A9625B460192F9
:1032400004F5A66B04F5AC62009204F554715A467D
:1032500004F51760FAF7E8FF04F59650DDE905324A
:1032600007991030FBF75CFC0121A4F80A90504646
:1032700004F5CA690AF036FA48460AF0A3F90221B1
:10328000484609F0AFFFB4F85636174923F4807367
:103290004046A4F8563609F057FA55F8040B0121B8
:1032A0000AF072FCBD42F8D155F8040B01210AF076
:1032B0006BFCAE42F8D1012158460AF065FC20466D
:1032C00009B0BDE8F08F00BF088303003881030018
:1032D0000090004000A0004000A0014000B001406C
:1032E0000020004094810300801A060030B587B0AA
:1032F00000224FF48053009204460D4602A8114666
:103300008022FDF7ABF901230E4A01A902A8FDF7BF
:10331000F7F8019B7BB10B4901236A4602A8FDF730
:10332000FBF804F596501030FBF790FC02A8FDF76F
:103330009DF907B030BD002DF3D102A8FDF796F935
:1033400007B030BD90810300A0F10400F8F7A4BFDE
:1033500010B5044A026000230446C38001F084FFD4
:10336000204610BD0883030010B5064A0260002302
:103370000446C38001F078FF204613F0CAFE2046C1
:1033800010BD00BF088303002DE9F04F914B85B0BD
:103390000360002304464360CDE9021201F0F6FE0B
:1033A0008D4B23602123A36002220323642104F1B7
:1033B0000C000AF06BF903231A46652104F124007E
:1033C0000AF064F904F1540903230422662104F18C
:1033D0003C000AF05BF904F16C0B03231F22672108
:1033E00048460AF053F904F1840603231C2268219D
:1033F00058460AF04BF903230E22692130460AF0A1
:1034000045F904F1B40A0323252204F19C006A2142
:1034100001900AF03BF903230B226B2150460AF07E
:1034200035F903230A226C2104F1CC000AF02EF9AD
:1034300004F1FC07032309226D2104F1E4000AF0E2
:1034400025F904F58A7503231E226E2138460AF0F9
:103450001DF9032317226F2128460AF017F90323C9
:103460000C22702104F596700AF010F90323112242
:10347000712104F5A2700AF009F9032301227221D7
:1034800004F5AE700AF002F903230D22732104F54E
:10349000BA700AF0FBF803232222742104F5C670E7
:1034A0000AF0F4F803231A22772104F5D2700AF007
:1034B000EDF804F5EA7803232022782104F5DE7084
:1034C0000AF0E4F803232422792140460AF0DEF8CA
:1034D000002203237A2104F5F6700AF0D7F80323BB
:1034E00014227B2104F501700AF0D0F80323052291
:1034F000862104F507700AF0C9F8032310227C2105
:1035000004F50D700AF0C2F8032308227D2104F5AA
:1035100013700AF0BBF8032315227E2104F51970FD
:103520000AF0B4F8032316227F2104F51F700AF075
:10353000ADF803230F22802104F525700AF0A6F8C8
:1035400003231822812104F52B700AF09FF803232E
:103550001322822104F531700AF098F80123062223
:10356000832104F537700AF091F801232822842181
:1035700004F53D700AF08AF803231922852104F529
:1035800043700AF083F8154B02991960A3680198FB
:10359000134A0399C4F82C93132BC4E9C9BAC4E99C
:1035A000CC07C4E9CE6511600CDD454613262B68B7
:1035B00028465B6C00219847A3680136B34205F1A9
:1035C0001805F4DC23440022204683F8402305B08C
:1035D000BDE8F08F08830300D08103007C42002007
:1035E0007842002082688118002A91F8403343F025
:1035F000010381F8403341DD2DE9F047DFF8809089
:10360000824600F10C0500F23F364FF0000814E04E
:10361000D3F8003703F44033B3F5003F03D13378D8
:1036200043F008033370DAF80830A4F23E34A4EB18
:103630000A04A34205F118051EDD2F7D344606F865
:10364000018F2B682846DB6998470028EBD11F2F94
:103650008CBF4B464FF0A04307F01F0703EB8703D7
:10366000D3F8002702F44032B2F5403FD0D133788E
:1036700043F004033370D6E7BDE8F087704700BF1E
:10368000000300502DE9F04181681E4B06460844B6
:10369000002990F8402322F0010280F84023D3F85B
:1036A0000483D3F80423C3F8082325DD164F06F15D
:1036B0000C0406F55075BF1B10E011F008032046FE
:1036C0004FF0020104BF204619460AF077FAB268AB
:1036D00001357B199A4204F118040DDD2368204658
:1036E000DB6998470028F2D129784B07E5D50321FB
:1036F00020460AF063FAEAE7024BC3F80483BDE808
:10370000F08100BF00600040C0FCFFFF2DE9F04FDA
:10371000064683B0364800929946B368D0F804B3A1
:10372000D0F80423C0F80823002B3FDD8846B246BA
:103730000024DAF80C209AF82070D2690AF10C05FE
:103740002846904760BBDAF80C202846126A90475A
:1037500030B3BAF8120010F4007130D0B8F1000F95
:103760001ED0009B002B37D01F2F07F01F078CBFE8
:10377000204A4FF0A04207F5E071019252F8211063
:1037800011F4403F0CD110F4807F0CBF03210221C3
:1037900028460AF013FA019A0121B940C2F820150F
:1037A000B2680134A2420AF1180AC2DC104B0022AE
:1037B000C3F87C21C3F804B303B0BDE8F08FB9F1BE
:1037C000000FEDD028460AF0F9F9B2680134A242A0
:1037D0000AF1180AADDCE9E7009928460AF0EEF98B
:1037E000B2680134A2420AF1180AA2DCDEE700BF87
:1037F000006000400003005038B50446062911D887
:10380000DFE801F040044A1212162D0083680344D9
:1038100093F84033DB074DD501230022194620469B
:10382000FFF774FF002038BDFFF72CFF0020FAE7F8
:10383000002A45D08568002DF4DD01460023488A22
:1038400010F4007F03F1010301F1180103D01068A7
:1038500001301060A5689D42F1DC0020E3E781683B
:103860000029DFDD0022438A9C0548BF23F4007352
:1038700002F1010248BF43828A4200F11800F2D1EE
:103880000020D0E7FFF7AEFE0122204600231146BC
:10389000FFF73CFF0020C6E78368034493F84033FA
:1038A000DD070AD5012320461A461946FFF72EFFE9
:1038B0000020B8E7FFF796FEAEE7FFF793FEF1E7CB
:1038C0006FF47A7038BD00BF10B5044603EB4300B7
:1038D000C4E9022321608000012102F0A9FC002339
:1038E00060602382204610BD704700BF10B5034BB7
:1038F0000360044602F088FF204610BDF4810300F7
:1039000010B5054B0360044602F07EFF204613F01D
:1039100000FC204610BD00BFF4810300074B1B686C
:10392000834204D01A680649126B8A4203D110B54B
:103930003220FAF715FE1846104700BF1C41002040
:103940001D390200074B1B68834204D01A680649E0
:10395000D26A8A4203D110B53220FAF701FE184626
:10396000104700BF1C4100204539020010B5044635
:1039700013F0CFFB204610BD2DE9F041404D2B68E0
:1039800013F0010382B004460BD03E4D2B68DE07D6
:1039900012D53D4E337803B33C4D286802B0BDE8E4
:1039A000F08101223A48114607F09CFA01232B606E
:1039B000344D2B68DE07ECD40323192285213548CA
:1039C000314E09F063FE0123334A344931482B60FC
:1039D00013F09AFB3378002BDED12E4F072002F034
:1039E000F5FC384609F0EEFD0221384609F0FAFBF5
:1039F000FB88322123F480732046FB8005F0BAF85F
:103A000000BB442013F087FB2149204D05220446CA
:103A100002F038FD224B23604C202C6013F07BFB1E
:103A20001B490622804600F07FF81E4B2968C3F828
:103A30000080404602F086FF28680123337002B000
:103A4000BDE8F081502013F066FB32230522CDE95A
:103A5000003221463A460E4B0C4D804605F070F878
:103A60005420C5F8008013F056FB21463C23062461
:103A7000CDE900343A46064B804605F057F9D4E7C5
:103A800010410020F4400020434B00201C41002046
:103A900014410020F840002040200020E9380200B6
:103AA000F48103002041002010B5034B036004465D
:103AB00002F060FF204610BD3482030010B5054BB4
:103AC0000360044602F056FF204613F022FB204616
:103AD00010BD00BF34820300074B1B68834204D033
:103AE0001A680649926A8A4203D110B53320FAF760
:103AF00037FD1846104700BF20410020D93A020088
:103B0000074B1B68834204D01A680649D2698A426F
:103B100003D110B53320FAF723FD1846104700BF34
:103B200020410020013B020010B5044602F0C6FE11
:103B3000014B2360204610BD3482030008B5FFF717
:103B40001BFF014B186808BD2041002082B010B552
:103B50008C4684B049688646DCF800000DF1080CFC
:103B6000ACE8030006A981E80C00DDE90243DA07AE
:103B70000EEB630C03D55A105EF802301C5908ABEB
:103B800093E803008DE8030006AB0CCB6046A0472A
:103B900004B0BDE8104002B0704700BF2DE9F04FFF
:103BA00083B0DDE90CABBDF83870002B43D0804604
:103BB0000E4691461D46BAF1000F3FD00F2E01D19F
:103BC000C02F38D1282013F0A6FA0446103007F091
:103BD00043FA2680A4F80290182013F09CFA0346BA
:103BE000CDE900AB43F80C5B0021C16059606B4626
:103BF0000246E160A06003CB124B506091605361BC
:103C000000220023C4E90823D8F800300E4A5B687C
:103C100047F002079342A78008D1204602F032FB0A
:103C2000204603B0BDE8F04F13F073BA214640467A
:103C300098470028F1D103B0BDE8F08F1BF0010FC9
:103C4000BCD1F8E74D3B020085EC010030B58DB0EA
:103C5000044610982160C4E901231B49E06004F088
:103C600029FDD0B105460DF1140E00696969AA69F4
:103C7000EB69F446ACE80F00286A696AAA6AACE806
:103C800007001CE90F008DE80F0020689EE80E0079
:103C900002F03EFE284613F03CFA0C4B1D6885B13D
:103CA0000B4A0023CDE9052305AB93E80300C023AD
:103CB0008DE8030002930322234606212846FFF7DE
:103CC0006DFF20460DB030BD307B03005C4200200C
:103CD0004141020070B40B680468D0E90156E31A50
:103CE00007EE903A4B68EB1A06EE903AF8EEE66A69
:103CF0008B68F8EEE77A66EEA66AF31AE7EEA76A33
:103D0000012A07EE903AF8EEE77AE7EEA76A35DD8A
:103D100002EB420201EB8200B0EE666A0C38D1E998
:103D20000323EB1A07EE903AA21AF8EEE77A07EEB1
:103D3000102A4B69B8EEC77A67EEA77AF31AE7EE56
:103D4000077A0C3107EE103AB8EEC77AE7EE077A39
:103D5000F4EEE67AF1EE10FAB4EEE76A48BFF0EE60
:103D6000676AF1EE10FA48BFB0EE676A8842D6D1B2
:103D700076EE667A70BC17EE900A7047B0EE666A0F
:103D800076EE667A70BC17EE900A7047F0B585B093
:103D900004AC04E90E000B9B039C002B0E46154659
:103DA000864640F3B6800A999FED605A03EB4303C1
:103DB00001EB830C0F46D7E90023EB1A07EE903A8C
:103DC000B21AF8EEE77A07EE102ABB68B8EEC77AA7
:103DD00067EEA77AE31AE7EE077A0C3707EE103A98
:103DE000B8EEC77AE7EE077AB1EEE77AFDEEC77A6A
:103DF000F8EEE77AF4EEC57AF1EE10FAC8BFB0EE4D
:103E0000675ABC45D7D1DFED493AB7EE002AB0EE8C
:103E1000633AF0EE632AB0EE634AD1E90072AB1A5E
:103E200007EE903AF31B07EE103AF8EEE77A8B684C
:103E3000B8EEC77A67EEA77AE01AE7EE077A521B68
:103E40001B1B07EE100AB8EEC77ABF1BE7EE077A16
:103E50000C3107EE102AF1EEE75A07EE903AF8EE31
:103E6000C76AB8EEE77A07EE907AB8EEE76AC5EE71
:103E7000257AC6EE254A86EEA56AC7EE256A77EE54
:103E8000C27AF0EEE45AF4EEC47AF1EE10FAB0EE33
:103E9000C66AB0EEE67AC8BFB0EE674A8C45E5EE7A
:103EA000A72AA6EE273AE7EE273AB6D163EE037AC1
:103EB000BDEEC57AE2EEA27A17EE103AE3EEA37AEF
:103EC000B1EEE77A7046CEE90154CEF80060CEF844
:103ED000183082EE875AC3EE075A83EE876AF7EEF0
:103EE000007AF0EE676AB0EE677AE5EE046AA5EE56
:103EF000847AE6EE047AFEEECB6ABEEECB7AFEEE74
:103F0000CB7ACEED036A8EED047ACEED057A05B05C
:103F1000F0BD9FED067A0023F0EE473AB0EE473A47
:103F2000F0EE472AB0EE474ACCE700BF00000000A1
:103F30002DE9F04F93B0151E1190894640F3FB8098
:103F4000002205EB45040B466E0001EB8404964607
:103F50009446D3E900010C338E4453F8041C9C4270
:103F600002448C44F5D19EFBF5F392FBF5F40793E4
:103F70009CFBF5F30293119B079A5A60029A9A6090
:103F800049462A4618461C60FFF7A4FED9F80030BF
:103F9000D9F80880D9F80410099307EE100A6FF0D9
:103FA000C700C01A0E906FF0C700A0EB0800C3F561
:103FB000C87305900F936FF0C700C8F5C8734FF032
:103FC000000E2E44A9F10C02401A1093C1F5C873DB
:103FD00002EB860204910A90F3467746F2461E46AB
:103FE0000E9B0299CDF804A018190F9B0D9623443F
:103FF0000893079BF3180393CDE90B74109B03EB15
:10400000010C07EE900A099B07990690F8EEE76A03
:104010001E180A9B66EEA66A0B44F24607EE903A1B
:10402000F8EEE77A04990298F0EE665AE7EEA75A9E
:10403000CF1805991C4601EB000E07EE90EAF8EE4A
:10404000E77AB0EE656AA7EEA76A012D08EB0E00CD
:10405000F0EE464A29DD4B461969791A07EE901AA7
:10406000D968711A05EE101AF8EEE77A5969B8EEB8
:10407000C55A67EEA77A411AE5EE057A0C3305EECC
:10408000101AB8EEC55AE5EE057AF4EEC67AF1EEEE
:1040900010FAF4EEE47A48BFB0EE676AF1EE10FA77
:1040A000C8BFF0EE674A9A42D6D174EEC67AB4EE33
:1040B000E77AF1EE10FA04DDB0EE677A8346BA468D
:1040C00001960EF1C80EF445B7D103992346C833C3
:1040D0009942A3D10698089BC8308342D64690D116
:1040E000DDE90B74DDF804A00D9EA24506D0CDF8E5
:1040F00008B0CDF81CE05446012771E7079B9E45A8
:1041000005D0CDF808B0CDF81CE0012768E7029B88
:104110009B4503D0CDF808B0012761E73B467746C1
:104120009E4623B1119BC3E900A7C3F808B01198BC
:1041300013B0BDE8F08F0024029407946E001AE7D4
:1041400082B02DE9F04FEFB0014678AC642084E8EE
:104150000C00059102F03AF9052211460FA806F06D
:10416000FBFFB24910A807F027F822AB6DA9002287
:104170009A60C3E900220C338B42F9D1059C8DF87B
:104180006820A068DFF8BC920368CDE91422CDE96D
:104190001622CDE918229B6A98470546A068036855
:1041A000FF215B6A9847A0683C3003F021FF0022A2
:1041B00043F68C430893934607920DF1680A0692E2
:1041C0000D95089A43F68C439A4200F00181984B72
:1041D0009A42C0F2FD80089B002B00F03581069BBF
:1041E0000F2B00F03181089A0C92A2F164031BB2EC
:1041F0000893079A8F4B059D2832D2B2A3FB021376
:104200009B09C82101FB1323DBB26868079302F006
:10421000EBFA0446686802F0EFFA14F52A7FC0F260
:10422000F28014F1C80FC0F2F980B4F52A7F00F3D0
:104230001581C82C40F31A8103230B93984610F57F
:104240002A7FC0F2E78010F1C80FC0F2EB80B0F512
:104250002A7F00F3FF80C82840F304810323CDE9BF
:104260000933754C0FA807F025F80DF14F0514AF71
:10427000264603E0AA4506F102060DD015F8013FD7
:10428000012BF7D172783178FF230FA807F01CF8C3
:10429000AA4506F10206F1D1079BDDE90A210FA824
:1042A00007F012F80C9B002BC0F28580069B0F2BA9
:1042B00000F28180099E069D04E002344C4507F11E
:1042C000010721D023784345F7D16378B342F4D175
:1042D0003B780BEB4B0022A9012B4FF0000201EBC6
:1042E0008000EAD0059B0234196802F02DFB0BF127
:1042F000010B01354FF001034C453B705FFA8BFB1E
:10430000EDB207F10107DDD16420069502F05EF8F9
:10431000BBF1180F7FF655AF11AC5A4622A92046C3
:104320000D9DFFF705FE22ABCDF804B0009394E895
:104330000E001BA8FFF72AFD1EAB0FCB8DE80F0068
:10434000059E1BAB30680ECB02F0E2FAF06820B19C
:104350003A491BAA1C2304F0E5F9059FB868FCF74D
:10436000E9FDBE6810A9204606F01CFF3C3600237C
:1043700040F2DC52CDE9003221461A46304603F0C5
:1043800087FE204606F0A2FE4FF47A7002F01EF877
:10439000B868FCF7CFFDB868036829465B6A9847A0
:1043A00010A806F093FE0FA806F090FE6FB0BDE8CF
:1043B000F04F02B0704700230093059B98680023DC
:1043C00010301A460FA906F099FF099E069D79E75D
:1043D000059CA068FCF7AEFDA46819493C341BA8F5
:1043E00007F002FA78221BA9204603F031FF1BA830
:1043F00007F0D2F943F62843089343F68C430C9315
:1044000000230693F5E6002310F52A7F0B939846C8
:10441000BFF619AF0023CDE9093322E701230B933F
:1044200098460CE70123CDE909331AE73C7B0300EA
:10443000D18AFFFF1F85EB5164820300307B0300AC
:10444000847B030096820300059B98683C3003F050
:10445000CFFDC8E60423CDE9093302E704230B931B
:104460009846ECE60223CDE90933FAE602230B93E2
:104470009846E4E6C38843F48043C380704700BF96
:1044800084B003AA01900DF107030DF1030013F8A6
:10449000011902F8011B8342F9D1039804B0704757
:1044A00040BA80B2704700BF10B5044A02600023D2
:1044B0000446C38000F0D8FE204610BD08830300E8
:1044C00010B5064A026000230446C38000F0CCFE0B
:1044D000204612F01EFE204610BD00BF08830300D8
:1044E00070B5054684B000F118062C698CB1E278ED
:1044F000012A10D0022A05F1200025D001230A212B
:10450000684606F05BFD2B69A3420AD01C46002CCE
:10451000EDD104B070BD304600F0B2F92B69A34272
:10452000F4D10B4A0221C2F88010BFF34F8FBFF3C2
:104530006F8F2B695B6A2B61EB7A013BEB72204634
:10454000116012F0E6FDD0E700F0C2F9DBE700BF32
:1045500000E100E0104B70B500250446C0E90035CD
:104560000E4600F013FE20460C4B40F8183B214647
:1045700000F082F9214604F1200000F0A5F940F294
:104580000762C4E90225064BA680C4E90455E5800C
:104590001C60204670BD00BF08830300A08203009A
:1045A0002441002038B543693BB3C27A032A04464C
:1045B00020D8C288D2074CBFC268114A9A622C2008
:1045C00012F0A9FD2C220021054612F0E9FD6369D5
:1045D00000225A62D4E9043153B11A465B6A002BB7
:1045E000FBD15162E37A65610133E372002038BD8B
:1045F0002161F7E76FF47B7038BD6FF47A7038BDD6
:1046000016FCFFFF38B5164BD3F8002122B100216C
:104610000122C3F800119A60114BD3F80C2182B12A
:10462000104C00212068C3F80C11D3F80054C28844
:10463000012D02F0010205D002B1C160084B012238
:104640009A6038BDD3F848355B4202B1C360FFF7CA
:10465000A9FF2268024B5269C3F80425EEE700BFA8
:104660000010004024410020F8B5C388DB0701D5C5
:104670000020F8BD0446F9F75FFF00286BD165699B
:10468000002D5ED04FF0804200210123C2F80011BE
:104690001360D2F80031002BFBD0637A2F4A304DE3
:1046A000D35CC5F80C35217A2E4BC5F808150022CD
:1046B000C5F81025C5F81C35A67AF9F73DFF10B9E5
:1046C000A672C5F82465264BDFF8A4C06769264D9D
:1046D000002001210826C3F82C050222C3F830155A
:1046E0004FF6FF7EC3F81465C3F818C5DFF884C021
:1046F000C3F83425C3F83CE5C3F838C54FF0180CAF
:10470000C3F854C5C3F80475C3F80463C5F8802121
:104710002A60D3F8002242F01002C3F80022C3F846
:1047200000015960D3F80021002AFBD0E288012162
:1047300042F4804200200A43C3F80C019960E280F1
:1047400096E72C2012F0E7FC29462C22054612F0B1
:1047500027FD656196E70548F8BD00BFBC820300F0
:10476000001000407469627500E100E016FCFFFF74
:10477000200004022110010010B50446F9F7DCFE08
:10478000E0B9E388DB0701D4002010BD0C4B022206
:10479000C3F88020BFF34F8FBFF36F8F094A012307
:1047A000C2F810011361D2F81031002BFBD0E3885E
:1047B00023F4804323F00103E380E5E7024810BDC2
:1047C00000E100E00010004016FCFFFF38B5044691
:1047D0000D46F9F7B1FE70BBE3882DB959071CD41B
:1047E0009A0721D4002038BDDD070ED4134A116882
:1047F0008807F7D543F002030221E380C2F8801056
:10480000BFF34F8FBFF36F8FECE72046FFF7B4FF86
:10481000E38843F00403E380E4E723F00403E38048
:104820002046FFF721FFDDE7044A23F002030221BF
:10483000E3801160D6E7024838BD00BF00E100E028
:1048400016FCFFFF0346006990B10A4910B4022428
:10485000C1F88040BFF34F8FBFF36F8F1A69526A60
:104860001A61DA7A013ADA720C605DF8044B70472B
:10487000704700BF00E100E00022C0E9001270476D
:1048800010B5044684B00068FFF7DCFF00224262E6
:10489000616889B14B6A33B119465B6A0132002BFA
:1048A000FAD1032A0ADC486201231A460921684624
:1048B00006F084FB04B010BD6060F5E704B0BDE80D
:1048C000104012F026BC00BF002241600270704709
:1048D00038B504464068FFF7B5FF0123237005464D
:1048E000043006F0C3FB0023237025B12846BDE841
:1048F000384012F00EBC38BD10B50446006807F011
:104900005FF8204610BD00BFF8B522EAE275044604
:1049100005F10C001F460E4601F02EFC206007F04A
:1049200077F823681D722068476036B12A46314601
:104930000930BDE8F84012F06FBCF8BD08B500239F
:10494000194605480122FFF7DFFFBDE80840034A8A
:104950000349014812F0D8BB284100204020002024
:10496000F9480200ACDF7047AEDF704700220281D9
:1049700002604260704700BFF0B50C4687B04FF64A
:10498000FF718C42ADF8063012D003899B070546B3
:10499000164610D4BDF8063002AFADF808302988AD
:1049A000039600233A462046ADF80A30FFF7DAFFB7
:1049B000002007B0F0BD0388ADF80830022302AF35
:1049C0008DF80A300023ADF80C3039460DF106039E
:1049D000204604930592FFF7C7FF30B1049ABDF853
:1049E000063012889A42E3D1D7E7012007B0F0BD24
:1049F000A8DF7047B0DF704762DF7047704700BFC5
:104A00000368034A9B68934200D1704706311847F8
:104A1000FD4902000A88502A70B5044639D00FD9E2
:104A2000512A31D0532A09D10268204D146BAC426F
:104A300036D192680B461E498A422ED1012070BDA4
:104A4000102A19D0112AF9D10368194DDA69AA423E
:104A500028D100252E4605E023681B6998470135BB
:104A600023680681DB68204698470346AB42294607
:104A70002046F1DC012070BD03680D4A9B6993421A
:104A8000DCD09847012070BD03685B6A984701201D
:104A900070BD03681B6A9847F4E7991D9047CDE7FE
:104AA000A047CBE790472368D3E700BF014A020045
:104AB000FD49020010B50023054A02600446037157
:104AC000C38000F0DBF9214600F0E6F9204610BD76
:104AD000CC82030000B585B001F110026B4612F8DC
:104AE00001CD03F801CB04A98B42F8D1011D684622
:104AF000FFF782FF05B05DF804FB00BF00B583B08F
:104B000003798DF806308C46821D01A90120ADF88D
:104B100004C0FFF76DFF03B05DF804FB2DE9F0471B
:104B200088B00546BDF840A0BDF84460BDF84840D7
:104B300091460F461D2200210DF10300984612F008
:104B40002FFBADF80460B6EB0A0618BF01262B79DF
:104B5000ADF80090E007CDF80880ADF806A08DF81C
:104B60000C608DF8023005D59DF80D3043F002033E
:104B70008DF80D30A10705D59DF80D3043F00403E5
:104B80008DF80D30620705D59DF80D3043F0080310
:104B90008DF80D30230705D59DF80D3043F0100337
:104BA0008DF80D30E60605D59DF80D3043F0200355
:104BB0008DF80D30A00605D59DF80D3043F040036B
:104BC0008DF80D30610605D59DF80D3043F00103D9
:104BD0008DF80D30E20544BF01238DF80F30A30599
:104BE00048BF01232A6848BF8DF8103040F20111F8
:104BF00001231269ADF811108DF813308DF81430BF
:104C000039462846EC8890476946024620460BF014
:104C1000F7FD08B0BDE8F08700B58DB001A80BF036
:104C20003DFD019B23B1BDF808000DB05DF804FB0C
:104C30004FF6FF700DB05DF804FB00BF08B50BF038
:104C400007FD003818BF012008BD00BF03682DE92B
:104C5000F041DB6806460C4690469847071E1BDD70
:104C600000250BE04388A3421ED08388A34221D0B5
:104C7000C388A34224D00135AF420DD03368294602
:104C80001B69304698470388A342EBD1012388F87B
:104C900000302846BDE8F08100234FF0FF3588F84A
:104CA00000302846BDE8F081022388F8003028460D
:104CB000BDE8F081032388F800302846BDE8F08184
:104CC000042388F800302846BDE8F08130B583B071
:104CD0000C460DF10702C9880546FFF7B7FF431CD4
:104CE00008D09DF80730032B06D02B680B4A1B68B1
:104CF00093420CD103B030BD238A022BF5D12B682F
:104D000001461B6928469847638A0381EDE7A11D88
:104D1000284603B0BDE83040184700BFFD490200F7
:104D200070B58AB00C460DF1070209890546FFF7F8
:104D30008DFF01302ED09DF80720B4F80EC001235E
:104D40009A428DF8083039D1296823894E6825495F
:104D5000ADF8183040F20113ADF81C308E424FF020
:104D60000003ADF81AC00893ADF8243014D11D46E5
:104D7000194605939DF80E30ADF80C1062F3000350
:104D8000A088ADF810C002A9ADF812508DF80E3011
:104D9000FFF730FE0AB070BD06A92846B0479DF85F
:104DA0001C109DF81D20BDF81AC0BDF82450089BAA
:104DB00000290CBF4FF481710021DAE79DF80E2025
:104DC000A088ADF810C0002363F3000202A9ADF87B
:104DD0000C308DF80E20ADF812300593FFF70AFE67
:104DE0000AB070BDFD49020000B583B009890DF11C
:104DF0000702FFF72BFF03B05DF804FB91F806C034
:104E0000BCF1010F11D0BCF1020F0DD110B5026839
:104E1000094CD26AA24282B00AD109890DF1070277
:104E2000FFF714FF02B010BD704703689B6A184774
:104E300002B0BDE810401047E94D0200F8B50E4C35
:104E400027689FB13B68002B0FDD06463D460024D6
:104E500003E03B6801349C4207DA55F8040F03680D
:104E600031465B6998470028F3D1F8BD542012F011
:104E700052F920600760F8BD2C41002010B5054CA8
:104E8000206800B110BD542012F045F900230360E2
:104E9000206010BD2C41002008B50368132B05DCF1
:104EA00000EB830201335160036008BD1420F9F761
:104EB00057FB00BF10B5ADF5627D01A8F9F71EFDE7
:104EC0004FF46072002102A812F06AF90221012356
:104ED0000022039103A858210A930AF04BFD0022F7
:104EE0000290C3219AA80AF045FD00239990D3F8B7
:104EF000FC2F013219D04FF08052D3F8FC4F1369C8
:104F00001C444FF4607202A9204612F020F9D0B977
:104F100000234FF46072D3F8FC4F02A9204612F030
:104F200016F950BB0DF5627D10BD4FF010224FF009
:104F3000805394691B691C444FF4607202A9204697
:104F400012F005F970B1214601A8F9F7D9FCE02368
:104F500002AA214601A8F9F709FD0023D3F8FC3F76
:104F60000133D5D14FF010234FF460729C6902A930
:104F7000204612F0ECF80028D4D0214601A8F9F719
:104F8000BFFCE02302AA214601A8F9F7EFFC0DF5CA
:104F9000627D10BD0023D3F8FC2F01320ABF4FF011
:104FA0001023D3F8FC2F9A694FF080531B691344E8
:104FB00093F8A13203B97047FFF77CBF10B5002307
:104FC000044607F0D9FC024B2360204610BD00BF09
:104FD000A47B030070B5A9B380EAE0741B4E0D46B4
:104FE00001F1FF3CC4EBE074002186FB0423E217CF
:104FF000C2EBA30202EB8203A4EB4303002BB8BF76
:105000005B4230338E460CF8013F01311446002AD2
:10501000EBD1002803DA2D236B540EF1020100239B
:105020006B54284612F006F901382844854207D20D
:105030002B78027805F8012B00F801398542F7D367
:10504000204670BD6FF47A74FAE700BF6766666643
:10505000014B18600020704730410020022908B53C
:1050600009D90339012904D80368094ADB68934246
:105070000BD1002008BD0029FBD00368044ADB687F
:105080009342F6D001219847F3E700219847F0E7D3
:1050900011E8010070B584B004AC04E90F00BDF85C
:1050A0000230012B15D0022B01D004B070BD144C7E
:1050B000144E04F1F00554F8040F30B1C3885B04BA
:1050C00003D503689B68B34217D1AC42F3D104B057
:1050D00070BD0B4C0C4E04F1F00501E0AC42E4D085
:1050E00054F8040F0028F9D0C3889A04F6D5036851
:1050F0005B68B342F2D09847F0E79847E5E700BF16
:105100003041002061DF01000DE8010010B4084CBF
:105110000023224602E001333C2B06D052F8041B48
:105120008842F8D1002244F823205DF8044B7047F0
:105130003441002038B50A4D04462A46002302E0D7
:1051400001333C2B06D052F8041B8C42F8D10022CC
:1051500045F82320204611F0DCFF204638BD00BF73
:105160003441002010B5084C20884FF6E85398428F
:1051700002D8431C238010BD1520F9F729FB208895
:10518000431C238010BD00BF1C2100202DE9F041ED
:10519000304C82B02246002302E001333C2B05D084
:1051A00052F8041B0029F8D144F823002A4C237834
:1051B00013F001030BD1294D2A6842B1009310224C
:1051C00001234FF47A60002102F02AFC10B102B0F2
:1051D000BDE8F0812820D5F80080214F11F09BFF19
:1051E000C023009301221F4B1021064601F030F826
:1051F000D8F800305B68BB4220D1304601F042F85D
:10520000304611F086FF28202E6811F084FFC0235D
:1052100000930222134B0F21054601F019F8336861
:105220005B68BB4210D1284601F02CF8284611F0EB
:1052300070FF237843F001032370C8E740463146EE
:1052400098470028DFD0D8E72946304698470028FD
:10525000EFD0E8E734410020444B00205C420020BE
:1052600085EC01009550020010B4084C0023224642
:1052700002E001333C2B06D052F8041B8142F8D1E6
:10528000002244F823205DF8044B7047344100208D
:105290002DE9F04706460F46062813D8DFE800F050
:1052A0000404041414041400184C04F1F00554F818
:1052B000043F3A463146184613B11B681B699847AC
:1052C000AC42F4D1BDE8F087114CDFF84C90A0F16E
:1052D000030AA4F1F0085FFA8AFA08E0BAF1010FB4
:1052E00003D8DB680B4A93420DD14445EAD054F809
:1052F000040D0028F9D003681D694D45EED03A46EB
:105300003146A847F1E700219847EEE730410020F9
:105310002442002011E801005D500200084600F020
:1053200005BD00BF2DE9F04385B004AC04E90F00D2
:1053300022490D684FF47A72DDE90201002311F071
:1053400043FD85B3DFF8788006460F464FF000092D
:105350002C46AD69E3689E4277F1000321D363696F
:105360007BB109F067FCD4E9062323B39A61A369F2
:105370000BB1E269DA61C4E90599C4F81C9009F03F
:105380001FFC09F057FCD8F80030C4F814806BB14A
:105390001A469B69002BFBD19461C4E9063209F0DF
:1053A0000FFC002DD4D105B0BDE8F083C4E906336D
:1053B000C8F80040F3E763691A60D8E73442002078
:1053C000384200202DE9F04FDFF8B09193B004ACE3
:1053D00084E80F00D9F800302BB3644BBDF81040BF
:1053E000D3F800B0BDF812300293BBF1000F16D015
:1053F00000235F4D039340F2FE3640F2FF38DBF8A6
:105400000C30DBF818701A0CB44298B2134649D02D
:10541000DA46BB4650B1844208D0002FEFD1A4F247
:10542000FE33012B57D813B0BDE8F08F12B1029AAA
:105430009A42F2D1DAF814309BB109F0FBFBDAE9B9
:105440000603002B43D09861DAF8180010B1DAF89F
:105450001C30C3610023CAE90533CAF81C3009F0C7
:10546000AFFB09F0E7FB2B68CAF8145053B318469A
:105470009B69002BFBD1C0F818A0CAE9063009F0DF
:105480009FFB002FBBD1CAE77AB1029A9A420CD097
:10549000002FC4D0FB68D7F818C01A0C98B2134676
:1054A000BB4667464045B3D1EEE7039B43B3002FAD
:1054B000B5D0FB68D7F818C01A0C012198B2039137
:1054C0001346EDE7CAE90633C5F800A0D7E7DAF8D6
:1054D00014301860B8E7102300932146D9F8004033
:1054E000244B029A08A800F0B3FE2368224A9B6866
:1054F000934232D108A800F0C5FE13B0BDE8F08F8A
:10550000DBF8143093B109F095FBDBE9061343B3E4
:105510009961DBF8183013B1DBF81C10D961002356
:10552000CBE90533CBF81C3009F04AFB09F082FBCC
:105530000F49CBF814100B6853B119469B69002B27
:10554000FBD1C1F818B0CBE9063109F039FBAEE761
:10555000CBE90633C1F800B0F7E708A92046984721
:10556000C8E7DBF814301960D3E700BF30420020F1
:1055700038420020C55302008DEC01002442002077
:1055800038B509F057FB1E4B1C6854B363697BB1F7
:1055900009F050FBD4E9062303B39A61A3690BB168
:1055A000E269DA610023C4E90533E36109F008FB2D
:1055B00009F006FB002323616362256809F0A4FB60
:1055C0000146284609F0ACFB09F034FB0D4B1A6884
:1055D00022621C6009F0F4FA204638BD63691A6043
:1055E000DCE7282011F097FD28220021044611F065
:1055F000D7FD09F08DFB0023C4E90003A360D7E7C2
:105600002C4200202842002038B5094B1C68236931
:10561000DB0707D5074D286830B1626A4262002374
:1056200063620446204638BDFFF7AAFF2860F4E70E
:1056300044420020404200202DE9F04106460F463A
:1056400090461D46FFF79CFF0446314643463A46C6
:10565000006809F06FFB266809F056FB011F304611
:1056600009F05CFB2068A5B10F4909F055FB09F072
:10567000E1FA0E4A626113686BB11A469B69002B0E
:10568000FBD19461C4E9063209F09AFA2046BDE8DC
:10569000F0810749E9E7C4E90633146009F090FA9C
:1056A0002046BDE8F08100BF755C02003842002052
:1056B000415C02002DE9F0414C4D2B78DB0782B0B4
:1056C0007BD44B4E3060FFF75BFF4A4B04461860BB
:1056D00009F0B0FA484A62611368002B70D01A468C
:1056E0009B69002BFBD19461C4E9063209F068FA8A
:1056F000FFF746FF414C0768206009F005FB011FDA
:10570000384609F00BFB23683D49186809F004FB93
:105710003468002C4DD0282011F0FDFCC0230093EC
:105720000022384BDFF8E48040F2FF31074600F0FA
:105730008FFD23685B68434552D1384600F0A2FDD7
:10574000384611F0E6FC2820376811F0E4FCC0234D
:10575000009300222B4B40F2FE31044600F078FD0E
:105760003B685B68434535D1204600F08BFD204601
:1057700011F0CFFC00230F22002100934FF47A6038
:10578000012302F04DF92820366811F0C4FCC02333
:10579000009301221C4B0F21044600F059FD336891
:1057A0005B68434510D1204600F06CFD204611F0A7
:1057B000B0FC2B7843F001032B7002B0BDE8F08100
:1057C000C4E90633146091E7214630469847002823
:1057D000EFD0E8E73846214698470028CAD0C3E70B
:1057E0002046394698470028ADD0A6E7454B002013
:1057F0002442002044420020384200203C42002045
:10580000F95A0200C55302002553020085EC01003D
:10581000024B187800F00100704700BF454B002094
:10582000F0B5314E336883B01BB1304B1B78DB07CA
:1058300002D42F4803B0F0BD07460D46FFF7E4FE43
:1058400047EA0543C3604369044683B109F0F2F9AE
:10585000D4E90623002B39D09A61A3690BB1E26920
:10586000DA610023C4E90533E36109F0A9F909F01D
:10587000E1F9204A626113685BB31A469B69002B09
:10588000FBD19461C4E9063209F09AF9A7F2FE331C
:10589000012B02D8002003B0F0BD2820366811F09B
:1058A0003AFCC0232A4600933946134B044600F0C5
:1058B000CFFC3368114A5B6893420ED1204600F05A
:1058C000E1FC204611F025FC0020E4E763691A6042
:1058D000C3E7C4E906331460D6E72146304698474B
:1058E0000028D7D0EAE700BF24420020454B002023
:1058F00016FCFFFF30420020C553020085EC01007A
:10590000024B1868B0FA80F0400970473842002016
:1059100010B5104C23789A0784B004D50E4B1B6841
:1059200073B104B010BD43F00200207001230222C5
:105930000F21684605F042FB074B1B68002BF0D196
:10594000237823F00203237004B0BDE81040F8F779
:105950004DBF00BF454B0020384200202DE9F041EB
:105960005A4D2C682269D10727D4594E594F3368B4
:105970003968002B55D06069B04262D08B422B60F1
:1059800050D09C4242D08C4242D0534B62699A42E2
:105990003ED0206809F0C6F9064609F0C5F9A168AD
:1059A00063682F68361ACB1A9E4260D8BB683A6883
:1059B0002068BDE8F04109F0E9BA484E2068336834
:1059C00042F0020222611A691C6842F004021A6164
:1059D00009F0AEF90146204609F0A2F937683868A7
:1059E00009F0A0F9044609F09FF9D7E90123241A28
:1059F0009B1A9C4250D833689968186809F007FBD5
:105A00002B68002232601A69920740D4BDE8F08109
:105A10002A68002193681268BDE8F041084609F041
:105A2000B5BA2960130711D52C60FFF771FF3368F1
:105A3000002BFAD09C422B60E8D039688B42A2D16F
:105A400007E0A069002818BF034697E72B689C422F
:105A5000DCD00E6809F058F9011F304609F05EF9F4
:105A60003B681F49186809F057F939688BE72C60C3
:105A700009F05AF96068203626F01F0610BB304640
:105A800000F07AFB3118C4E901012F608EE7BDE810
:105A9000F041186809F0F5BAD5F800802F6009F0D8
:105AA00043F97868203424F01F0440B9204600F000
:105AB00063FB0444C7E90104C5F800809BE700F0DC
:105AC00095FBF3E700F092FBD9E700BF44420020CA
:105AD000384200203C4200202C420020404200205E
:105AE000F95A0200034B1B78DB0700D47047FFF71D
:105AF00035BF00BF454B002000B5134C134D85B09A
:105B000001E0FFF72BFF2378990710D52A683AB1F7
:105B1000DA07F6D403F002024AB129680029FBD162
:105B200023F002032370F8F761FE2378F0E743F0D7
:105B3000020C022201230F21684684F800C005F000
:105B40003DFA2378E2E700BF454B002038420020B1
:105B500070B5374D2C6863698BB109F06BF8D4E9E7
:105B60000623002B55D09A61A3690BB1E269DA6173
:105B70000023C4E90533E36109F022F82C682D4EB7
:105B800009F058F833686661002B4CD01A469B69BF
:105B9000002BFBD19461C4E9063209F011F8336897
:105BA0004BB19B693BB100221C469B690132002B23
:105BB000FAD1032A1EDC2B6800221A611C6809F046
:105BC000A3F80146204609F0ABF809F033F81A4A69
:105BD000296813688B4219D02BB11A6A91421FD0E1
:105BE0001346002BF9D108F0EBFF144B1B78DB07B1
:105BF00012D470BDE2692068936100F0F7FA606822
:105C000000F0F4FA204600F0F1FAD4E71B6A1360C2
:105C1000E9E763691A60A7E7BDE87040FFF79EBE39
:105C20000A6A1A62DFE7C4E906333460B5E700BFE9
:105C3000444200202C42002028420020454B0020F6
:105C400010B50C468047A047044B1B78DB0700D4F7
:105C500010BDBDE81040FFF77BBF00BF454B0020E3
:105C6000034B1B78DB0700D47047FFF771BF00BF01
:105C7000454B002038B50346144610460D4698475C
:105C80002046A847044B1B78DB0700D438BDBDE88D
:105C90003840FFF75DBF00BF454B002000283AD0D9
:105CA0002DE9F0411D4D2B78DC0702D41C48BDE8DE
:105CB000F0811C4F3B681A690E465107044601D11A
:105CC0005A6A42B11849012332462046FFF7B4FC14
:105CD0000020BDE8F081186809F0BBF93A68136943
:105CE00013F0020813D143F0010313613046A047BB
:105CF0003B681A69C3F8248022F001015207196138
:105D0000E6D52B78DB07E3D5FFF722FFE0E723F0AA
:105D100003031361DCE76FF47A707047454B002092
:105D200016FCFFFF44420020615C020070B5204E6B
:105D30003378DA0703D4BDE8704000F047BB05466E
:105D4000FFF762FC044601F04BFE63692844E06003
:105D50007BB108F06FFFD4E90623EBB19A61A36928
:105D60000BB1E269DA610023C4E90533E36108F0AD
:105D700027FF08F05FFF0F4A626113689BB11A4664
:105D80009B69002BFBD19461C4E9063208F018FF2F
:105D90003378DB0703D470BD63691A60DFE7BDE8C1
:105DA0007040FFF7DBBDC4E906331460EEE700BFC7
:105DB000454B0020344200202DE9F041DFF8E88017
:105DC000D8F8003082B01BB1324E3378DA0703D4F2
:105DD000314802B0BDE8F08105460F46FFF714FCDC
:105DE00045EA0743C3604369044683B108F022FFD4
:105DF000D4E90623002B40D09A61A3690BB1E26974
:105E0000DA610023C4E90533E36108F0D9FE08F044
:105E100011FF224A6261136893B318469B69002BF5
:105E2000FBD18461C4E9063008F0CAFEA5F2FE3356
:105E3000012B08D83378DB0701D5FFF78FFD002051
:105E400002B0BDE8F0812820D8F8008011F063F995
:105E5000C0233A4600932946114B044600F0F8F956
:105E6000D8F800300F4A5B6893420DD1204600F00D
:105E700009FA204611F04DF9DCE763691A60BCE7C6
:105E8000C4E906331460CFE721464046984700280E
:105E9000D0D0EBE7454B002016FCFFFF304200203E
:105EA000C553020085EC010024420020024B187803
:105EB000C0F38000704700BF454B0020054A1378AF
:105EC00018B143F004031370704703F0FB03137021
:105ED000704700BF454B002010B40024C460C0E9E7
:105EE00000115DF8044B0272704700BFF8B53A4DDF
:105EF0002B78DA0700D4F8BD044608F09BFE26682C
:105F0000013E266008F05CFE002EF4DAFFF77CFB11
:105F10004369074683B108F08DFED7E90623002BBD
:105F20004BD09A61BB690BB1FA69DA610023C7E90A
:105F30000533FB6108F044FE08F07CFE04F10C031D
:105F40007B61E368002B3BD01A469B69002BFBD199
:105F50009761C7E9063208F033FE08F06BFE23684C
:105F60009E4221DD7B6983B108F064FED7E90623F8
:105F7000002B2DD09A61BB690BB1FA69DA6100235D
:105F8000C7E90533FB6108F01BFE08F053FE134A16
:105F90007A611368C3B11A469B69002BFBD19761E4
:105FA000C7E9063208F00CFE08F00AFE2B78DB0782
:105FB000A1D5BDE8F840FFF7D1BC7B691A60B1E715
:105FC000C7E90633E760C6E7C7E906331760E9E7C4
:105FD0007B691A60CFE700BF454B002038420020A4
:105FE000036810B5C468013303604CB363697BB1C7
:105FF00008F020FED4E906231BB39A61A3690BB114
:10600000E269DA610023C4E90533E36108F0D8FDF1
:1060100008F010FE0C4A6261136853B11A469B697E
:10602000002BFBD19461C4E90632BDE8104008F0B2
:10603000C7BDC4E906331460BDE8104008F0C0BD18
:1060400010BD63691A60D9E738420020F8B5C4680A
:10605000054644B303681A4E0133002762692B607A
:1060600072B108F0E7FDD4E906232BB39A61A36966
:106070000BB1E269DA61C4E90577E76108F0A0FDD8
:1060800008F0D8FD3368666193B11A469B69002B0E
:10609000FBD19461C4E9063208F092FDEC6814B1BA
:1060A0002B680133DAE72B7A0BB96B682B60F8BDEC
:1060B000C4E906333460EFE763691A60D7E700BFCD
:1060C0003842002000680028B4BF404200207047DA
:1060D000830770B50C464FEA900603D118B9002427
:1060E000204670BD013608F0A5FDD4E90004751CFA
:1060F000A04206D20168002906DB00EB8100A04225
:10610000F8D308F05DFDEAE721F000434FEA810C87
:1061100050F82320002A00EB81010CDB0FE0134430
:1061200043F00042026050F82320002A4FEA830C1B
:1061300000EB830103DA8C4222F00042EFD89D424B
:1061400001D96044D4E78442DBD902369E4203D2AF
:1061500000EB8606B44209D8056825F000450446E0
:1061600044F8045B08F02CFD204670BD5B1B43F037
:10617000004346F8043CF2E7F8B5044640B1164D3A
:106180002B783BB120461549FFF7A2FF0446F0B13A
:106190002046F8BD124E134A3370176808F04AFDC6
:1061A0000E4A114BC2E90073DB1B9B0843F000430E
:1061B0003B6033780133337008F002FD0123204641
:1061C00006492B70FFF784FF04460028E0D1142015
:1061D000F8F7FEFA2046F8BD464B00207036002046
:1061E000474B0020AC20002000F80120B0B10F4B3D
:1061F0001A68824210B5044602D25B68834204D812
:10620000BDE810401E20F8F7E3BA50F8043C002B1C
:1062100005DD43F0004344F8043C10BD70471E20E8
:10622000F8F7D6FA54F8043CF3E700BF70360020C4
:1062300038B501FB00F52846FFF79EFF044628B15C
:10624000012303602A46002110F0AAFF204638BD32
:106250002DE9F041044610300F4616461D46BDF8A4
:10626000188004F0F9FE00220023C4E9082300216D
:1062700027806680A560E160A4F804802046BDE820
:10628000F08100BF83889B0710B5044603D5806862
:1062900008B110F03EFF204610BD00BF82B030B5FF
:1062A000046A83B006A981E80C0014B323690122B3
:1062B0005BB11C461B690132002BFAD1092A04DDAF
:1062C00003B0BDE8304002B07047182010F023FF43
:1062D00008AB054693E803008DE8030006AB0CCB42
:1062E000284604F0DFFE256103B0BDE8304002B06F
:1062F00070470546182010F00EFF08AB044693E8DF
:1063000003008DE8030006AB0CCB204604F0CAFE68
:106310002C6203B0BDE8304002B0704730B4D0E921
:10632000004303F10050013804EBC00084420AD856
:10633000034603E09442184605D813461D68A94257
:10634000A3F10802F6D9406830BC704710B4D0E918
:10635000004303F10053013B04EBC30C64450FD829
:10636000634603E094429C4607D81346186881426E
:10637000A3F10802F6D9DCF800005DF8044B704781
:1063800054F83300F9E700BF10B4D0E9004303F13B
:106390000053013B04EBC30C644513D8634603E090
:1063A00094429C4607D8134618688142A3F108021C
:1063B000F6D9DCF800005DF8044B081AB0FA80F05A
:1063C0004009704754F83300F5E700BF01F0DCBB2B
:1063D00001F0AEBBFEF73CBE38B5084B04460025C5
:1063E000C0E90035FEF7D2FEE388054A226043F497
:1063F00080532581E380204638BD00BF0883030019
:106400002C83030010B5044A026000230446C380B5
:10641000FEF72AFF204610BD08830300008970475D
:10642000807A704738B5036881720446DB6A984702
:106430002368074A9B6A9342054603D1A07AA0725B
:10644000284638BD20469847C0B2A072284638BDBD
:106450002164020038B5036801810446DB6A98476D
:106460002368074A1B6A9342054603D1208920818D
:10647000284638BD2046984780B22081284638BD3E
:106480001D640200F8B50025144B03600446456006
:1064900016460F46FEF77AFE114B236094F836300D
:1064A00025631422228123F00E03022284F8363061
:1064B000A2724FF00113C4E90355C4E90555C4E9BC
:1064C0000755C4E90E336762A680E580A58684F887
:1064D0004050A4F842502046F8BD00BF0883030096
:1064E00054830300C36813F5C87F70B480F28E80B4
:1064F00090F8362012F002050AD0022290F83610E9
:10650000B2FA82F2520962F3410180F83610012595
:10651000016911F5C87F3FDA90F83620560743D558
:10652000042290F836504469B2FA82F2520962F3BA
:10653000820514F5C87F80F8365077DAEAB215077D
:1065400009D5082290F83650B2FA82F2520962F365
:10655000C30580F8365090F84020032A164608D824
:106560000132D6B2012E80F840607FD0042E00F0B8
:106570008580B0F8422090F83650013292B215F082
:10658000010CA0F842205FD1092A20D9013EA0F8D1
:1065900042C080F840601AE0B1F5C87F04DD90F891
:1065A000362012F00402BCD0446914F5C87F38DBF1
:1065B000B4F5C87F04DD90F8362012F00802C1D08F
:1065C00090F840603246002DC7D1002ED1D101FB9A
:1065D00001F2304803FB032204FB042282422ED93D
:1065E00013F5487F3CDBB3F5487F3CDC11F5487F71
:1065F00042DBB1F5487F3CDC14F5487F22DBB4F583
:10660000487FCCBF0620002070BC7047B3F5C87F20
:1066100005DD90F8362012F002023FF46FAF00253E
:1066200076E790F8362012078BD4C9E7B4F5C87F17
:1066300091DD90F8362012F0080283D08BE7072016
:1066400070BC70470520FBE71D2AC0D9002225F049
:10665000010580F83650A0F8422080F84020B6E7C7
:10666000032070BC7047042070BC7047A0F84260E3
:10667000ADE7012070BC70470220E1E790F83630AA
:10668000002243F0010380F83630A0F842200B20AE
:10669000D6E700BFFF700200D0E9031230B501FB5E
:1066A00001F1456902FB021205FB0525B5F5800FD6
:1066B00085B0044616D9038F002B4CD0B5F5100FCA
:1066C00025D8012384F831302046FFF70BFF0B2833
:1066D00014D0A38E834230D00023A08684F83030BB
:1066E00005B030BD90F83130042B55D90023C0E9F6
:1066F0000E332046FFF7F6FE0B28EAD160860246ED
:1067000001230D21684604F059FC05B030BD638FAC
:1067100083B3B5F1107FD4D9A38FA3B3B5F1806F44
:10672000CFD9E38F002BCCD101230A220D2168465B
:1067300004F044FC0123E387C3E794F83030618E12
:10674000042B14D80133DBB2814284F83030C7D037
:10675000052BD3D0C4E701230C220D21684604F099
:106760002DFC0123B5F5100F2387AAD9CFE781426D
:10677000C4D1B5E7012308220D21684604F01EFCB0
:1067800001236387C5E7012309220D21684604F030
:1067900015FC0123A387C1E70133DBB292E700BFF9
:1067A00030B58BB0016A00F118030CCB02AD00913B
:1067B0000446416A284604F0EBFB95E80700E388AD
:1067C00004F10C0523F0020385E80700E38020466E
:1067D000FFF762FF0123A1881A4606A804F0EEFB2A
:1067E00000200BB030BD00BF10B5036804461B6B22
:1067F0009847E06810BD00BF10B5036804461B6BE6
:106800009847206910BD00BF10B5044A02600023FC
:106810000446C380FEF728FD204610BD0883030010
:1068200000897047D0E90D1230B5C36B0446C068CB
:10683000091A2069121A60691B1AA06900FB01F18C
:1068400089128BB06163E16901FB02F2216A01FBED
:1068500003F39B129212A263E36302AD009304F16F
:1068600034020CCA216C284604F092FB95E807001C
:1068700004F1280383E807000123A1881A4606A82B
:1068800004F09CFB00200BB030BD00BF38B503689E
:1068900001810446DB6998472368074A5B6A934293
:1068A000054603D120892081284638BD20469847D7
:1068B00080B22081284638BD21680200F8B5002545
:1068C000114B03600446456016460F46FEF75EFC1A
:1068D0000E4B23604FF48063C4E90553C4E90733CA
:1068E00014224FF48053C4E90355C4E90955C4E99F
:1068F0000B55C4E90D55C4E90F576564A680228184
:10690000E3802046F8BD00BF0883030094830300A2
:1069100084B030B50DF1100C8CE80E00C58804462B
:1069200000F10C0EBCE80F00AEE80F009CE8070079
:1069300045F002058EE80700E580BDE8304004B070
:10694000704700BF4164704770B50B680C4682B059
:1069500005469B6A084616469847E26B216CCDE9CE
:10696000002604F1340328460CCB04F0BFFA284675
:1069700002B070BD10B5044A026000230446C38013
:10698000FEF772FC204610BD0883030000897047A3
:1069900040897047FF299ABF017300206FF47A7015
:1069A000704700BF007B7047704700BF10B50A8971
:1069B0004C8982B00023CDE9002410311A460446E8
:1069C00004F0ACFD204602B010BD00BF10B5074B6F
:1069D000044640F8103B04F079FB054A226000238E
:1069E0002046E380FEF740FC204610BDCC83030028
:1069F0000883030010B5094B044640F8103B04F02F
:106A000065FB074A22600023E3802046FEF72CFC4A
:106A1000204610F07EFB204610BD00BFCC83030053
:106A200008830300F8B51F460B4B036000230446A0
:106A300043600E461546FEF7A9FB2046074B40F87B
:106A4000103B2AB231B204F087FBFF232373268167
:106A50006581A7802046F8BD08830300CC8303002E
:106A60006FF47D70704700BF6FF47D70704700BF9A
:106A70006FF47D70704700BF6FF47D70704700BF8A
:106A800010B584B003688DF80F20002400941C6AB0
:106A90000DF10F020123A04704B010BD10B584B062
:106AA00004688DF80C20002200928DF80D30246AC5
:106AB000022303AAA04704B010BD00BF2DE9F04790
:106AC0009DF82070002A3DD0002B1D463ADD03685A
:106AD0001E4E14469A68B24280468A4622D11A69EE
:106AE000DFF86C904A4525D1013D2544013C04E086
:106AF000AC420BD0D8F8002012694A4504F10104D9
:106B0000F6D0217840469047AC42F3D117B100202F
:106B1000BDE8F087D8F80030DB68B342F7D04046D4
:106B20009847F4E79047D8F80030DFF824901A69C6
:106B30004A45D9D05FFA8AF140469047D8F80030EC
:106B40001A69D1E76FF47A70E2E700BF716A020058
:106B5000796A02002DE9F84F9DF82880002A51D06B
:106B6000002B1D464EDD93460268284F9368BB42BA
:106B700006460C4633D11369DFF894A0534535D14E
:106B8000B5F1010918D0023D5D440BF1FF3404E07A
:106B900004F8011FA54232680DD0536953454FF0E8
:106BA0000B01F5D0002130469847C1B204F8011F0F
:106BB000A5423268F1D1CB44536953451DD10B2016
:106BC0008BF80000B8F1000F02D00020BDE8F88F6C
:106BD0003368DB68BB42F8D030469847F5E7984702
:106BE0003268DFF82CA013695345C9D044F0010185
:106BF000C9B2304698473268C2E70121304698470B
:106C0000C0B2DDE76FF47A70E0E700BF716A02009E
:106C1000796A02002DE9F04186B01E469DF83430B5
:106C200007688DF80F2004460D468BB101230093B1
:106C30003F6A0DF10F02B84738B9236800909F6A88
:106C40000C9B324629462046B84706B0BDE8F08185
:106C5000D7F81C80DFF820C09DF80F20E04508D150
:106C600000938DF817203F6A01230DF11702B847F2
:106C7000E2E7C047E0E700BF816A0200F0B50768BD
:106C8000DFF850C0FE6A664585B019D1012600962E
:106C90008DF80F203F6A33460DF10F0204460D4672
:106CA000B84758B9236800909F6A0DF10E02334629
:106CB00029462046B84708B99DF80E0005B0F0BD3A
:106CC0000123CDE900330DF10E03B0470028F3D0C6
:106CD000F4E700BF156C0200024A026000218180C7
:106CE000704700BF0C8403006FF47D70704700BFD5
:106CF000407970474171704701B370B50646086826
:106D0000904214460D460ED020B102680D49126E15
:106D10008A420AD134B123680B4ADB6D934208D111
:106D2000002333712C60002070BD9047002CF2D1FD
:106D3000F8E70022314620469847F3E76FF47A706F
:106D4000704700BFC1190200BD1902000EB42DE941
:106D5000F04787B00FAB53F8045B0093297861B319
:106D6000044606E0236820469B6901359847297848
:106D700019B32529F6D1009A6B78101D252B0090A8
:106D800005F102055AD0583BD9B220291AD8166805
:106D9000202B17D8DFE803F09716161616161616CE
:106DA0001616164C33161616161616161616161630
:106DB0001616162616161616570007B0BDE8F04729
:106DC00003B0704723683F219B692046984723689A
:106DD0003F219B692046984723683F219B692046B5
:106DE0009847C4E716F8011B0029C0D02368204645
:106DF0009B699847317801360029F7D1B7E700231E
:106E000001A93046CDE90133CDE903330593FEF7FF
:106E1000E1F89DF804100029A9D00DF105062368BA
:106E200020469B69984716F8011B0029F7D19EE779
:106E30002368F1B29B692046984798E7236820466B
:106E40009B69984793E701274FF01C084FF008090A
:106E50004FF0000A11E0302B33D1BAF1000F1DD0F2
:106E6000236830219B692046984709F1FF3919F0C2
:106E7000FF09A8F104083FF47AAF26FA08F101F0FF
:106E80000F0101F13003392BE5DDF7B157312368EC
:106E900020469B6998474FF0010AE6E7B9F1010FD8
:106EA00009F1FF32DCD0A8F1040826FA08F101F05C
:106EB0000F0101F13003392B5FFA82F9E5DC302B49
:106EC000ECD0D9B2E3E70027BEE73731DFE700BFF8
:106ED000C389DB0600D4704710B5044684B08189AD
:106EE00001230422684604F069F8E38923F01003C3
:106EF000E38104B010BD00BFC388DB0600D4704737
:106F000010B5044684B0818801230422684604F049
:106F100055F8E38823F01003E38004B010BD00BFF0
:106F2000C3895B073FD52DE9F0418369B3F902704E
:106F3000002F84B005460E4615DD002400F1180828
:106F400002E00134A7420ED021B2404604F0FAFC20
:106F5000B042F6D10123A9891A466846013404F0EB
:106F60002DF8A742F0D1EB8C95F824209BB2013389
:106F7000B3FBF2F102FB11332A8D9BB29A421DD072
:106F8000EA8C296A92B28E54EB84EB69002B03DB06
:106F9000EA8C92B2934207D0EB8943F01003EB8165
:106FA00004B0BDE8F08170474FF0FF33EB61A98971
:106FB00001230222684604F001F8EDE7A9890123C4
:106FC0000322684603F0FAFF04B0BDE8F08100BF79
:106FD000C3891B0719D530B5838EC16A02689BB27D
:106FE0000446C95C926985B09047A58E94F830300C
:106FF000628EADB20135B5FBF3F103FB1155ADB2B5
:10700000AA4203D0A58605B030BD704702220123F5
:1070100040F2FF31684603F0D1FF236801219B68ED
:1070200020469847A58605B030BD00BF70B5C6891B
:107030007307044607D5036800219B689847206AB8
:10704000FFF7D4F8E68994F8240026F00403E381DE
:10705000FFF792F8206260B12368002546F004062D
:107060005B68E5842585E6812946204698472846C1
:1070700070BD6FF47B7070BD2DE9F04F85B0884610
:10708000C98900AFCC07C7E9003000F1D6804B07B3
:10709000154640F1C380B8F82640B8F82890A4B24D
:1070A00041F00101A145A8F80E1000F019812968EE
:1070B0004C46D8F82020B1F90230165D002B70DD67
:1070C0004FF0000B4FF0FF3A0FFA8BF1284604F017
:1070D00039FC2968B1F902C00BF1010BB04208BFBD
:1070E000A246DC45F0DC98F82400B8F826200134EC
:1070F00092B294FBF0F600FB1644A24200F0A4808A
:10710000BAF1FF3FD5D0BAF1000FC0F28F80D14560
:10711000C3BF98F82460A6EB09065644AAEB0906FB
:1071200006F1080222F007026C46ADEB020D0021C9
:10713000721C684610F034F81FFA8AF39945D8F8A3
:1071400020E098F824006D4618BF0DF1FF310DD0F6
:1071500009F10102B2FBF0FC00FB1C221EF809C081
:1071600001F801CF1FFA82F94B45F1D1B8F8283068
:107170002946B8F80E500133334425F00105A8F82C
:107180000E5093FBF0F500FB153332B27868A8F887
:10719000283004F079FBA54678681437BD46BDE871
:1071A000F08F98F82400B8F8263001349BB294FB95
:1071B000F0F600FB16449C427FF47DAF3B68012B48
:1071C00054D03B68022B31D1294607F10C0008F15D
:1071D000180404F07FFB07F10C01204604F08AFB41
:1071E0000121B8F80C00FEF7E7FD07F10C0004F0F0
:1071F000D3FAB8F8262092B202F1FF3A002A76D0EC
:1072000007F10C0004F070FB07F10C01204604F0BC
:1072100071FB07F10C0004F0BFFA78E74046FFF776
:1072200005FF00284ED1B8F80E1034E7B8F80E105C
:10723000786821F00101A8F80E1004F055FB786879
:107240001437BD46BDE8F08F3B68012B08D03B6882
:10725000022B7FF458AFBAF1FF3F7FF454AFB3E78E
:10726000BAF1FF3F7FF44FAFD8F82020B8F82630AE
:107270009BB2A342FAD0B1F90230165D002B27DD94
:107280004FF0000B4FF0FF3A0FFA8BF1284604F055
:1072900059FB2968B1F902200BF1010BB04208BF7C
:1072A000A2465A45F0DC98F824200134BAF1FF3F99
:1072B00094FBF2F002FB1044D6D0BAF1000FBFF6F7
:1072C00026AFB3E778686FF47B7104F06DFA63E77B
:1072D00098F82430013494FBF3F003FB1044C5E725
:1072E0003B68012B15D03B68022BA1D16CE798F8C5
:1072F000243007F10C0003F1FF3A04F0F5FA07F12E
:107300000C01204604F0F6FA07F10C0004F044FAF0
:10731000F9E62968D8F82020A8E700BF2DE9F04752
:107320001E46224B03600025214B83600446858066
:10733000C5600830884617469DF82090BDF824A007
:10734000FDF724FF1B4B23603833A360C4E9048797
:1073500004F1180004F0C8FA01364FF0FF3309F1C8
:107360000109E361E584424604F11001A4F80CA090
:1073700084F8246084F830902562E562258565866E
:10738000A5862046FFF7B8FC3A4604F114012046D2
:10739000FFF7B2FC084B1A6832B1E38943F480432B
:1073A0002046E381BDE8F0871C60F6E748840300CF
:1073B00008830300548403004842002010B50446AB
:1073C000002936D001291BD0022917D1E3895B0798
:1073D00039D5E28C238D92B2934219D10221A08932
:1073E000FEF71EFAE38C94F824209BB20133B3FB22
:1073F000F2F102FB1133E361FEF774FB238D07E02A
:10740000E3895A070FD5E28C238D92B29342F7D0CD
:10741000216A94F82420C85C0133B3FBF2F102FB2B
:107420001133238510BD2046FFF700FE0028EAD067
:10743000E4E7C38959070BD5E28C238D92B29342BE
:10744000E6D1064810BDFFF7F1FD0028C1D0D5E711
:10745000FFF7ECFD0028EFD0D0E700BF0CFCFFFFEA
:1074600038B50C1E06DB0368DB680546984700B993
:10747000AC6338BD6FF47A7038BD00BF828E438E26
:1074800092B29A4288BF90F83010828E86BF5B1805
:1074900092B292B2981A7047094B10B503F13802B4
:1074A000044603608260183004F076F9054AA26051
:1074B000002304F10800E381FDF7D6FE204610BD4D
:1074C000548403000883030008B5C06803681B6B7D
:1074D0009847002008BD00BF08B5C06803689B6AD4
:1074E0009847002008BD00BF2DE9F041064614462C
:1074F0001D4607F09FFBF768767C3B6838469A6C20
:10750000D3F83C8090470A2C75F1000538BF0A2457
:10751000021931463846C047BDE8F04107F050BB7C
:1075200070B5044607F086FBE06803689B6C9847DB
:10753000D4E9083162686060821A9B182362A368EC
:107540001A4441F10001B2F57A7F6162A26012D360
:10755000D4E90631013341F10001581CA2F57A72D9
:107560000D4641F10001B2F57A7F1E460346F4D282
:10757000C4E90665A260BDE8704007F021BB00BF0A
:1075800010B50446FFF7CCFFD4E9060110BD00BFDB
:107590002DE9F04F466B83B0002EBDF83410BDF8D6
:1075A00030B09DF838A001913CDDC46A0746904692
:1075B0009946002103E0B14204F1180432D0258A33
:1075C0000131002DF7D13846FFF7AAFF3B6A7A6AEE
:1075D00018EB030149EB0202BAF1000F27D1534621
:1075E0005046C4E90030019B63820F9B6361C4E98C
:1075F0000212A4F810B007F01DFB3B6B33B1D3E9C6
:107600000202A168E3688142934105D23C6342468D
:107610004B463846FFF768FF07F0D2FA002003B068
:10762000BDE8F08F6FF47B7003B0BDE8F08F434688
:107630004846D6E7F0B4456BC36A00218D4282B05C
:1076400001632DDD0A461C8A8CB109B3D1E90276AB
:10765000DC6801949C68BC42019CB44118D301329F
:10766000AA4203F1180308D01C8A002CF0D1013281
:10767000AA4203F11803E6D191B1036A8A68D21ACB
:107680000A2AB8BF0A22D31702B0F0BCFFF72CBFFA
:107690000132AA420363194603F11803D3D1EBE781
:1076A00002B0F0BC704700BF2DE9F04F064689B02C
:1076B00061B1C468077C23682046DD6B9B6C9847EA
:1076C000384A0346394620461A44A8473046FFF751
:1076D00027FFD6F834C06246002AF46A46DD00254A
:1076E000A846012719E0D4E9009A59EA0A0B628AF0
:1076F00042D1336B4FF00000A342208243D0CDE94A
:1077000000EC029704A803F07FFC726B08F10108FB
:107710000135AA4204F1180425DD218A0029F7D099
:10772000D6F820E0A368D6F824C0E0689E457CEB3C
:107730000009D8D26369DB07EAD5FEF7B7FB60B171
:10774000D6E90832184913EB010EA16842F1000096
:107750007145E16871EB000018D3726B0135AA42E4
:1077600004F11804D9DCB8F1000FB5D1304609B0E6
:10777000BDE8F04FFFF75EBF13EB090340EB0A00D3
:10778000C4E90230BBE700233363B8E7CDE9003238
:1077900001230293052240F2FF3104A803F034FCD8
:1077A000DBE700BF80969800A0860100084B1B68AD
:1077B00001465BB11A7C114111F0010103D0012196
:1077C0001846FFF771BF1846FFF76EBF704700BF3E
:1077D00050420020416BC36A01EB410103EBC10140
:1077E0008B424FF0000023D21A8AEAB15A69D207BD
:1077F0001AD5C0B130B4D3E902428568AC42C4683E
:10780000A2410AD3183399420BD91A8A002AF9D017
:107810005A69D407F6D50028EDD118461833994295
:10782000F3D830BC7047184618339942DCD87047FB
:10783000704700BFF8B505460C4607F0FBF9E8684D
:1078400003689B6C98476A682B6A6860821A9B1869
:107850002B62AB681A446B6AAA6043F10003B2F56D
:107860007A7F06466B6212D3AB69E969013341F155
:10787000000C591CA2F57A7260464CF1000CB2F56E
:107880007A7F1F460B46F4D2C5E90670AA60E86805
:1078900003681B6B984707F093F90023C4E9006362
:1078A000D5E90801F8BD00BF2DE9F843DDE9086717
:1078B0000546144607F0BEF956EA07032CD02B6A9A
:1078C0009B192B626B6A47EB03036B6230463946A8
:1078D0004FF47A7200230FF077FAAB69C318E869A6
:1078E000AB6140EB0101A868E9611044B0F57A7F13
:1078F000A86010D3013341F100015A1CA0F57A7041
:107900000E4641F10001B0F57A7F1F461346F4D2CE
:10791000C5E90676A8606C602846FFF701FE6B6B30
:10792000D5E9080703EB430EEB6A0A3003EBCE0EF2
:107930004FF0000247F1000773452A6313D331E08B
:107940008242B94101D2C3E902072A6B3AB1966873
:107950009968D268DC68B14274EB020200D22B63F2
:1079600018339E451ED91A8A002AF9D0D3E9004659
:1079700054EA060CD3E90221E2D0A21846EB010139
:10798000824271EB070CE0D214EB020C9046624687
:107990008C4646EB0101824271EB0709F4D3C3E93F
:1079A000028CD2E7E86803689B6C98470446E86855
:1079B000094A0368297CDB6B224498472B6B33B15F
:1079C000E868697C036804F10A02DB6B9847BDE84C
:1079D000F84307F0F5B800BF80969800704700BFE5
:1079E000064B10B51C682CB12046FFF799FDD4E971
:1079F000060110BD0020002110BD00BF5042002034
:107A0000064B10B51C682CB12046FFF789FDD4E960
:107A1000080110BD0020002110BD00BF5042002011
:107A200010B5094C246884B064B10193069B03939C
:107A30000B4601210092029102462046FFF7A8FD65
:107A400004B010BD0148FBE75042002016FCFFFFC8
:107A500070B50E4D2C68B4B12046FFF761FD0C4B9C
:107A6000266A42F2107098472C682046FFF758FDAE
:107A7000236A0849053B9B1B42F210720020B2FBAF
:107A8000F3F20A6070BD044870BD00BF5042002090
:107A9000552000204C42002016FCFFFF70B5044624
:107AA00016461E481E4A63740A230D462060E16094
:107AB000636301212674F0201460FEF7B9FB0023F4
:107AC0000022C4E90B030023C4E90623C4E9082308
:107AD0002B681449DA698A421AD1134AEA6031469E
:107AE000124ADB6B28469847E06803685B6A984750
:107AF000E0680023A36003689B6C9847E3686060BC
:107B00001A681846936A9847FFF7A2FF204670BD8F
:107B1000284605499047E5682B68E0E7B0840300F4
:107B2000504200207DEC0100AD7702008096980065
:107B3000F8B5114E3468E4B1104B0546186890B999
:107B40002046FFF7EDFCD4E90837ED1847F10007B0
:107B500034682046FFF7E4FCD4E90823AA42BB417D
:107B6000F6D30020F8BD05FB00F0054B9847002038
:107B7000F8E70448F8BD00BF504200204C42002006
:107B80005520002016FCFFFF4FF47A7303FB00F032
:107B9000FFF7CEBF064B1B68014613B11846FFF72F
:107BA00049BE00220023C0E9002319461046704751
:107BB0005042002010B5084C246882B04CB1CDE989
:107BC000002302460B462046FFF76EFE002002B05F
:107BD00010BD0248FBE700BF5042002016FCFFFF2B
:107BE000084B1B685BB110B504461846FFF7F2FD61
:107BF00020B1D0E90223C4E90023012010BD1846BA
:107C0000704700BF50420020C3880D4A23F4005340
:107C100010B504460260C3802C3003F057FA04F11B
:107C2000240003F0B9FD04F11C0003F0B5FD054A82
:107C3000226000232046E380FDF716FB204610BD9E
:107C4000C084030008830300C3880F4A23F4005351
:107C500010B504460260C3802C3003F037FA04F1FB
:107C6000240003F099FD04F11C0003F095FD074A80
:107C700022600023E3802046FDF7F6FA20460FF04D
:107C800048FA204610BD00BFC084030008830300EB
:107C9000F8B50025144B0360044645600F461646B0
:107CA000FDF774FA114B2360A76004F10C0003F098
:107CB000EDF804F11C0003F017FE04F1240003F0BA
:107CC00013FE04F12C0003F041FA4FF4405384F802
:107CD00022502563A680E3802575C4F816502584BC
:107CE00025852046F8BD00BF08830300C08403003B
:107CF0002DE9F0410446806884B00121103003F082
:107D0000DFFB94F92230042B06DCE269B4F9201081
:107D1000B2F902208A421CDC01335DB2A06884F80B
:107D200022500368DB6998470130854202D004B0D5
:107D3000BDE8F081E169B4F92030002284F8222006
:107D4000B1F90210994233DD0133238404B0BDE858
:107D5000F08104F11C0003F0F5FD04F10C0501466F
:107D6000284603F0A5F8064688B394F92230A068A7
:107D7000C3F1040301279F400368DB69984700F1C2
:107D8000FF38FFB2013E00255FFA88F816F8013F80
:107D90001F4205D10135052DF8D194F92230BBE7FA
:107DA000A068FF232AB24146103003F08DFAF1E7B4
:107DB0000123A188227568461A4603F0FFF80123C3
:107DC0001A4640F2FE31684603F0F8F8AFE720218A
:107DD000284603F06DF80646C7E700BF30B5436A92
:107DE000B0F92810B3F9023085688B4285B004469B
:107DF00005F1100510DC202100231A46284603F067
:107E000015FB626AB4F92830B2F902209A4208DB05
:107E10000133238505B030BD243003F093FD0146C6
:107E2000EAE701230022A188227568461A4603F07A
:107E3000C5F801231A4640F2FE31684603F0BEF849
:107E400005B030BD10B50446806886B0103003F030
:107E500031FAA068B4F9302000230093103004F107
:107E60002C0103F04BFA10B994F8333053B994F95C
:107E700032303BB1218E01220B44238684F833201B
:107E800006B010BD01230022A188227502A81A465F
:107E900003F094F801231A4640F2FE3102A803F0E1
:107EA0008DF806B010BD00BF30B504468068B4F947
:107EB0003050036887B0DB699847E36A94F9321061
:107EC0005B88CB1A03449D4202DC94F833307BBBC1
:107ED000B4F93020002A12DCA0680023009310308F
:107EE00004F12C0103F00AFA94F932207AB1218EC0
:107EF00001230A4484F83330228607B030BDA068DD
:107F00004942103003F0DCFAB4F93020E4E70123F1
:107F1000A188227502A81A4603F050F801231A46D8
:107F200040F2FE3102A803F049F894F93220DEE76E
:107F3000237D062B10D001230022A188227502A8E0
:107F40001A4603F03BF801231A4640F2FE3102A81C
:107F500003F034F807B030BDA068103003F0AAF980
:107F6000E9E700BF037DFBB110B5038BC28A043380
:107F70009BB29A4284B00446038313D8037D002247
:107F8000022B028327D0237D032B2BD0237D042BB0
:107F900024D0237D052B08D0237D062B05D0237DFF
:107FA000072B08D004B010BD70472046FFF77CFFB8
:107FB000237D072BF6D101230022A1882275684674
:107FC0001A4602F0FBFF01231A4640F2FE316846D2
:107FD00002F0F4FFE6E7FFF78BFED4E72046FFF759
:107FE00031FFD6E72046FFF7F9FECFE7FFF7BABF2C
:107FF00010B5037D84B0044633B9A068103004B0D6
:10800000BDE8104003F056B90123002281880275B3
:108010001A46684602F0D2FF01231A4640F2FF31A9
:10802000684602F0CBFFE8E70B460968498801295A
:1080300070B5044614D0002A154624DD027D12B125
:10804000027D012A1DD100261946268504F124004F
:1080500003F050FC0323E58226832375002070BDC6
:108060000021184603F06EFC237D014613B1237DE9
:10807000012B06D1A06800231A46103003F0D6F970
:10808000ECE7024870BD6FF47A7070BD12FCFFFF20
:1080900070B582B0079D002D1ADB0446007D10B13B
:1080A000207D012812D1069EA068F6B21BB212B242
:1080B0001030009603F022F915B9002002B070BD0F
:1080C00000220723E58222832375F6E70248F5E7BD
:1080D0006FF47A70F2E700BF12FCFFFF70B5161E56
:1080E00082B046DD037D04460D4623B909E0FDF765
:1080F00063FE237D2BB1237D01218B4240F2FF30B3
:10810000F5D1237D03F0FF01002B35D12B685B886F
:10811000012B1ED0294601A803F0DCFB324601A941
:108120002046FFF781FF01A803F036FB012107205D
:10813000FDF742FE124B984207D0002002B070BDFE
:10814000237D012BF9D006F0A9FD237D002BF7D16B
:10815000F3E7284603F0F6FB237D014613B1237DA8
:10816000012B0BD1A06800231A46103003F05EF9F2
:10817000E3E76FF47A70E1E70248DFE70248DDE702
:1081800016FCFFFF11FCFFFF12FCFFFF2DE9F04181
:1081900084B00B9F002F53DB1E46037D04460D4623
:1081A000904623B90AE0FDF707FE207D30B194F830
:1081B00014C001218C4540F2FF30F4D1237D002B07
:1081C0003CD1294603A802F0EDFF237D13B1237DA6
:1081D000012B2DD10A99A068C9B2009133B20FFAD0
:1081E00088F2103003A903F089F837B903A802F028
:1081F0006DFF002004B0BDE8F08100220723E78274
:108200002283237503A802F061FF01210720FDF7F7
:10821000D3FD0D4B9842ECD1237D002BE9D0237D7B
:10822000012BE6D006F03AFD237D002BF7D1E0E7E5
:1082300003A802F04BFF002FDBD0E6E70348D9E7A5
:108240006FF47A70D6E700BF16FCFFFF11FCFFFF4A
:1082500070B5161E15DD037D044613B1037D012B99
:108260000DD1002584F82250258404F11C0003F070
:1082700041FB0223E68225832375284670BD024810
:1082800070BD6FF47A7070BD12FCFFFF10B5054B26
:10829000036003F130020446C260FEF7B3F82046E3
:1082A00010BD00BFE484030010B5064B036003F16A
:1082B00030020446C260FEF7A5F820460EF029FF02
:1082C000204610BDE4840300C388DB0423D530B509
:1082D000036889B05B6A04469847237E70B10B2B14
:1082E00012D80133DBB2082B23760DD8E288012B9C
:1082F00002F0010113D951B909B030BD63B1013B9E
:10830000DBB2082B2376F1D9E288D10732D5930767
:1083100019D509B030BD7047E28802F0010100298B
:10832000F7D022F00302E280A188012302226846EE
:1083300002F044FE657E012D2DD0E28802F001019D
:108340000029D9D0E3E7FFF74BFB636940F2DC5229
:10835000C01A61F10001904271F10001D9D3E388A4
:10836000A18843F00203E3800522012304A802F060
:1083700025FECEE7012342F00102A188E28004A895
:108380001A4602F01BFE238901332381FFF728FBE5
:10839000237E6061AAE7FFF723FB62690B46801A20
:1083A00063F10003B0F57A7F73F10003A1882B46D7
:1083B0002CBF0422032204A802F000FEBDE700BF88
:1083C00038B5C36900F10C050446D868A8421CD032
:1083D00020B10268194613689847E369A17E1868BE
:1083E000DA88DD600129456C0C4916BF22F48072E1
:1083F00042F4807292B28D42DA800AD1E08840F471
:108400000050E08000F0010038BDE08800F001007D
:1084100038BD94F820101846A847EFE77906020007
:1084200038B5044600F10C0528460121FEF762FC30
:10843000E0690A4A03685B6893420CD16FF47D736C
:10844000A47EE41AB4FA84F4284600216409FEF7F5
:1084500051FC204638BD98470346F1E7E1F601009C
:1084600038B5C388027C23F400530025C380CD6057
:1084700072B10368094A9B69934204460AD1084BCA
:1084800003603033C360FDF7BDFF20460EF041FEB0
:10849000002038BD9847002038BD00BFA9820200E7
:1084A000E484030030F8063C027910B523F400534D
:1084B000002420F8063CCC6092B150F80C3C0B4AEA
:1084C0009B699342A0F10C040CD1094B40F80C3C81
:1084D000303303602046FDF795FF20460EF019FE6D
:1084E000002010BD20469847002010BDA982020040
:1084F000E4840300F0B5044685B049B1C388002286
:1085000023F00303C38002810276002005B0F0BD92
:10851000C369DB889B05F8D503681B4A5B6A9342F5
:1085200013D100F10C0630460D460121FEF7E2FBA7
:10853000E069164A03685B6893421BD130462946BE
:10854000FEF7D8FB002005B0F0BD98470028DCD02E
:10855000E2880123032142F001022176E280A18812
:108560001A46684602F02AFD01232381FFF738FAF4
:108570006061CAE798472946A57E07463046FEF760
:10858000B9FBBD42E4D0C0E721840200E1F601005E
:108590002DE9F84304460F4616461D469DF82080F7
:1085A0009DF82490FDF718FF0A4B23603033E360F9
:1085B0000023E76184F82090A680657684F81A800D
:1085C0002046238263612376FFF7FAFE2046BDE84A
:1085D000F88300BFE48403004176704730B5044659
:1085E000406885B000220023CDE900230268022301
:1085F000156922686946A847184B009A9A4202D129
:10860000019805B030BD154AA0680023CDE90023CC
:10861000E8B14FF4807200210EF0C2FD9DE8030026
:1086200002AA82E80300134603CBA26810605160DF
:10863000D4E9001003689B699847D4E901020568F2
:1086400021686C694023A047019805B030BD4FF404
:108650008070FDF791FDA060DBE700BFA10D0C006D
:10866000F8B50023161E836004460B6841600D4672
:108670000FDB08461B6898472B6807469B6828460F
:10868000984706FB007020602046FFF7A7FF2046B2
:10869000F8BD08465B6898472B6807469B682846E4
:1086A000984706FB107020602046FFF797FF204692
:1086B000F8BD00BF2DE9F04780468946FFF78EFFE1
:1086C00060B307463020D8F800400EF024FD302279
:1086D000002106460EF064FD002F04F1080417DDAA
:1086E000002504E00135AF4204F1300413D0D8F87E
:1086F000040001680C23D1F810A022463146D0476F
:10870000314648460EF07EFD0028EBD1AF4202D044
:108710003046BDE8F08730460EF0FBFC00263046C0
:10872000BDE8F0872DE9F04F0446A7B008460D4696
:1087300091461F460EF07EFD00F10108B8F1100FC2
:1087400000F2F580202F00F2F28029462046FFF744
:10875000B1FF064648B13A46494610300EF0F7FCE4
:10876000002874D030460EF0D4FC4246294602A8B8
:108770000EF052FD49463A4606A80EF04DFD204641
:10878000D4F80090FFF72AFF3022804600210EA87F
:108790000EF006FDA068002800F0C0804FF4807243
:1087A00000210EF0FDFCB8F1000F40F3BD80002762
:1087B00008251AAE0197606802680C23D2F810A051
:1087C0000EA905EB0902D04702A90EA80EF01AFD6A
:1087D000A36800283FD00DF1380E03EB050ABEE870
:1087E0000F00B446ACE80F00BEE80F00ACE80F0085
:1087F0009EE80F008CE80F00B346DC46BCE80F0093
:10880000CAF80C3026AB9C450AF1100A0BF1100B8C
:108810004AF8100C4AF80C1C4AF8082CEDD1013724
:10882000B84505F13005C6D1019A002A48D0D4E9EF
:10883000001003689B699847D4E901020568216824
:108840006C694023A047002027B0BDE8F08F304678
:108850000EF05FFCF7E7394ACDE91A28324603CA21
:1088600018605960A3680DF1080E03EB050ABEE815
:108870000F00B446ACE80F00BEE80F00ACE80F00F4
:108880009EE80F008CE80F00B346DC46BCE80F0002
:10889000CAF80C3026AB9C450AF1100A0BF1100BFC
:1088A0004AF8100C4AF80C1C4AF8082CEDD1013794
:1088B0000123B845019305F130057FF47CAFB3E7A0
:1088C000B8F1050F36D008EB48021201083208F162
:1088D00001031B93194B1A93334603CBA7683860E7
:1088E0007960A76802AD17440FCDB4460FC60FCD0F
:1088F0000FC695E80F0086E80F0065460FCDFB60B8
:1089000026AB9D4207F110070CF1100C47F8100C34
:1089100047F80C1C47F8082CEFD188E74FF480701B
:10892000FDF72AFCA06039E708221AAECFE76FF402
:108930007A7089E76FF47B7086E700BFA10D0C00A9
:1089400003681B6B184700BF01892DE9F0414FF404
:108950007A76044606FB01F12148FDF7F7FC214B2E
:10896000A17AA3FB00239B0923811F48FDF7EEFC9E
:10897000656CA0722B68B4F84C805F6AE38813F4CE
:10898000807320D1414628462022B84728BB606C1E
:10899000016810234D6AB4F84C102222A847E0B9B0
:1089A000656CA17A2B6810485E6AB4F84C40FDF7FC
:1089B000B5FC60F07F03DBB2232221462846B04796
:1089C00058B9BDE8F0812189054806FB01F1FDF7A2
:1089D000A5FC40F00703DBB2D4E70448F1E700BF91
:1089E00058850300D34D6210A88503000EFCFFFFDD
:1089F00010B5034B03600446FDF706FF204610BD8B
:108A00002085030010B5054B03600446FDF7FCFE0E
:108A100020460EF07EFB204610BD00BF20850300DF
:108A200008B5C288034641B9900504D522F4007206
:108A300042F48042DA80002008BDD105FBD50168F0
:108A400022F4824242F40072C96AC2808847002040
:108A500008BD00BFF0B5C388DA0585B005463BD434
:108A6000026843F48243D26AC38090470127324EA2
:108A7000A86C0268C4795268E443B2424FF0000324
:108A800004F0010423D19C424FF027020BD1686C03
:108A900095F84C1003681B6B984710F0080006D13E
:108AA0001FB905B0F0BD002F42D00127E0E7686C88
:108AB000012106220368CDE90021A822DC6AB5F86D
:108AC0004C1002ABA04748B11C4805B0F0BD904720
:108AD000B0FA80F35B09D6E70027C8E7BDF9083094
:108AE000BDF90A20BDF90C10A87A002BB8BF1F33BE
:108AF000002AB8BF1F3252110029ADF80A2010FB1E
:108B000002F24FEA6313C2F10002B8BF1F314911EC
:108B1000ADF80830AA6110FB03F32A68ADF80C1019
:108B20005B4210FB01F0EB61536B286228469847CB
:108B3000002005B0F0BD00BFE1F601000EFCFFFF14
:108B4000F8B504460E4615461946BDF81C20BDF87A
:108B50001870FDF797FC064B23600023C4E91165EC
:108B6000E380A4F84C702046FFF7EEFE2046F8BDE7
:108B70002085030008B503680F221B6BC9B2984714
:108B8000A0F13300B0FA80F0400908BD03689B6A89
:108B9000184700BF018938B54FF47A75044605FBC4
:108BA00001F11548FDF7D2FB144BA3FB00239B09F1
:108BB00099B205FB01F123810F48FDF7AFFBC3B26A
:108BC000A06CE2880168D2054D6AB4F8501058BF15
:108BD00043F003036022A84758B9A06CE3880268F9
:108BE000B4F85010546AC3F300236222A04700B9BE
:108BF00038BD034838BD00BF08860300D34D62105E
:108C00000EFCFFFF10B5034B03600446FDF7B2FEF8
:108C1000204610BDD885030010B5054B03600446FF
:108C2000FDF7A8FE20460EF074FA204610BD00BFE6
:108C3000D885030008B5C288034641B9900504D51C
:108C400022F4007242F48042DA80002008BDD1058F
:108C5000FBD5016822F4824242F40072C969C280E5
:108C60008847002008BD00BFF0B5C388DA0585B08D
:108C700005463AD4026843F48243D269C3809047E0
:108C80000127284EE86C0268C4795268E443B24276
:108C90004FF0000304F0010422D19C424FF0670220
:108CA0000BD1A86C95F8501003681B6B984710F017
:108CB000080005D117B905B0F0BD87B30127E1E77A
:108CC000A86C012106220368CDE90021E822DC6AB4
:108CD000B5F8501002ABA04748B1134805B0F0BD3D
:108CE0009047B0FA80F35B09D7E70027C9E7BDF9E1
:108CF0000C30BDF80A10BDF808204FF66A7003EB7F
:108D0000830311FB00F112FB00F2C3EB031328688D
:108D10005B00C46AEB63C5E90D122846A04700203A
:108D200005B0F0BDE1F601000EFCFFFFF8B504460A
:108D30000E4615461946BDF81C20BDF81870FDF703
:108D4000BDFD054B2360C4E91265A4F850702046B0
:108D5000FFF720FF2046F8BDD885030082B08DE8DC
:108D60000C00014802B0704716FCFFFF002070475E
:108D70000029806903DD10B10139406AFBD17047D9
:108D800082B010B58C4684B049688646DCF8000095
:108D90000DF1080CACE8030006A981E80C00DDE940
:108DA0000243DA070EEB630C03D55A105EF802306B
:108DB0001C5908AB93E803008DE8030006AB0CCB0D
:108DC0006046A04704B0BDE8104002B0704700BF45
:108DD000002979D0F0B5846985B006460D463CB9C6
:108DE00069E0A3889B0708D591421BD0646A24B32D
:108DF000AB8821682A689807F3D49142F6D1A2681B
:108E0000AB689A42F2D1EA68E3689A42EED1B4F9CB
:108E10000420A388002A02DAC3F30E03A3802C489F
:108E200005B0F0BDA968A06802F012FE0028DDD0F0
:108E3000EA68E3689A42D9D1E9E7B7692A88002F3E
:108E40003AD038463B4600E00B461988914216D28C
:108E5000596A18460029F7D19F420AD0596A6962B7
:108E60005D62012340F2FD31684602F0A7F8002060
:108E7000D6E7398891421AD96B62B561F1E7194694
:108E8000034607E048886C88A042E5D2486A0B4652
:108E900030B1014608889042F4D09F42DED1E8E725
:108EA0008F42DBD14B88A3420B46D7D9E4E7D5D11B
:108EB0006C883946F6E70A88B561012340F2FD3136
:108EC000684602F07BF8D2E76FF47A70704700BF13
:108ED00016FCFFFF002940D070B5846984B0002CD7
:108EE00038D00D46002605E0A268AB689A420DD046
:108EF000646A34B3AA88A38853409907F8D49207C8
:108F0000F2D5A968A06802F0A3FDF8B12B8813B1CF
:108F100022889A42ECD16B8813B162889A42E7D1D9
:108F2000A38822886FEA43436FEA5343A3804FF438
:108F30007F71012368461E4402F040F8646A002CE9
:108F4000D8D1002E06DD204604B070BDAB889B074B
:108F5000CED4C9E76FF47A70F6E76FF47A70704791
:108F60002DE9F04183885D0782B0064603D59C0653
:108F70002ED4D80639D443F00403B38006F110058B
:108F800006F1180815E0F7680097A047B388DA06DD
:108F90001BD5346ACCB194E80F00D4F810C085E832
:108FA0000F00C6F820C020460EF0B3F8FCF79AFD7B
:108FB000B388B46899070ED413F0010F95E80F0039
:108FC000E1D1A047B388DA06E3D423F00403B380E9
:108FD00002B0BDE8F08198E8030095E80C008DE848
:108FE0000300204602F018FDD0E706F1180393E8CD
:108FF000030006F110030CCB8DE803003046FDF7AB
:109000004DF9E5E730B51B4B8DB003F12002044666
:10901000C260036006A802F01FF80F231820029315
:109020000EF079F8144A0025CDE9002502460346E2
:1090300042F80C4BC56055606A46CDE9040503CA89
:109040000E4A5A61586099602046122302A9ADF871
:109050000C30CDE90A55FFF73DFF02A8FDF712F9E4
:10906000074BE36004F10C006582FCF7FDF8204635
:109070000DB030BD50860300E5920200818D0200E4
:1090800008830300A0F10C00FFF7BCBF10B5044635
:10909000FFF7B8FF20460EF03CF8204610BD00BF99
:1090A00010B5A0F10C042046FFF7ACFF20460EF0EF
:1090B00030F8204610BD00BF70B5264B264A00256B
:1090C00082B004460260C0E9025305610C30FCF72F
:1090D0005DF8224B236003F12002E260C4E90655EB
:1090E00028202562E5840EF016F80646103001F0BF
:1090F000B3FF1B4B336018200EF00DF8194A009295
:109100000246019542F80C4BC56055606A4603461D
:10911000C6E9020503CA144A586099605A61C2231D
:10912000C6E9085531462046B380FFF751FE48B9DD
:109130000E4B1A6812B1204602B070BD20461C606A
:1091400002B070BD3046FDF79DF830460DF0E1FFEE
:10915000EEE700BF08830300388603005086030053
:109160000F000200E5920200818D02005C420020A7
:109170002DE9F04184691CB34FF0000807464646CC
:10918000A3881A042546646A05D42E46002CF7D11C
:109190004046BDE8F0815B07F7D47EB17462BB68DE
:1091A0000BB1284698472846FDF76CF828460DF085
:1091B000B0FF08F10108002CE2D1E9E7BC61EEE75D
:1091C000A0464046BDE8F081F8B58469002C43D044
:1091D0000D46164601270CE0A38803F0C003A3F157
:1091E000C003B3FA83F35B09B34215D00027646A66
:1091F0003CB323882988994201D0002BF7D163889A
:109200006A889A4201D0002BF1D1FCF701FB0028BB
:10921000E2D10123B342E9D1B4F90430B4F804E057
:10922000002BE3DB95E80F0004F1100C1EF0400F5B
:109230008CE80F0007D02046FFF792FE646A002CEE
:10924000D7D13846F8BDFCF7E3FA0028F3D0214621
:109250000348FCF723FDCAE701273846F8BD00BFE5
:10926000618F0200F0B5012283B0076A04460D4603
:10927000FFF7AAFF10B9E38C092B01D903B0F0BDA9
:1092800018200DF048FF05F10803064693E8030097
:109290008DE80300304695E80C0001F003FF05F06F
:1092A000C9FC67B13B6933613E6133695BB1E38CF3
:1092B0000133E38403B0BDE8F04005F081BCE3690D
:1092C0003361E661F2E72662F1E700BF82B008B5DC
:1092D00002A9C1E90023FFF7C5FFBDE8084000204F
:1092E00002B0704782B038B5044604A981E80C008A
:1092F000FFF73EFF05F09EFCE5691DB3E38C2A698C
:10930000E261013B9BB212B3E38405F059FC04E037
:10931000E38C013BE38405F053FC00222946204600
:10932000FFF752FF28460DF0F4FEFCF7E9FA80B192
:1093300005F080FCE5692DB12B69E361002BE7D1D5
:109340002362E5E7BDE8384002B005F039BC22628F
:10935000DAE7BDE8384002B0704700BF024B18881A
:10936000421C1A80704700BF1E210020C08800F0F8
:109370000300A0F10300B0FA80F04009704700BF7D
:1093800082B010B58C4684B049688646DCF800008F
:109390000DF1080CACE8030006A981E80C00DDE93A
:1093A0000243DA070EEB630C03D55A105EF8023065
:1093B0001C5908AB93E803008DE8030006AB0CCB07
:1093C0006046A04704B0BDE8104002B0704700BF3F
:1093D00010B5034B03600446FDF714F8204610BD9A
:1093E0009486030010B5054B03600446FDF70AF8A8
:1093F00020460DF08EFE204610BD00BF948603006F
:109400002DE9F04F83B0DDE90CABBDF83870002BCF
:1094100043D080460E4691461D46BAF1000F3FD01C
:109420000F2E01D1C02F38D128200DF074FE044634
:10943000103001F011FE2680A4F8029018200DF0E3
:109440006AFE0346CDE900AB43F80C5B0021C16026
:1094500059606B460246E160A06003CB124B50603E
:109460009160536100220023C4E90823D8F800303A
:109470000E4A5B6847F002079342A78008D1204656
:10948000FCF700FF204603B0BDE8F04F0DF041BEF1
:109490002146404698470028F1D103B0BDE8F08F3F
:1094A0001BF0010FBCD1F8E78193020085EC0100AD
:1094B00082B070B588B00CA981E80C004689BDF86F
:1094C0003050BDF83230B542044616D0022B27D0BA
:1094D000052B55D0012B0BD1A389AB4203D1E388D7
:1094E00043F00203E380E38803F00103002B74D10F
:1094F00008B0BDE8704002B07047022B86894CD09E
:10950000052B2BD0012BF3D1C288B54242F00103C9
:10951000C38000F0C18003F00203002BE8D05CE0C0
:10952000C388DB0763D4A389AB4200F08180A37BAF
:10953000012BDDD101230322294604A801F03EFDC1
:109540006389A2899D423ED19542E38834D023F0BD
:1095500001039BB223F01403E380C9E7C288B5423C
:1095600042F00403C38000F09B8003F00803002B4B
:10957000BED0A1880123052204A801F01FFDB7E792
:109580008389AB4203D1E38843F00803E380E38897
:1095900003F00403002BABD0EBE7AE4200F0848075
:1095A000E38803F0020313BBE388D80602D4A27B4E
:1095B000012A4AD0AE42CAD123F003039BB223F062
:1095C0001C039BB205E0954292D1E38823F00A0385
:1095D0009BB223F02003E3808AE701231A46A18887
:1095E00004A801F0EBFC23890133238180E70123E8
:1095F000A1880222684601F0E1FC63899D422FD0D8
:10960000A289AA4241D0A1880123032204A801F023
:10961000D5FC6389B34203D1E28842F01002E280B4
:10962000A289B2428ED1E18841F02001E18089E730
:10963000E288910602D4A37B012B0ED0B5421346DB
:10964000C4D122F0020293B2B9E703F00402002A67
:109650003FF470AF012304226EE702F00802F6E740
:10966000E28802F004010029CDD0B34211D0A389D1
:10967000B342C8D102F00802002AC4D0A188012355
:10968000042204A801F09AFCC3E7E28802F0080172
:10969000E9E702F00402EFE742F00302C28022E7AA
:1096A00042F00C02C28072E7E38803F001037AE71C
:1096B0002DE9F047DFF87C9086B004461F460E4641
:1096C0001546FCF789FED9F800C0184B23604FF00F
:1096D0000008A7806681A58184F80E80BCF1000F88
:1096E0001FD0134B04934FF0C00ACDF8148004AF81
:1096F000CDF808A097E8030023468DE80300424612
:1097000031466046FFF77CFECDF808A097E80300DD
:109710008DE803004246D9F8000023462946FFF7AA
:109720006FFE204606B0BDE8F08700BF94860300B8
:10973000B19402005C42002081737047C3889A068E
:1097400010B5044608D4406A03682146DB6998478F
:10975000E38843F02003E380DB0606D4D4E90A3033
:109760009842B4BF0020012010BD002010BD00BFF2
:1097700010B50446406A074B0168236003F13002CC
:109780000B6AE260214698472046FEF77FFD20469F
:1097900010BD00BFBC86030010B50446406A084BEC
:1097A0000168236003F130020B6AE26021469847AA
:1097B0002046FEF76BFD20460DF0ABFC204610BDA9
:1097C000BC860300F0B5002683B01D461746012372
:1097D0000A89CDE900660446FEF7DAFE0B4B2360EA
:1097E0003033C4E90A566762E3602046FFF7A6FFFC
:1097F000B54207DAE3884FF4FA72C4E90A6243F02B
:109800001003E380204603B0F0BD00BFBC86030018
:1098100038B5044600F10C0528460121FDF76AFA27
:10982000E0690A4A03685B68934207D128466FF4EF
:109830007D740021FDF75EFA204638BD984700216F
:1098400004462846FDF756FA204638BDE1F60100E9
:1098500070B5044600F10C0630460D460121FDF7B7
:1098600049FAE069094A03681B68934205D130460A
:109870000021BDE87040FDF73DBA294698473046C3
:109880000021BDE87040FDF735BA00BF7106020047
:109890001F4AB0F806C04B0030B51CF0100F82FB19
:1098A000034E4FEAE373C3EB6E130BD14FF0620C20
:1098B0000CFB01F182FB0142C917C1EB6211194493
:1098C000C16230BD826AF2B96222114C02FB01F121
:1098D00084FB015EC26AC917C1EB6E11013A1944DB
:1098E000C2628162002AECD101EB810384FB032474
:1098F000DB17C3EB641302310B442CF0100C8362B2
:10990000A0F806C030BD9142B8BF1146DCE700BFE9
:109910001F85EB5110B50446FEF7A2FD606A03688F
:1099200021461B6A9847E38823F020030020E38048
:1099300010BD00BF38B50446A0F10C052846FEF75F
:109940008FFDA069036829461B6A984734F8063CD6
:1099500023F02003002024F8063C38BD30B4456BCA
:10996000002D16DD8446021D002302E00133AB42C8
:109970000FD052F8044F8C42F8D16A1C02335CF8C5
:109980002220013DCCF83450002030BC4CF823207C
:1099900070476FF47A7030BC704700BF82B010B56A
:1099A0008C4684B049688646DCF800000DF1080C4E
:1099B000ACE8030006A981E80C00DDE90243DA0700
:1099C0000EEB630C03D55A105EF802301C5908AB3D
:1099D00093E803008DE8030006AB0CCB6046A0477C
:1099E00004B0BDE8104002B0704700BF38B5456B09
:1099F0000A2D1CD0002D844608460EDD0CF1040211
:109A0000002301E09D4208D052F8044F844203F144
:109A10000103F7D16FF47A7038BDAB1C01354CF8F7
:109A20002300CCF83450FFF7F3FE002038BD6FF46C
:109A30007B7038BD82B02DE9F04708A981E80C00A1
:109A4000426B002A804619DD324F051D0024012695
:109A500004E00134A24283F830600FDD55F8043F82
:109A6000D8690168896CB942F3D08847D8F83420A6
:109A70002B680134A24283F83060EFDC0120FCF750
:109A8000A5FCD8F83000DFF890A003681B685345A8
:109A900037D10026D8F83420B146002A27DD00242B
:109AA00008F10405274602E00134A2421ADD55F808
:109AB000040F90F83030002BF6D0FFF7A9FE2A688B
:109AC00001283146104602D0936AB34203DC82F883
:109AD0003090FFF7DDFED8F834200134A24207F1C0
:109AE0000107E4DC164417B1B6F57A7FD5DDD8F866
:109AF000300003681B68534506D1BDE8F04702B04B
:109B0000704701219847C4E7BDE8F047002102B043
:109B1000184700BF9D19020071060200F0B5214BE5
:109B20001D68214B8DB0044603606DB306A8012665
:109B3000A78801F091FA1820ADF80A60ADF8087016
:109B40000DF0E9FA2421024601960091EC46034605
:109B50000490BCE8030042F80C4B0026DE6056601F
:109B60005860996000200021CDE90A011222ADF869
:109B70000C202A68059692680C490D4858618A4263
:109B80000CD102A8FCF77EFB0A4A22600023204683
:109B9000E380FBF769FB20460DB0F0BD6146284627
:109BA0009047EEE75C420020F88603008DEC010050
:109BB0009D9902000883030010B50446FFF7AEFF2D
:109BC00020460DF0A6FA204610BD00BF70B5074B29
:109BD00000250446C0E900350E46FBF7D7FA044BD2
:109BE00023602563A6806563204670BD088303005B
:109BF000F886030000207047704700BF704700BF21
:109C0000002070470048704716FCFFFF0020704797
:109C100041607047406870470048704716FCFFFF7E
:109C2000704700BFC1607047C068003818BF01208E
:109C3000704700BF0023C360704700BF006903681E
:109C40001B691847006903685B6918470069036866
:109C50009B6918470346006959600368DB69184728
:109C6000C06810B103681B6818470148704700BFFF
:109C700012FCFFFFC06882B08DE80C0018B10368C9
:109C800002B01B68184702B0704700BFC160704740
:109C900010B5044601F0ACFC204610BD10B50446DA
:109CA0000DF037FA204610BD10B5054B036003F1E7
:109CB000380204468260183001F0C8FC204610BD0E
:109CC000A487030010B5074B036003F13802044674
:109CD0008260183001F0BAFC20460DF01AFA2046D6
:109CE00010BD00BFA487030082B010B58C4684B0BD
:109CF00049688646DCF800000DF1080CACE803006A
:109D000006A981E80C00DDE90243DA070EEB630CDB
:109D100003D55A105EF802301C5908AB93E80300D3
:109D20008DE8030006AB0CCB6046A04704B0BDE84D
:109D3000104002B0704700BF4B7F10B504462BB1F6
:109D400009690B681B689847204610BD0B771831CE
:109D500001F072FC204610BD30B5457F85B0044649
:109D60003DB1C068E8B103681B6805B0BDE830408C
:109D7000184701690B6868461B689847694604F1F3
:109D8000180001F06BFC684601F060FC0123A28A18
:109D90002377684640F2FF3101F010F9284605B0FC
:109DA00030BD0148FBE700BF12FCFFFFA0F1080037
:109DB000FFF7D2BF406810B103681B68184701481D
:109DC000704700BF12FCFFFF38B50B4B0A68044612
:109DD000002503F1380052682360C4E90351A060F4
:109DE000084604F108019047206965600368294628
:109DF000DB699847204638BD6087030038B5124BB1
:109E00000A680446002503F1380052682360C4E95B
:109E10000351A060084604F108019047206965607D
:109E200003682946DB699847084B236003F1380231
:109E3000A26004F1180001F0DBFB4FF48073A582EF
:109E4000A383204638BD00BF60870300A4870300BA
:109E5000417741B92DE9F041858A82B004461DB1B0
:109E600002B0BDE8F0817047FFF778FA204BA0827E
:109E7000D3F800800746B8F1000FF1D028200DF08C
:109E80004AF90646103001F0E7F840F2FF3333801C
:109E9000778018200DF03FF9164A0092024601958E
:109EA00042F80C4BC56055606A460346C6E9020598
:109EB00003CA114A586099605A6100220023C6E91A
:109EC0000823D8F800300D4A5B6812219342B18014
:109ED00008D13046FCF7D6F9304602B0BDE8F04173
:109EE0000DF017B93146404698470028B8D0F0E742
:109EF0005C420020759C0200E99C020085EC010098
:109F000010B50549054A8160002304460260C380FC
:109F1000FBF7AAF9204610BD108803000883030050
:109F200010B50749074A8160002304460260C380D8
:109F3000FBF79AF920460DF0ECF8204610BD00BF63
:109F4000108803000883030090F84430012B08D9DF
:109F5000C388DB0610B5044602D590F845300BB136
:109F600010BD70474830FCF7ADF80028F8D10F4B12
:109F70001868FDF705FBD4E91632C01A61EB02013F
:109F8000322871F10001EBD3E068E388026823F026
:109F90001003D269E38001219047E388022223F075
:109FA000200384F84420E38010BD00BF504200200D
:109FB0002DE9F04FC1682DED0A8B0B688FB08046FC
:109FC0001B6805A89847D8F80C00059A0368043266
:109FD0001B690092984730F00403824600F0C88164
:109FE000082800F0CA81DFEDCB9A4FF48073012777
:109FF000C8F81830059B5B88B3FBF7F30193002B7F
:10A0000000F0CB814FF000099FEDC39ADFEDC38ACA
:10A010009FEDC3BADFEDC3BADFEDC3AA9FEDC5AABA
:10A02000CDF80890D8F81850019B9D4200F3148198
:10A03000009C25440022A542CDE90A22CDE90C224C
:10A0400040F2B781CDF80C80B84EDDF80890934609
:10A05000904603E09DF82C80DDF828B056F82A30B1
:10A0600020469847002818BF49F00109B8F1000FB1
:10A0700000F01C815845C0F219819DF83430002B46
:10A0800000F00B810C9B9842C0F207813C44A54232
:10A09000E0D8DDF800B00A9BCDF808900022D14648
:10A0A00047F6FE74DA46984693460DE00C998842CE
:10A0B00000F0EC805845C8BF0FFA80FBBA44A042BC
:10A0C000B8BF04B2554512D956F8291050468847F2
:10A0D0004045EBD19DF82C100029E7D000210DEB75
:10A0E000C101BA440020554581F82C00ECD804F198
:10A0F00028035B45DDF80C80CA465A4600F3F2801F
:10A10000121B02EBD27253106FF0270B1BB200220E
:10A1100008EE103AABEB0403009CCDF80C80D1465E
:10A12000934692469846204656F8293098473C4434
:10A13000404420EAE070A5420BF1010B00FB00AAAD
:10A14000F1D8524692FBFBF207EE902AF8EEE77A3E
:10A15000DDF80C80F5EE407AF1EE10FACA4600F117
:10A160002181B1EEE7CAB8EEC88A98ED097A28EEE7
:10A17000298AC8EE097A67EE877AC7EEA87A17EEC1
:10A18000900A0BF07FFE07EE900AB3EE047A67EEBA
:10A19000877A98ED0A7AF4EEC77AF1EE10FA08D4CD
:10A1A000F0EEE76AF4EE4B6AF1EE10FA98BFB0EE0B
:10A1B000677AB8F80630D8F8182088ED077A43F0A7
:10A1C0002001A8F806100199891A019100991144FB
:10A1D0000091990707D4D8ED047AF4EEC77AF1EE2E
:10A1E00010FA00F186805A0707D4D8ED057AF4EE0C
:10A1F000C77AF1EE10FA00F39F8098F83C30002BFC
:10A200005BD0D8ED107AF4EECC7AF1EE10FA01D5ED
:10A2100088ED10CADFED467AB4EEE7CAF1EE10FA27
:10A2200056DCD8F83830023B0B2B07D8D8ED107A23
:10A23000F4EEEB7AF1EE10FA80F28E80D8F834303A
:10A2400088ED10AA00220133C8E90D3288F83C20BD
:10A25000019B002B7FF4E6AE08F148042046DDF8B0
:10A260000890FBF72FFF00287EDDB9F1000F40F0CA
:10A270008980B8F80630DB0600F1888005A801F077
:10A28000E5F90FB0BDEC0A8BBDE8F08F9DF83410F6
:10A2900000293FF40FAF012121E701230DEBC30398
:10A2A0004FF00102986283F82C20EFE601238DF82D
:10A2B0003430CDF830B00023F0E7B4EEEACAF1EE66
:10A2C00010FAAEDDD8F83430132BAADD88ED10CAB1
:10A2D000D8F83830002101330122C8E90D1388F87D
:10A2E0003C20B5E7631C1BB21B1B03EBD3735B1055
:10A2F0000AE70123B8F80410022206A800F05EFE67
:10A30000B8F8063023F0040343F00203A8F806303F
:10A3100073E700BF0000804300FEFF46ACC5A737CF
:10A32000FFFF7F7F0000964300004843802000200D
:10A330000000C8420000000001231A46B8F80410CB
:10A3400006A800F03BFEB8F8063023F0020343F005
:10A350000403A8F8063050E7B8F8041001230822D7
:10A3600006A800F02BFE69E7B9F1000F86D180E75F
:10A370008023F7EE009A02273AE65FED129A402317
:10A38000042735E62046FBF761FE77E7094B18689E
:10A39000FDF7F6F8C8E9160170E708F14800FBF789
:10A3A00091FE66E717EE900A0BF0FCFD0CEE100A2A
:10A3B000D9E6FFDE5042002008B590F84430012B6A
:10A3C0000CD9C388DB0603D5FFF7F2FD002008BDDA
:10A3D00090F84530002BF7D1002008BD013380F8FC
:10A3E0004430002008BD00BF08B590F83C30012B78
:10A3F0000ED930F8023CDB0604D50838FFF7D8FD4B
:10A40000002008BD90F83D30002BF6D1002008BD9B
:10A41000013380F83C30002008BD00BF2DE9F8432F
:10A42000002598461F4B0360456004460E461746BC
:10A43000BDF82890FAF7AAFE1B4921602831A160D7
:10A440002A462946E66004F14800FBF745FDE3880B
:10A45000DDED097AA4F8445043F4005343F01103AE
:10A46000E3803368C4ED0A7A5A68DDED087AA4F80F
:10A4700004900023E36123640123236384F82C30D8
:10A4800080233046C4F814802761C4ED097A6563DF
:10A49000A56384F83C5004F10801A361904720466D
:10A4A000BDE8F88308830300E887030070B5434ED6
:10A4B000044630680D46FDF763F8E388C4E91601E9
:10A4C000D80608D4E06843F01003E3800368022153
:10A4D000DB699847E388990626D594ED077ADFED86
:10A4E000387ADFED386A77EE677A6A1C67EEA67A0B
:10A4F00008BF236BF5EEC07A18BF2B46F1EE10FAB9
:10A500000BD4022B14D19FED307AF4EEC77AF1EE22
:10A5100010FAD8BFB0EE677A01E0022B04D0B5EE96
:10A52000407AF1EE10FA03D104F14800FBF7DEFCAB
:10A530003068FDF725F8D4ED076ADFED217A9FED4D
:10A54000217A76EEE77A6B1C67EE877A08BF256B77
:10A55000F5EEC07AF1EE10FAC4E9160123D49FEDAE
:10A560001A7AF4EEC77AF1EE10FAC8BFF0EE477A25
:10A57000022D1DD0B2EE027AF4EEC77AF1EE10FA97
:10A580000EDBB3EE056AF4EEC67AF1EE10FA07D8E8
:10A5900077EEC77ADFED0D6AB7EE087AE7EE876AE5
:10A5A00016EE900A70BD022DFAD1DFED096AF7E7C9
:10A5B000F0EE676A16EE900A70BD00BF50420020B0
:10A5C000000050420000AA4000007F4300001842F3
:10A5D0000000000090F8452001324FF0FF3180F874
:10A5E0004520FFF763BF00BF90F84530013B80F87E
:10A5F0004530704781627047806A003818BF01207B
:10A60000704700BF8068704781600020704700BFBE
:10A61000F0B5CB680D6A9D42A8BF1D4683B00C46BD
:10A62000012201F110070646294601A800F0E6FFC5
:10A6300001A9384601F012F801A801F007F82069D5
:10A64000A1692A4604300CF0E7FD236AA2695B1B6E
:10A650002A44002B2362A26118D1636A002B23DDF8
:10A66000013B6362BBB1E36962692362002BA261B3
:10A6700004DDA06A03681B689847236A43B1394622
:10A68000304600F0D9FF304603B0F0BDF1DCF6E70C
:10A69000636A002BF3D194F82C30002BEFD004F137
:10A6A0003000FBF79DFCEAE7F5D0DCE738B504465F
:10A6B0000C4B40F8103B04F1300500F099FF0022EC
:10A6C00001212846FBF708FC002101224FF480738A
:10A6D0002846C4E902232464A162FBF707FC204654
:10A6E00038BD00BF1C88030010B50446806A88B1DD
:10A6F000002A0FDD73B1C4E9051101684FF0000CA9
:10A70000096884F82CC06362C4E90722884794F87A
:10A710002C3003B910BD04F13000BDE81040FBF748
:10A72000E5BB00BF0078704790F90000704700BF9C
:10A7300000887047B0F90000704700BF0068000A49
:10A74000704700BF00680012704700BF0068704784
:10A750000068704701707047018070470180704742
:10A760000A120B14017042708370704701607047C9
:10A77000016070474069704708299ABF4161002015
:10A780006FF47A70704700BF2DE9F04FD1ED087A71
:10A7900089B00C46FDEEE77A0490CDED037A00F027
:10A7A00027FF206903681B699847656980460DB9D2
:10A7B00060610546216901350B6805EBD5756D10A3
:10A7C0001B68029506A898476369069A08F1010676
:10A7D00006EBD6760133761003EBD373578897FBDD
:10A7E000F6F7B6EB630F07FB05F205927ED00599ED
:10A7F000012207A800F002FF049807A900F02EFF2D
:10A8000007A800F023FF049B06981A68002F00F1A8
:10A81000040B02F104056EDD4FF00009DFF8E0A043
:10A82000CDF804905AF828205846904794F82820EC
:10A83000B34422B1019B03440193039BC01A07EE6A
:10A84000900A94ED077A636A6269F8EEE77A28461F
:10A8500067EE877A09F10109FDEEE77A17EE901AA3
:10A860001943264B53F822209047029B4F451D4425
:10A87000D8D194F82830F3B1DDED017A94F829307D
:10A88000B8EEE77A07EE907AF8EEE77AC7EE276A35
:10A890003BB1F6EE007A66EEA76A94ED087AE7EE31
:10A8A000276AA2690123C4ED086A84F8293072B9C5
:10A8B000012384F82A30DDE90441204600F060FFDE
:10A8C00006A800F0C3FE204609B0BDE8F08FFDEEFB
:10A8D000E67A039917EE903A5B1A002BB8BF5B42F9
:10A8E0009A42E8DD012384F82A30E4E7049806A9B7
:10A8F00000F0B4FE87E700230193BAE75C20002054
:10A9000080200020017070472DE9F0410446DDE908
:10A91000068716461D46FFF757FA114B236038335A
:10A92000A360214604F12C00FFF768FA0023B8F178
:10A93000080F84F8285085F0010598BFC4F81480EA
:10A9400000229F4208BF45F001052262E66184F8BB
:10A950002A50636284F82930A7612046BDE8F0815F
:10A96000488803002C30FFF7F7B900BF2430FFF709
:10A97000F3B900BF10B5074B036003F1380204467A
:10A9800082602C30FFF790F92046FFF749F9204606
:10A9900010BD00BF48880300084B10B503F1380212
:10A9A0000446036082602C30FFF77EF92046FFF7F3
:10A9B00037F920460CF0ADFB204610BD4888030057
:10A9C0004369586903681B69184700BF43695869A0
:10A9D00003685B69184700BF03460022C3E90612FB
:10A9E00008461A62704700BF2DE9F041074600F1A2
:10A9F000140400F13C06002554F8043F18464BB1FE
:10AA00001B681B6A9847A84204DD206803681B6A1C
:10AA100098470546B442EFD1786903682946DB6957
:10AA2000BDE8F041184700BF00F1140300F13C02FB
:10AA300053F8040F78B110B4C4688C4208D0934224
:10AA40000DD053F8040F0028F9D0C4688C42F6D119
:10AA50005DF8044B70479342EAD100207047002014
:10AA60005DF8044B704700BF436910B50446586950
:10AA700003689B699847D4ED067A07EE100AF8EE52
:10AA8000E77AC7EE277A17EE900A10BD0164704787
:10AA900070B50C460546FFF7BDF8A04200D170BD69
:10AAA00021462846FFF7B4F8686903682146DB6849
:10AAB000BDE87040184700BF10B5054B036003F1B7
:10AAC0003C0204468260FFF7ABF8204610BD00BF91
:10AAD0008C88030010B5064B036003F13C0204466A
:10AAE0008260FFF79DF820460CF013FB204610BD56
:10AAF0008C880300094B10B503F12C020446C0E911
:10AB000000320C3000F0A2FD054A62600023201DD7
:10AB10006381FAF7A9FB204610BD00BFD48803006B
:10AB200008830300F0B583B001F10C07044601A8C7
:10AB30000D4600F05DFD01A9384600F09FFD064678
:10AB400001A800F083FD5EB169690B6801A81B686C
:10AB5000984701A9384600F081FD01A800F076FD74
:10AB60003946204600F068FD204603B0F0BD00BF26
:10AB700070B5036C82B004462BB11B7803F0FF0064
:10AB80000BB902B070BD04F1140504F13C0655F890
:10AB9000043F184613B11B68DB6A9847B542F6D1EB
:10ABA00001A800F025FD01A904F10C0000F056FDFC
:10ABB00001A800F04BFD0148E3E700BF12FCFFFFD6
:10ABC0000A4B10B503F12C020446C0E900320C30E8
:10ABD00000F03CFD064A626000236381201DFAF705
:10ABE00043FB20460CF095FA204610BDD4880300A4
:10ABF0000883030038B50B4B40F8043C03F12C02EA
:10AC0000044640F8082B00F021FD074A226000238B
:10AC1000251FE3802046FAF727FB28460CF079FA37
:10AC2000284638BDD48803000883030038B500F1F6
:10AC300014020D46002352F8044FAC4204D00133F5
:10AC40000A2BF8D1002038BD026906330021013AF1
:10AC500040F82310026175B12B68094A9B6A934240
:10AC60000BD1084B2B603C33AB602846FEF7D8FF76
:10AC700028460CF04EFA012038BD28469847FAE7DE
:10AC8000D5AA02008C88030038B50A4B40F8043C72
:10AC9000054603F12C02044645F80429083000F06B
:10ACA000D5FC054A226000232046E380FAF7DCFA4F
:10ACB000284638BDD488030008830300F8B507464A
:10ACC00000F11403002453F8045F2DB101340A2C61
:10ACD000F9D100263046F8BD24200CF01CFA0646B7
:10ACE00008200CF018FA0C4B456001460360304612
:10ACF000FFF76AF8094B3A6933603C330634B360B6
:10AD000001231A4447F82460C6E9063535627761A5
:10AD1000F5603A613046F8BD348703008C88030043
:10AD20002DE9F04F8B6985B0012B0190904655D0ED
:10AD30004B69586903681B690C469847471CD8F84B
:10AD40000030A1695D8807EBD7777F10064695FB39
:10AD5000F7F5012295FBF1F103A801FB077100F063
:10AD60004DFC039907FB05F501F1040A002D51463E
:10AD700024DDDFF87C9004354FF0040BD8F8000098
:10AD800059F8263058449847D4E90732A16901336D
:10AD900010448B42C4E907300ADB90FBF1F1134BFE
:10ADA000504653F8263098470023C4E90733BA4485
:10ADB0000BF1010B5D45E1D103990431AAEB0101CF
:10ADC00003A800F0DDFC03A9019800F035FC03A8FE
:10ADD00000F03CFC019805B0BDE8F08F114600F092
:10ADE0002BFC019805B0BDE8F08F00BF5C2000206F
:10ADF0008020002030B50D4649690B6885B00446B7
:10AE00001B6902A8984702A903A800F015FC4FF09F
:10AE1000FF33294603AA009320460023FFF780FF53
:10AE200003A800F013FC02A800F010FC204605B0B7
:10AE300030BD00BFF8B50446114B12480026C4E9E6
:10AE40000003A660201D0D461746FAF79FF90E4B2A
:10AE500023602C33636004F10C0000F0C9FB28224E
:10AE60003146656127812661266404F118000CF0E3
:10AE700097F92B6828465B68214698472046F8BD1D
:10AE80000883030028870300D4880300024A11685E
:10AE90007E22C0E900127047A4200020034A034626
:10AEA00092E8030083E803001846704754420020EC
:10AEB000A1F120035E2B07D8006805226FF09F03E5
:10AEC00011FB02310844704700207047034A044BCD
:10AED00011687E22C3E90012704700BFA420002041
:10AEE00054420020017042704360704782B010B439
:10AEF00001AC84E80C0001AA03468C4607CA9DF801
:10AF0000104083E8070094B19CF8010018B1494251
:10AF10005242C3E90112DCF80420022A2BD0032A92
:10AF200030D0012A13D0012C19D0022C04D05DF8A6
:10AF3000044B184602B07047D3E901125DF8044B88
:10AF4000494252421846C3E9011202B07047D3E9A0
:10AF50000021012CC2F10002C3E90012E5D1D3E9BE
:10AF600000109A685DF8044B5242C3E900019A60F0
:10AF7000184602B07047D3E9001249425242C3E971
:10AF80000012D0E7D3E900125242C3E90021CAE718
:10AF900082B010B582B004AC84E80C00069B00932C
:10AFA0000B78019304AB0CCB0446FFF79FFF2046C0
:10AFB00002B0BDE8104002B0704700BF70B582B06B
:10AFC0000180428004461D46FCF71AFDC4E90201D7
:10AFD00015B9204602B070BD094B1D68002DF8D090
:10AFE0002A68084B16689E42F3D004F1080393E8E0
:10AFF00003008DE80300284694E80C00B047E8E71A
:10B000005C4200205D8D020070B582B09DED067B34
:10B010009DF82030018080ED027B0446428013B908
:10B02000204602B070BD0A4B1D68002DF8D02A687A
:10B03000084B16689E42F3D000F1080393E8030022
:10B040008DE80300284694E80C00B047E8E700BF0D
:10B050005C4200205D8D020010B5002303600446B1
:10B06000FCF7CEFCC4E90201204610BD30B50B4B05
:10B070001C6883B024B12168094A0D68954201D14A
:10B0800003B030BD00F10802034692E803008DE8EA
:10B09000030020460CCBA84703B030BD5C42002023
:10B0A0005D8D020082B038B5002504A90560044614
:10B0B00081E80C00FCF7A4FC04AB0FCB256184E80D
:10B0C0000F002046BDE8384002B0704710B5044676
:10B0D000006800F075FC204610BD00BF2DE9F84364
:10B0E00017460622804601FB07200E461D46FBF749
:10B0F00043F8C8F8000000F08BFCD8F800401FFAB5
:10B1000087F96680A4F80490BDB1A6B1B945A8BF7F
:10B11000B9460634B9F1000F0DD000272946204664
:10B1200032460CF079F8D8F8003001375B88B94521
:10B1300035441C44F2D1BDE8F88316FB09F22946D8
:10B14000A01DBDE8F8430CF02BB800BF014B036015
:10B15000704700BFF88A030051EA02032DE9F0416D
:10B16000044618D4062001FB02000E4615460FFACD
:10B1700081F817B2FBF700F8206000F049FC206866
:10B1800008FB07F246808580002106300CF008F8A5
:10B190002046BDE8F081024B03602046BDE8F08107
:10B1A000F88A030010B50B6804461846236000F0C7
:10B1B000EBFB204610BD00BF2DE9F041064684B0F0
:10B1C00000296AD00A780D46002A6CD04FF0000C96
:10B1D0000B46E6466046644606E00A2A204451D003
:10B1E000002413F8012F42B1A2F130010929F4D84B
:10B1F00013F8012F0124002AF6D10FFA8CF2002A4D
:10B2000048DB0FFA8EF3002B44DB062113FB021000
:10B210001FFA8CF21FFA8EF3174603FB02F49846CE
:10B22000FAF7AAFF306000F0F3FB3068224647804F
:10B23000A0F80480002106300BF0B2FF37682B78AD
:10B240000637DBB101AC22464FF0000804E002F8FB
:10B25000013B15F8013F8BB1A3F130010929F6D963
:10B26000A24282F80080F4D920460BF06CFF07F868
:10B27000010B15F8013F2246002BEDD1304604B0FA
:10B28000BDE8F0818445B8BF844600200EF1010E70
:10B290000446A6E7064F3760D1E7054B036030460A
:10B2A00004B0BDE8F0811446904617460620B7E783
:10B2B000F88A03000068438882880021063003FB77
:10B2C00002F20BF06DBF00BF0068B0F802C061452C
:10B2D00011DA00B5B0F804E0724509DA51EA020E5D
:10B2E00006D408440CFB0202002093715DF804FBB5
:10B2F0006FF47A70FAE76FF47A7070472DE9F84FBF
:10B300000746884639689DF82800B1F802C06245B2
:10B3100041DA8D88AB423EDAD8F80040668802EB0D
:10B32000060ABAF1000F36DDB4F8049003EB090BFE
:10B33000BBF1000F2FDD002A30DBACEB020AB24577
:10B34000A8BFB246002B5DDBED1AA945A8BFA946F0
:10B35000A51D22EAE272002B01F10606C8BF0CFB14
:10B360000322164440BBB9F1000FC8BF044613DDE9
:10B370002946304652460BF04FFFD8F800305B8824
:10B380001D443B6801345B884C451E44F0D104FBEE
:10B390000AF0BDE8F88F0020BDE8F88FE245A8BFAD
:10B3A000E246002BC2F1000E3ADBED1AA945A8BF18
:10B3B000A946A51D7544CCE7B9F1000FEBDD4FF0B0
:10B3C000000E70460AF1FF3BBAF1000F10DD6B1E54
:10B3D000B44605EB0B0213F8014F14B18CF8004092
:10B3E000013093420CF1010CF5D13968D8F80040D6
:10B3F00063880EF1010E1D444B88CE451E44E3D1F7
:10B40000BDE8F88FAB45D9464FF0000EA8BFA9465E
:10B41000A51D06FB13EE754422EAE2728E1DA0E71D
:10B42000AB45D946A8BFA946A51DF2E72DE9F043D3
:10B43000044683B0684615461F460E46FFF72EFDAC
:10B4400023685A88954237DA9B889F4234DA1F2E48
:10B4500032D9019B9E422FDC31466846FFF728FD1A
:10B4600010263A46471DAE464FF0000C21684B8827
:10B470009E4511DAB1F80480424546FA0CF9714450
:10B480000ADA90F8008003FB021108EA0903003B86
:10B4900018BF01235B428B710CF1010CBCF1050F4D
:10B4A0000EF1010EE2D10130B84202F10102DAD10F
:10B4B000002003B0BDE8F0836FF47A70F9E700BFB5
:10B4C00003682DE9F0410E1E5F8824DDBE429A8894
:10B4D00003F1060418DAA2B18046BF1B0025A119AA
:10B4E0003A4620460BF098FE3246E01900210BF058
:10B4F00057FED8F800305A889B8801359D42144485
:10B50000EDDB0020BDE8F08107FB02F200212046C0
:10B510000BF046FEF5E76FF47A70F3E72DE9F84F8C
:10B5200000AFD1F80090FD6ABE6A1C461D44B9F810
:10B53000023002EB0608984582463EDAB8F1000F69
:10B54000D8BF9846B9F80460B54202DA002DC8BFEA
:10B550002E4603FB042206FB08F3073323F0070300
:10B56000ADEB030D09F10605A6421544EB46C8BF35
:10B570006B460CDD4246294618460BF04DFE013461
:10B58000B9F802200346A64215443344F2D10FFA1B
:10B5900088F100290ADB32B2002A07DB50465B46FD
:10B5A000FFF79CFD5046BD46BDE8F88F044BCAF836
:10B5B00000305046BD46BDE8F88F9846C2E700BF50
:10B5C000F88A030008B5064B0648186000F0DCF95D
:10B5D000BDE80840044A054901480BF095BD00BF8D
:10B5E00060420020F88A030040200020CDB0020015
:10B5F000014B0360704700BF008B030070B50D1E48
:10B6000004460CDD281D1646FAF7B6FD206000F052
:10B61000FFF92068012E458005D0204670BD054BFE
:10B620000360204670BD2A46002104300BF0B8FDAF
:10B63000204670BD008B030010B50B680446184609
:10B64000236000F0A1F9204610BD00BF10B50446EC
:10B65000006800F0B5F9204610BD00BF38B50B6892
:10B6600004460068984206D00D4600F0A9F9286803
:10B67000206000F089F9204638BD00BF00680968E5
:10B6800088420ED008B54A8843889A4201D00020EB
:10B6900008BD043104300BF05AFDB0FA80F04009C7
:10B6A00008BD0120704700BFB2F1000C19DB006833
:10B6B000428808B51FFA8CFE96450FD833EA23035B
:10B6C00028BF1346A2EB0C029A4200F10400A8BF67
:10B6D0001A4660440BF064FD002008BD6FF47A70D8
:10B6E00008BD6FF47A707047002B70B50D46164692
:10B6F00002DA03685B889B1A002E20DB0068428810
:10B70000991991421BDCB14219DBC3B135F00041FC
:10B7100015D05942A94213DAAB4211DD0430002D95
:10B7200006441FDB5C1B2246711930460BF01FFDDF
:10B730002A4630190021BDE870400BF031BD70BDC4
:10B74000B1B28A42FBD333EA230328BF1346921BCC
:10B7500004309A423044A8BF1A46BDE87040002128
:10B760000BF01EBD5A193146701B6D420BF0FFFCE9
:10B770002A4630460021BDE870400BF011BD00BFE5
:10B78000002906DB03685A888A4202DB59800020C0
:10B7900070476FF47A70704710B50446006800F087
:10B7A0000FF9204610BD00BF30B50B4685B00546E9
:10B7B00001A91846F9F70EFC01A80BF03BFD044661
:10B7C0000530FAF7D9FC286000F022F928682246F3
:10B7D000448001A904300BF01FFD2B682344002294
:10B7E00028461A7105B030BD70B5044611B10B780A
:10B7F0000D461BB90D4B2360204670BD08460BF06B
:10B8000019FD06460530FAF7B7FC206000F000F994
:10B81000206832464680294604300BF0FDFC236840
:10B82000334400221A71204670BD00BF048B030010
:10B83000F8B517460A683B68B2F90250B3F902300E
:10B840001D440446681D0E46FAF796FC206000F081
:10B85000DFF8206831684580B1F9022004300431F6
:10B860000BF0DAFC326823683968B2F90200B1F9EA
:10B8700002200433184404310BF0CEFC23682B441F
:10B8800000221A712046F8BDF8B5054649B10B787B
:10B890000C4633B1084697B216460BF0CBFC8742F4
:10B8A00003D90B4B2B602846F8BD701DFAF764FCDA
:10B8B000286000F0ADF82868324647802146043001
:10B8C0000BF0AAFC2B68334400221A712846F8BDFD
:10B8D000048B030010B50B6804461846236000F083
:10B8E00053F8204610BD00BF014B0360704700BFF6
:10B8F000048B030038B50B6804460068984206D0F4
:10B900000D4600F05DF82868206000F03DF8204604
:10B9100038BD00BF136870B55E880D6804465EB11F
:10B920006D881DB1FFF784FF204670BD0360184687
:10B9300000F02AF8204670BD0560284600F024F883
:10B94000204670BD002907DB0368B3F902208A4254
:10B9500002DD0B44187970470020704708B5064B8C
:10B960000648186000F010F8BDE80840044A054990
:10B9700001480BF0C9BB00BF64420020048B0300E8
:10B980004020002099B7020003884FF6FF729BB257
:10B99000934214D0012B10B5044601D0DB0702D42A
:10B9A0001E20F2F715FFBFF35B8FD4E85F3F023331
:10B9B000C4E8523F002AF8D1BFF35B8F10BD704737
:10B9C00003884FF6FF729BB2934218D0012B10B53B
:10B9D000044610D0DB070ED5BFF35B8FD4E85F3F82
:10B9E0009A1EC4E8512F0029F8D1BFF35B8F9BB298
:10B9F000032B05D010BD1E20F2F7EAFEECE77047DE
:10BA00002046BDE8104000F001B800BFFAF7EEBBD9
:10BA100003230380704700BF82B030B583B006A90E
:10BA200081E80C0008AB8646844693E803005EF884
:10BA3000045B8DE8030006AB0CCBDCF814407146C8
:10BA40002846A04703B0BDE8304002B0704700BFB1
:10BA500008B502680B689A4201D0002008BD102288
:10BA6000043104300BF073FBB0FA80F0400908BDDC
:10BA700004207047042914BF01480020704700BF0C
:10BA800016FCFFFF8268054B106993FBF0F007EE90
:10BA9000900AF8EEE77A17EE900A704740420F00DE
:10BAA000837D43F020038375704700BF807DC0F322
:10BAB0004010704710B50C310446FFF7BDFD20461D
:10BAC00010BD00BF807D00F01000704730B5837D51
:10BAD00013F0100483B002D1204603B030BD0546F8
:10BAE00001A8AC68FFF784FD03F0A4F8E37D7F3381
:10BAF00004EB830101A8FFF7B1FD1D4C03F060F8D2
:10BB00000023E87D1A4602F151010901615801B193
:10BB10000133904202F1010227D0082AF3D1154BDC
:10BB2000019A141D48F6880CE15A6145234411D04E
:10BB300052881444AA68927D520003E0985A6045E6
:10BB400005D00B46A34203EB0201F7D39B1AB3F9CE
:10BB500000302B822C8A01A824B2FFF777FD24EA5B
:10BB6000E474A4B2204603B030BD013B5B00D7E7CC
:10BB7000007000402EF8FFFF072914D8032A12D8BE
:10BB800010B4C37D01761B0103F1804342EA012416
:10BB900003F5E043427644F480540020C3F818458E
:10BBA0005DF8044B70476FF47A7070478176704788
:10BBB00010B504468069036800219B6B9847A06913
:10BBC00003684FF47A51DB6C9847A07D2169012806
:10BBD0000346B8BF012303EB8303B1FBF3F3B3F5D3
:10BBE000807FA8BF4FF480735B1047D000225B10AA
:10BBF00002F10102FBD107EE901AF8EE677AB3EE7C
:10BC0000007A012867EE877A2BD9082AA8BF082274
:10BC10000123934007EE103AF8EEC76A184A87EE00
:10BC2000A67A0021C2F8F415A0690168C4F80432AC
:10BC3000CB6B0021FDEEC77A17EE902A9847A369D7
:10BC4000104A5B69104801210224C3F80012C2F8AF
:10BC5000084503F5A074C2F81845C2F81C05D96060
:10BC600010BD012303FA02F106EE901A0449F8EE22
:10BC7000E66AC1F8F42587EEA67AD5E71A46BAE750
:10BC80000070004000F00140047000402DE9F04FCA
:10BC900085B00025CDE90023D04A02604560044606
:10BCA0000E46F9F773FACE4ADFF84C832260283249
:10BCB000A260A661C4F81C8004F11C06A581646220
:10BCC00004F12800FFF794FC314604F1380684F8AB
:10BCD00032503046FEF792F8A26A84F833500227B9
:10BCE0005288E28530464FF4007629462686A7869C
:10BCF000A58584F83650FEF7ABF804F15809C4F86E
:10BD00005880246604F16400FFF772FC494604F190
:10BD1000740984F86E504846FEF770F8626E484623
:10BD20004FF0010984F86F905288A4F86A202946E0
:10BD3000A4F86C60A4F87070A4F8685084F872508D
:10BD4000FEF786F804F1940AC4F89480C4F89C4085
:10BD500004F1A000FFF74CFC514604F1B00A84F84E
:10BD6000AA505046FEF74AF8D4F8A02084F8AB70E9
:10BD70005288A4F8A62029465046A4F8A860A4F842
:10BD8000AC70A4F8A45084F8AE50FEF761F804F14A
:10BD9000D00AC4F8D080C4F8D84004F1DC00FFF722
:10BDA00027FC514604F1EC0A84F8E6505046FEF7B1
:10BDB00025F8D4F8DC2050464FF0030A84F8E7A0B9
:10BDC0005288A4F8E2202946A4F8E460A4F8E870B8
:10BDD000A4F8E05084F8EA50FEF73AF804F5867BC0
:10BDE000C4F80C81C4F8144104F58C70FFF700FC12
:10BDF000594604F5947B84F822515846FDF7FEFF1E
:10BE0000D4F81821042184F823115288A4F81E21A3
:10BE100029465846A4F82061A4F82471A4F81C51BE
:10BE200084F82651FEF714F804F5A47BC4F8488181
:10BE3000C4F8504104F5AA70FFF7DAFB594604F53F
:10BE4000B27B84F85E515846FDF7D8FFD4F85421F0
:10BE5000052184F85F115288A4F85A2129465846D2
:10BE6000A4F85C61A4F86071A4F8585184F8625198
:10BE7000FDF7EEFF04F5C27BC4F88481C4F88C4161
:10BE800004F5C870FFF7B4FB594604F5D07B84F87D
:10BE90009A515846FDF7B2FFD4F89021062184F854
:10BEA0009B115288A4F8962129465846A4F8986117
:10BEB000A4F89C71A4F8945184F89E51FDF7C8FF32
:10BEC000C4F8C081C4F8C84104F5E07804F5E67010
:10BED000FFF78EFB414604F5EE7884F8D6514046D4
:10BEE000FDF78CFFD4F8CC21072184F8D7115288B4
:10BEF000A4F8D22129464046A4F8D871A4F8D46108
:10BF000004F5FE78A4F8D05184F8DA51FDF7A0FFCB
:10BF1000A7194046FFF76CFB3846FFF769FB019B0A
:10BF2000A380009B2361A68231462A46C4F804926E
:10BF3000A57584F8085203A8FFF760FB4FF0FF33A4
:10BF40002A46882103A8FFF7AFFB03A94046FFF765
:10BF500085FB03A8FFF77AFBA18A224E2A4603A895
:10BF6000FFF74CFB4FF0FF332A46882103A8FFF769
:10BF70009BFB03A93846FFF771FB03A8FFF766FB9D
:10BF8000194BE57580271C60C6F88070BFF34F8F92
:10BF9000BFF36F8F154A164B1649C3F8005523207F
:10BFA000C3F8F0A5C3F80403C2F808952046C2F808
:10BFB0001015C2F81435FFF7FBFD86F80753A0698A
:10BFC000C6F88071036837605B6A9847A0690368A8
:10BFD0001B6B9847204605B0BDE8F08F088303002F
:10BFE000408B030000E100E06842002000F00140C7
:10BFF0000070004004710040108B030090F808327C
:10C00000002B40F0B2802DE9F043594F85B0D7F8AE
:10C0100040260092D7F844260192D7F8482602928B
:10C02000054603F0FF00C7F8FC0F0123D7F8FC2FEB
:10C03000C7F8FC3F009BC7F84036019BC7F8443661
:10C04000029AC7F848260323C7F80005C7F8F03559
:10C050002323C7F80433AE46A87506460246804639
:10C0600016E05FFA89F6AE75BEF834309EF83340BC
:10C070005BBA43F4805307EB04149BB2082AC4F85C
:10C0800018350EF13C0EC1F81025C1F814851ED0EC
:10C09000C2EB021405EB8404110194F832C01301C1
:10C0A00001F180411CF0100406F1010901F5E041A5
:10C0B00002F1010203F18043D3D103F5E043082AE2
:10C0C000C3F810450EF13C0EC3F81445E0D116B983
:10C0D00005B0BDE8F083264E01242846C6F8004589
:10C0E000FFF766FDEF7DA98A00227F3703A8FFF7DF
:10C0F00085FA05EB87074FF0FF330022882103A85C
:10C10000FFF7D2FA03A93846FFF7A8FA03A8FFF70A
:10C110009DFAEA7DAB7DD5F8041205EB820203FBA4
:10C1200001F1D2F8FC2103F10043A1400432013BAC
:10C13000C6F82C2602EB4302AB8A93FBF1F301FB1A
:10C1400003F32341C6F830360A4B34600321C3F8A9
:10C15000041548F6880185F8084213889BB28B4283
:10C16000FBD0012005B0BDE8F0830120704700BF7F
:10C170000070004000F0014007EE901AB7EE007A20
:10C18000F4EEC77AF1EE10FA10B5044606D49FED2E
:10C190001F7AF4EEC77AF1EE10FA10DD23681C4A1C
:10C1A0009B6993422BD1A2681A4B126993FBF2F35D
:10C1B00007EE903AF8EEE77A17EE900A10BDC7EE58
:10C1C000276A806890F80832FDEEE66ADBB1124B10
:10C1D0000322C3F80825114AD2F80034DB07FBD448
:10C1E0000123936090F80832002BFBD1C0ED046A64
:10C1F000FFF704FF2368064A9B699342D3D0204689
:10C20000BDE810401847C0ED046AC7E70024744930
:10C2100085BA020040420F0000F00140007000406B
:10C22000F9B18B7DDA0601D50020704790F808320D
:10C2300010B573B10C4B0D4A0324C3F80845D2F86E
:10C240000034DB07FBD40123936090F80832002B05
:10C25000FBD18B7D43F010038B75FFF7CFFE0020E1
:10C2600010BD6FF47A70704700F00140007000401C
:10C27000F8B50D460446097D14481746FAF784F8C8
:10C2800058B1297D1148FAF749F8461E37B93701E8
:10C29000BF1B04EB870404F11C00F8BDC6EB0611BC
:10C2A00004EB81011C312046FFF7BAFF2B68084AD6
:10C2B000DB6D93424FEA061702D100232373E7E7B1
:10C2C0002846002204F108019847E1E76C8B03003F
:10C2D000BD19020019B38B7DDA061ED590F808321D
:10C2E000BBB1104B104A10B50324C3F80845D2F86F
:10C2F0000034DB07FBD40123936090F80832002B55
:10C30000FBD18B7D03F0EF038B75FFF777FE0020E9
:10C3100010BD8B7D03F0EF038B75002070476FF429
:10C320007A70704700F001400070004010B5837DC6
:10C330000229044603F0100303D0012900D85BB999
:10C3400010BD002BFCD180682146FFF769FFA37D5B
:10C3500043F01003A37510BD80682146FFF7BAFFB4
:10C36000A37D03F0EF03A37510BD00BF38B50C46E5
:10C370000546097D0F48FAF707F890B1217D0D4871
:10C38000F9F7CCFF431EC3EB03139C0004F11C011F
:10C3900029442846FFF79EFF2B1993F83220D20636
:10C3A000FBD42B7B1BB12B6828469B699847002048
:10C3B00038BD00BF6C8B0300A0F10800FFF7D6BFAB
:10C3C00010B5F9B190F8083203F0FF0173B11B4BBF
:10C3D0001B4A0324C3F80845D2F80034DC07FBD419
:10C3E0000123936090F80832002BFBD1154B164ABD
:10C3F000197013681549C3F3C0101B0608700CD4DC
:10C40000002010BD114B1B7883B90E4B1B78002BFD
:10C41000F6D0FFF7F3FD002010BD8023C2F8803076
:10C42000BFF34F8FBFF36F8F002010BD064B8022EC
:10C430001A60044B1B78002BE2D0EAE700F00140C1
:10C4400000700040494B002000E100E0484B002014
:10C450002DE9F04F0546807D85B0C00699460E9FB8
:10C46000AB7E55D5002B54D10E687388B2EB530FB9
:10C470004FEA63044FDA043606EB440406EB420647
:10C48000A046023CA21B521092FBF9F309FB1322B7
:10C49000002AF5D1B4F900302B82AB7D9B063AD54A
:10C4A000B9F1010F4ED0B5F91200EB68011DB0458E
:10C4B000B3F802B019442ED905F10C0314464FEA23
:10C4C00049099246019307E0B5F912205A4518D060
:10C4D000B04520D9B5F9120058451FD0B6F9002053
:10C4E0000134BC4292444E44EED19AFBF4FA21F856
:10C4F00002AB6A8A023212B200245A456A82A2460C
:10C50000E6D105F11C000091FDF726FC0099DFE75C
:10C510000BB1013BAB7605B0BDE8F08F0122B5F958
:10C52000141003A8FFF76AF803A90198FFF796F81B
:10C5300003A8FFF78BF8E96800236B82B1F802B01B
:10C540000431CBE705F10C00FFF788F8EB685B8856
:10C550006B8205F11C0005B0BDE8F04FFDF7FCBB98
:10C560002DE9F043434BD3F8042185B006461AB9B0
:10C57000D3F81431002B43D096F817803D4F08F1C3
:10C58000010303F00103F375D7F8341608F17F08AF
:10C5900006EB8808490040460024FFF7F1F8A14661
:10C5A00006F11C0504E00134082C05F13C051CD003
:10C5B00004F151031B01FB58002BF4D0414603A8A2
:10C5C000FFF73AF8D6F80422B37D009228464A468F
:10C5D00003A9FFF73DFF013403A8FFF737F8082C44
:10C5E00009F1010905F13C05E2D1224BD3F8042100
:10C5F00012B10022C3F804211E4BD3F8142132B922
:10C600001C4CD4F8003163B905B0BDE8F0830022BA
:10C61000184CC3F8142186F80822D4F80031002BF6
:10C62000F2D0F57DB18A013505F0010505F17F07EE
:10C63000002203A8FEF7E2FF06EB87074FF0FF3367
:10C640000022882103A8FFF72FF806EB850603A92F
:10C650003846FFF703F803A8FEF7F8FFD6F8FC31D9
:10C6600000220433C4F82C36C4F8002105B0BDE81C
:10C67000F08300BF00700040024B186808B1FFF75C
:10C680006FBF704768420020F8B5134B036003F199
:10C6900028020546826000F50070FEF7D7FF05F519
:10C6A000FE70FEF7D3FF0D4F05F5EE742E1F44F814
:10C6B0001C7C2046FDF7F8FAA4F110003C3CFEF784
:10C6C000C5FFB442F3D1064A2A6000232846EB8016
:10C6D000F8F7CAFD2846F8BD408B0300108B030015
:10C6E00008830300F8B5154B036003F128020546E3
:10C6F000826000F50070FEF7A9FF05F5FE70FEF7F9
:10C70000A5FF0F4F05F5EE742E1F44F81C7C204644
:10C71000FDF7CAFAA4F110003C3CFEF797FFB442C3
:10C72000F3D1084A2A600023EB802846F8F79CFDE5
:10C7300028460AF0EEFC2846F8BD00BF408B0300F7
:10C74000108B0300088303001B4A436991420BD8F6
:10C7500000214FF0CC72C3F80015C3F8242506223F
:10C76000C3F8002500207047144A914217D9144A93
:10C77000914210B44FF0C8604FF0000408BF4FF072
:10C78000C462C3F80045C3F8240508BFC3F82425D4
:10C79000062200205DF8044BC3F8002570470021F5
:10C7A0004FF08062C3F80015C3F824250622C3F8B1
:10C7B00000250020704700BF8FD003007F1A0600BD
:10C7C000801A0600704700BF10B504460AF0A1FCAD
:10C7D000204610BDF0B585B01E468DF80F209DF89F
:10C7E0002C3002680093176A01230DF10F020446F2
:10C7F0000D46B84738B9236800909F6A0A9B3246B5
:10C8000029462046B84705B0F0BD00BFC3688B423B
:10C8100010B504460ED003698B420BD023793BB18F
:10C820002368094A9B6B934220460AD10AF071FCA7
:10C83000002010BD23680022DB6B1146204698477C
:10C84000ECE79847002010BDC9C70200C368002B61
:10C850003CD070B504460069002836D00368012139
:10C860001B689847E068036801211B68984704200B
:10C87000F9F7AEFD0025E068036802219B68984740
:10C88000014600BB206903681B6898470420F9F73C
:10C890009FFD2069036801211B689847013504202A
:10C8A000F9F796FD092DE6D1E068036800211B68C1
:10C8B00098470420F9F78CFDE0680368BDE87040F4
:10C8C0001B6801211847002DEED170BD704700BFD5
:10C8D00038B50B460446154600F10C011A46FAF726
:10C8E0000BFA2A4604F110012046FAF705FA6269AC
:10C8F000E3680025C2F80055F3B12369E3B10121D3
:10C900002046FAF7F7F90621E06801F021F906213F
:10C91000206901F01DF92046FFF798FFE0680368E1
:10C9200002219B6898472069036802219B68984709
:10C9300029462046FAF7DEF90A20F9F749FDD4E93D
:10C940000423B2B1157DE26882B1107DC3F80855A9
:10C950004FF0CC710622C3F80C05C3F824150A2049
:10C96000C3F80025F9F734FD002038BD4FF0FF3043
:10C97000ECE74FF0FF35E6E7F8B504461D460E46F6
:10C980001746FAF7A9F9114B23600023C4E90233D3
:10C9900023615DB1284602F0E1F9606160B13A4679
:10C9A00031462046FFF794FF2046F8BD012002F0F3
:10C9B000F3F960610028F2D15A20F1F709FF3A46F5
:10C9C00031462046FFF784FF2046F8BDBC8B0300AC
:10C9D000F0B543698EB283B09C590546002C56D100
:10C9E000334F0BE0D3F8482592B9632C4FDC0A2073
:10C9F000F9F7EEFC6B699A59002A48D1D3F8242143
:10CA00002ABBBC4223D0D3F850210134002AE9D1FB
:10CA1000632CECDDD3F8602152B1D3F80022D105AC
:10CA200006D5D3F848211AB90122DA610024DEE7DD
:10CA3000D3F86021002ADAD0D3F800229205D6D5A7
:10CA4000D3F80421002AD2D101225A61EEE7D3F8AB
:10CA5000C414C3F8C4140022C3F82421D3F8242139
:10CA6000019201220199134C1A625A6101E0013CC2
:10CA700016D00A20F9F7ACFC6B69D3F80431002B0F
:10CA8000F5D0A8680C4C30B9204603B0F0BDA868BA
:10CA900000240028F8D0F9F79BFC204603B0F0BD35
:10CAA0002B682A69DB6BE96828469847E9E700BFED
:10CAB00041420F00A08601000EFCFFFF70B44469E4
:10CAC000C1F3470189B0C4F888150021C4F80411E6
:10CAD000D4F804510695069DC4F82411D4F82451C5
:10CAE0000595059DC4F86011D4F860510495049D26
:10CAF000C4F85C11D4F85C510395039DC4F850113F
:10CB0000D4F850510295029DC4F84C11D4F84C5100
:10CB10009DF830600195019DC4F84425C4F848355E
:10CB2000AEB14FF480720123C4F80022A360D4F8A0
:10CB3000482132B12362C4F84811D4F84831079330
:10CB4000079B4FF4A47109B070BCFFF741BF4FF4CD
:10CB500000720123C4F80022A360D4F848212AB946
:10CB60004FF4827109B070BCFFF732BF2362C4F882
:10CB70004861D4F848310793079BF1E770B54469E1
:10CB8000C1F3470188B0C4F888150021C4F8041126
:10CB90000546D4F8040106900698C4F82411D4F888
:10CBA000240105900598C4F86011D4F86001049040
:10CBB0000498C4F85C11D4F85C0103900398C4F89D
:10CBC0005011D4F8500102900298C4F84C11D4F8D6
:10CBD0004C019DF8306001900198C4F83425C4F8E8
:10CBE0003835E6B101232360D4F8482132B12362FD
:10CBF000C4F84811D4F848310793079B4FF4AE713D
:10CC00002846FFF7E5FE18BB6B6901224FF4A471BB
:10CC10002846DA6108B0BDE87040FFF7D9BE4FF48E
:10CC200080520123C4F800222360D4F848213AB985
:10CC30004FF48271284608B0BDE87040FFF7C8BEC7
:10CC40002362C4F84861D4F848310793079BEFE7A3
:10CC5000014808B070BD00BF0EFCFFFF0C4B10B5C3
:10CC600003F12C0103F138020446C0E9021203600B
:10CC70003030FEF7EBFC04F12C00FEF7E7FC054A30
:10CC8000226000232046E380F8F7EEFA204610BD2C
:10CC9000048C03000883030038B5446991F814C07C
:10CCA00000234FF0FF3504EB83020133D2F8601507
:10CCB000614508BFC2F86055042BF4D1037C13B161
:10CCC00003689B699847002038BD00BFA0F10C00A5
:10CCD000FFF7E2BF0E4B03F12C0103F1380210B550
:10CCE0000446C0E9021203603030FEF7AFFC04F1E5
:10CCF0002C00FEF7ABFC074A22600023E3802046AD
:10CD0000F8F7B2FA20460AF004FA204610BD00BF38
:10CD1000048C0300088303004369D3F808057047B7
:10CD200007EE901AB0EE677ABEEECE7A844617EE22
:10CD3000102AB2F5004F22DB0023013342FA03F13F
:10CD4000B1F5004FF9DA072B1CDC01FA03F2002AD7
:10CD5000B8BF0F32121107EE902ADFED0C6ADCF833
:10CD60001400F8EEE77AC0F80C3586EEA77AC0F822
:10CD700008150020CCED097A8CED087A7047114631
:10CD80000023E4E76FF47A70704700BF0024744911
:10CD9000406A704743690020C3F81015704700BF10
:10CDA00043698176C27649B1012004213022C3F85B
:10CDB0001405C3F80012C3F8042370473022C3F8E7
:10CDC0001415C3F80012C3F80823704770B590F922
:10CDD0002930044682B0C069002B39D10D46A0B974
:10CDE000A37E7BB1637E6BB1E37E5BB9636922484E
:10CDF00003EB411301220821C3F82005C3F82415D1
:10CE000084F82920002002B070BD616B0B6805F129
:10CE10000B061B6801A804EB8606984701A930465B
:10CE2000FEF71CFC01A8FEF711FC04EB8502636908
:10CE3000D26AE169508803EB451304324010C3F80D
:10CE400020250139C3F824050120E16102B070BD3D
:10CE5000626901235360D2F80431002BFBD0002318
:10CE6000637623850028CDD023680138DB69E06133
:10CE7000204698470020C6E77836002038B5C369B9
:10CE8000817E01330446C36119B1637E63B1002022
:10CE900038BDFFF79BFFC8B1636901229A60A37E8A
:10CEA000002BF2D1002038BD012594F828106576BA
:10CEB0002046FFF78BFF94F828302B442B4084F852
:10CEC00028303BB9636901229A60E0E7E37E002BDA
:10CED000E5D0E1E7E36913B900236376D7E7294694
:10CEE0002046FFF773FF94F82830013303F0010365
:10CEF00084F82830002BEFD1E4E700BFA0F1080050
:10CF0000FFF7BCBF38B5134B1C6834B16369D3F865
:10CF1000102172B9D3F8143103B938BD002584F853
:10CF2000285001212046FFF751FF6369C3F81451CF
:10CF300038BD012384F8283000212046FFF746FF42
:10CF400063690022C3F81021D3F81431002BE4D018
:10CF5000E4E700BF6C42002038B5134B5C6834B185
:10CF60006369D3F8102172B9D3F8143103B938BD0D
:10CF7000002584F8285001212046FFF727FF636928
:10CF8000C3F8145138BD012384F82830002120460D
:10CF9000FFF71CFF63690022C3F81021D3F8143196
:10CFA000002BE4D0E4E700BF6C42002038B5134BFF
:10CFB0009C6834B16369D3F8102172B9D3F8143185
:10CFC00003B938BD002584F8285001212046FFF719
:10CFD000FDFE6369C3F8145138BD012384F828307D
:10CFE00000212046FFF7F2FE63690022C3F81021FA
:10CFF000D3F81431002BE4D0E4E700BF6C420020EA
:10D00000426900230376C2F800357047032A35DCF5
:10D0100070B50C4602F5AC754169237D51F82520A9
:10D020009A42064616D0236816491A6E8A4219D1CA
:10D030001A6815498A421CD1DB6D144A7169207D3A
:10D0400041F82500934207D100233374E38843F06D
:10D050000803E380002070BD002206F10C01204689
:10D060009847F3E720469047236807491A688A42A1
:10D07000E2D00021204690472368DDE76FF47A7004
:10D08000704700BFC119020071060200BD190200FD
:10D0900070B505680F4C2A6AA24218D144698446CB
:10D0A000087D00234FF0FF3604EB83020133D2F8F2
:10D0B0006015814208BFC2F86065042BF4D19CF86A
:10D0C000103013B1AB6960469847002070BDBDE8D1
:10D0D0007040104799CC0200C3688B420AD070B5EB
:10D0E00005460C46164613B103681B6E9847267119
:10D0F000EC6070BD704700BF90F804C01CF0020FD8
:10D1000030D000292BDB002A29DD002B27DDB429B4
:10D11000A8BFB42109B2C1EB411C01EB8C0C4FEA52
:10D12000CC0C11494FEA9C0CA1FB0C1C02EBD271F8
:10D13000A3EB61034FF47A7101FB03F310B44FEAE0
:10D140009C0C046802FB0C32084B246BD11783FB48
:10D150000232C1EBA21123465DF8044B18476FF46D
:10D160007A70704702487047176CC116D34D621031
:10D1700016FCFFFFC08800F00500003818BF012032
:10D18000704700BF037D1F2B8CBF0A4A4FF0A0429F
:10D1900003F01F03D2F81415012202FA03F30B4225
:10D1A00006D1C08800F00A00003818BF012070477F
:10D1B0001046704700030050C08810F0030018BFED
:10D1C00001207047C08800F00C00003818BF012013
:10D1D000704700BF03684FF47A729B6B02FB01F14A
:10D1E000184700BF027D41711F2A8CBF0D4B4FF0C5
:10D1F000A04302F01F0203EB82030129D3F80007CA
:10D2000020F00C0207D0022908BF40F00C02C3F83E
:10D2100000270020704742F00402C3F800270020D6
:10D22000704700BF00030050D0F8103521EA030119
:10D23000C0F81815704700BFD0F810350B40C0F883
:10D240001835704738B5037D04461F2B03F01F00C7
:10D250004FF0010202FA00F28CBF13484FF0A040D9
:10D260000D46D0F81435134201D0002038BD91B9D5
:10D27000C0F80C251146FFF7DFFFD0F81435134234
:10D280000FD0236820461B6E9847236829461B68E9
:10D2900020469847E9E7C0F808251146FFF7C4FF84
:10D2A000EBE7024838BD00BF0003005012FCFFFF4F
:10D2B00038B5C3889B0704460D4604D5C06838B30B
:10D2C000F9F716FD20BB236820461B6E9847207D8A
:10D2D000012300F01F0293409DB11F2827D91E494A
:10D2E000C1F808351C4B03EB8203E288D3F8001722
:10D2F00042F0020241F00101C3F800170020E28071
:10D3000038BD1F281AD84FF0A041C1F80C3512E0E3
:10D31000227D012302F01F018B409DB11F2A8CBF8B
:10D320000D4A4FF0A0420020C2F8083538BD4FF03A
:10D33000A041C1F808354FF0A043D4E70649C1F831
:10D340000C35CFE71F2A8CBF034A4FF0A0420020C4
:10D35000C2F80C3538BD00BF0003005038B5037962
:10D360009A071FD5C3885B07044617D50E4B18686C
:10D37000C0B101222146FEF77BFF054690B1E0686F
:10D3800010B1F9F7B5FC18B9E38843F00403E38062
:10D390002846FEF79BFBC0F30F1038BD03681B6ED9
:10D3A0009847E3E7014838BD7C42002016FCFFFFA8
:10D3B000C3881B0739D570B51D4D1E4C28682DED4F
:10D3C000028B08EE101AFFF7A7FCF8EE487A08EE79
:10D3D000900A17EE901A2868FFF7A2FCF8EEE88A88
:10D3E00004F108062388286808EE103AFFF794FC39
:10D3F00007EE900AB8EE488AF8EEE77A67EE887A88
:10D4000087EEA87ABCEEC77A17EE103A24F8023BF2
:10D41000B442E7D1084B0749186808220123FDF7F9
:10D4200063F9BDEC028B002070BD0448704700BF5B
:10D4300088420020804200208C42002016FCFFFF22
:10D4400008B5C3881B0701D4064808BD064B1868F9
:10D45000FFF79EFC07EE900AFCEEE77A17EE900AC3
:10D4600008BD00BF16FCFFFF884200200368244A65
:10D470009B6A934210B5044630D1C3885B052CD417
:10D48000E068B0B1F9F734FC98B9E068E388026865
:10D4900043F480631268E38021469047194BE168AA
:10D4A0001A6802B10C329142237D1BD00022E26047
:10D4B00000E0237D1F2B8CBF134A4FF0A04203F0E6
:10D4C0001F0302EB8303E288D3F8001702F43062F3
:10D4D00021F44031C3F80017E28010BD98470028BE
:10D4E000CED010BD094A4FF0FF0C101D12F9011BE0
:10D4F000994208BF02F801CC9042F7D1D6E700BFAD
:10D500004D1902008842002000030050A82000208E
:10D5100002680F49D26B8A4208B513D1C3881B0732
:10D5200001D40C4808BD0C4B1868FFF731FC07EE1E
:10D53000900AFCEEE77A094B17EE900AA3FB003045
:10D54000800908BD9047054BA3FB0030800908BD4A
:10D5500041D402003689410088420020D34D621038
:10D5600070B50568154E6A6CB24204461FD10B4671
:10D57000017D43711F298CBF114A4FF0A04201F079
:10D580001F0102EB8102012BD2F8000720F00C01F1
:10D590000AD0022B08BF40F00C016B68C2F80017DC
:10D5A0002046BDE87040184741F00401F5E7904778
:10D5B000256820466B68BDE870401847E5D1020039
:10D5C0000003005038B5C388DB07044613D5C06894
:10D5D00010B1F9F78DFB70B1237D1F2B45D9294A76
:10D5E000D2F8102503F01F030120984010400038A6
:10D5F00018BF012038BD236820461B6E9847227D46
:10D600001F2A2FD91F4B204802F01F0C03EB8C035D
:10D61000D3F8001721F00301C3F80017E18841F0A7
:10D620000101E18021684D6C6179854223D1D3F8F5
:10D630000047012924F00C001AD0022908BF44F049
:10D640000C00C3F800071F2A8CBF0E4B4FF0A043FD
:10D650000120D3F8103500FA0CF01840003818BF3C
:10D66000012038BD4FF0A043CDE74FF0A042B7E70F
:10D6700040F00400E5E72046A847227D02F01F0C99
:10D68000E1E700BF00030050E5D1020038B51546C0
:10D690004FF48072C280018100220E4903712F2D48
:10D6A0004FF00103C0E90322044605750160437190
:10D6B0000CD80949094B41F825404FF00042C3F806
:10D6C0000423074B402220461A6038BD3220F1F770
:10D6D0007FF8EEE7488C0300904200200060004095
:10D6E00000E100E00379DB0748D52DE9F041C3886C
:10D6F000DA0682B004460D4636D4236820461B6EF7
:10D700009847012D236851D05B68204698472368CD
:10D710002420DF6D09F0FFFC0023CDE90033214612
:10D72000012322890546FAF733FF3C4B9F4205F15E
:10D730000C062CD1E3689E4222D01BB12368204600
:10D740001B6E9847E388E66023F40063012243F0F0
:10D7500011032A74E38056F80C3CDB69A6F10C0037
:10D7600002B0BDE8F0411847C3F3C0238B42C4D1D7
:10D77000C668BBB1002EEED13368FFDE2848704783
:10D78000E38823F4006343F01103E380E3E73146C9
:10D7900001222046B847E388E66823F4006343F09B
:10D7A0001103E380002ED6D13368FFDE3420D3F896
:10D7B0005C8009F0B0FC1B4B21461A6840F6AC5364
:10D7C0000746FBF7FFFF154B984507F10C0617D1ED
:10D7D000E3689E420DD01BB1236820461B6E98471C
:10D7E000E3883D7443F4016343F00103E660E380A2
:10D7F000B1E7E38843F4016343F00103E380AAE760
:10D8000031462A462046C047E388E66843F4016370
:10D8100043F00103E380002E9DD1ADE7D9D0020093
:10D8200016FCFFFF78420020C188C1F3C021FFF73A
:10D8300059BF00BF10B5C388590684B0044614D43C
:10D840009A060AD41B0606D5236923B1012004B029
:10D85000BDE81040184704B010BD01232189022201
:10D860006846FDF7ABFBE388ECE70189002305225E
:10D870006846FDF7A3FBE3684BB1D96A029ADA6206
:10D880006846521A0023CDE90223FDF7EFFBE38837
:10D89000D6E700BF10B5C388590684B0044614D437
:10D8A0009A060AD41B0606D5236923B1002004B0CA
:10D8B000BDE81040184704B010BD012321890322A0
:10D8C0006846FDF77BFBE388ECE70189002304222F
:10D8D0006846FDF773FBE3684BB1D96A029ADA62D6
:10D8E0006846521A0023CDE90223FDF7BFFBE38807
:10D8F000D6E700BF2DE9F04BD0F8204584B00646AE
:10D900006CB3DFF890800D4601274FF01F0BB4FA7F
:10D9100084FCABEB0C03E91807FA03F258F82190EA
:10D9200024EA0204B9F1000F17D0B9F8062012F06A
:10D93000E00F06EB83030ED0D3F8002782F4803289
:10D94000C3F80027D3F80037DA0348461CD5FFF7A1
:10D9500071FFB9F80620930508D4002CD5D14FF0FB
:10D96000FF33C6F8203504B0BDE8F08BF8F79EFA17
:10D970000028F2D00123052240F2FF316846FDF76E
:10D980001DFB002CC1D1EAE7FFF784FFB9F80620A0
:10D99000E1E700BF9042002008B5094BD3F87C2195
:10D9A00002B908BD0021C3F87C114FF0A040FFF779
:10D9B000A1FFBDE8084003482021FFF79BBF00BF3F
:10D9C0000060004000030050C38813F0E00F70B502
:10D9D00004460D461FD103685B689847237D1F2BC3
:10D9E0008CBF364E4FF0A04603F01F0306EB8302B8
:10D9F000D2F8001721F44031C2F80017D2F800170E
:10DA0000002844D141F40031C2F8001701229A40A5
:10DA1000E388C6F820255A0616D5032D41D0E068C4
:10DA2000036821461B689847E388002223F0E0033F
:10DA3000E2609BB2022DE3802ED0012D2FD143F066
:10DA40008003E380002070BD23F0E003032D9BB230
:10DA5000F0D143F04003E380302009F05CFB214625
:10DA6000054608F073F9F9F7CBFF2368144ADE6D19
:10DA7000E86296421CD1E268954210D012B11B6E4A
:10DA80002046984701232B71E560002070BD41F4CA
:10DA90004031C2F80017B9E743F02003E3800020CB
:10DAA00070BD23F0E00343F04003E380002070BD2D
:10DAB000012229462046B047F1E700BF000300508D
:10DAC000D9D00200032908B50FDC002909DC19D1DF
:10DAD000C38803F0F00333B103681B6E984700203E
:10DAE00008BDFFF771FF002008BD04290AD10368B3
:10DAF0000749DB6A8B4208D1C188C1F3C021FFF717
:10DB0000F1FDF0E76FF47A7008BD9847EBE700BFCE
:10DB100029D8020038B5036804465B680D4698476B
:10DB2000E3885B0609D42368084A5B6D93424FF093
:10DB30000301204607D1FFF747FFE0682946BDE80B
:10DB4000384008F01DB99847F7E700BFC5DA020072
:10DB5000072913D8037D1F2B8CBF0A4A4FF0A04220
:10DB600003F01F0302EB83020020D2F8003723F4F6
:10DB7000E06343EA0121C2F8001770476FF47A703E
:10DB8000704700BF00030050037D00290CBF002137
:10DB90004FF440711F2B8CBF074A4FF0A04203F097
:10DBA0001F0302EB83020020D2F8003723F4E06366
:10DBB0000B43C2F80037704700030050027D1F2A54
:10DBC00088BF0A4B02F01F0298BF4FF0A04303EB3F
:10DBD0008203D3F8002722F44032C3F80027D3F899
:10DBE000002742EA0141C3F80017704700030050C4
:10DBF000F0B5164C236883B02BB1154D2E688EB14D
:10DC0000002003B0F0BD442009F085FA0546FCF77A
:10DC10004DFD284625600E4D0321FCF7F5FC2E68CE
:10DC2000002EEDD1382009F076FA13232268094935
:10DC300000930746084BEEF733FC38460122314685
:10DC40002F60FFF7ADF8002003B0F0BD8C4200203C
:10DC50008842002000C001400000484203799B0731
:10DC600061D5B1F5806F2DE9F0410E465DD2C388D4
:10DC70001A0705463FD52E4F297D3A464FF0FF340F
:10DC8000002312F9010B814208BF1C460133042B0B
:10DC9000F7D1631C33D0DFF8B080E86830B3F9F710
:10DCA00027F818B3D8F80000FFF736F807EE106A27
:10DCB0009FED206A2049214BB8EEC77AF7EE006A43
:10DCC000E7EE466A07EE900AF8EEE77A186867EE24
:10DCD000A67A0123FDEEE77A17EE902A21F81420A8
:10DCE0000822FCF701FD0020BDE8F081EB8843F03D
:10DCF0000803EB80D6E703681B6E9847BBE728460E
:10DD0000FFF776FF0E4BDFF840801C78D8F8000054
:10DD1000013404F003041C7022462B7D3B55294638
:10DD2000FFF774F9B9E7074870476FF47A70DBE7DB
:10DD3000A82000200000803A804200208C42002071
:10DD40002221002016FCFFFF8842002070B5184DEC
:10DD50002DED028B044608EE101AFFF749FF2868E4
:10DD6000FFF716F8DFED137A07EE100AB4EE677AC4
:10DD7000F1EE10FA15D1DFED107A9FED0E7A2368DF
:10DD8000B8EE488A204628EE278ADB68C8EE077A74
:10DD9000BDEC028BBDE87040FDEEE77A17EE901AFD
:10DDA000184717EE901A2868FEF7BAFFE3E700BF9E
:10DDB0008842002000409C460000804421B9436E08
:10DDC0004FF40472C3F8082300207047B1F5614F87
:10DDD00037D00FD847F6122399422BD0B1F5164F02
:10DDE00021D0B1F5165F3AD11E4A436E0020C3F828
:10DDF00024257047B1F5612F2AD01B4B99420BD0D7
:10DE0000436EB1F5613F14BF4FF0EB724FF06C728F
:10DE10000020C3F824257047436E4FF08052002045
:10DE2000C3F824257047436E4FF41D020020C3F849
:10DE300024257047436E4FF400020020C3F82425C8
:10DE40007047436E4FF46B020020C3F824257047DF
:10DE5000436E4FF070620020C3F8242570474FF0E6
:10DE6000EB72C2E70050270040420F0070B5044635
:10DE70000E4615462046F9F701FB0028FADC94F817
:10DE80003C3003F0FF00002BF4D1636E317D2A7D1E
:10DE9000C3F80C15C3F8142570BD00BF10B584B0CD
:10DEA00004468DF8071000F085FE18B994F83C3050
:10DEB000002BF8D100F07EFE636E60B10022C3F843
:10DEC0002021D3F8201103910399C3F85821D3F8E6
:10DED00058210292029A01220DF1070184F83C2098
:10DEE000C3F84415C3F848259A6000F063FE88B172
:10DEF000626ED2F82031D2F858110B43F9D059B9DB
:10DF00000123D360D2F85831002BFBD0002000232E
:10DF100084F83C3004B010BD0048F8E709FCFFFF6E
:10DF20000021F9F74BBA00BF90F83C3003B17047BD
:10DF300010B584B00446F9F7A1FAB8B1A28EA38E49
:10DF400094F830109BB20133B3FBF1F001FB1033B6
:10DF500092B22068E16A9BB2A386895C83692046FD
:10DF60009847A38E628E9BB29A4201D004B010BD36
:10DF70000123022240F2FF316846FDF71FF8F5E762
:10DF800010B5A9B9C3895A07044617D5636E04F1C1
:10DF900044012022C3F834150020C3F838254FF47B
:10DFA000047101222064C3F804131A60002010BD1C
:10DFB0000129FBD1FFF7B8FF002010BDF9F736F8B3
:10DFC000E3895B07E2D4002010BD00BF10B5214BF0
:10DFD000214A0446406E03F13C0182B02360A160F7
:10DFE000C0F8082300F02AFF00280CDB43091B4976
:10DFF00000F01F0020330122824041F82320BFF3AC
:10E000004F8FBFF36F8F606ED0F80032012223F084
:10E0100020030021C0F800324260C0F85811D0F847
:10E0200058310193019BC260D0F85831002BFBD0CE
:10E030004FF0FF330022C0F80025C0F80C35C0F8BF
:10E04000143500F0CDFE2046F9F726FA204602B03E
:10E0500010BD00BFBC8C03001403420000E100E0CF
:10E06000A0F10800FFF7B2BF10B50446FFF7AEFFFE
:10E07000204609F04EF8204610BD00BF10B5A0F1B3
:10E0800008042046FFF7A2FF204609F042F8204688
:10E0900010BD00BF70B50446406E0E4600F0CEFEC7
:10E0A0002268054636B3E18911F0200122D1936838
:10E0B000354A934265D1636E4FF40472C3F8082366
:10E0C0002046F9F7DBF90028FADC94F83C30002B05
:10E0D000F6D1002D44DB6B092C4905F01F052033D8
:10E0E0000122AA4041F82320BFF34F8FBFF36F8F67
:10E0F000002070BD002D0CDB05F01F016D09AD0087
:10E1000005F1604505F5614501238B40C5F8803177
:10E110002B6053681E4DAB422BD1E3895A0721D5A2
:10E12000636E04F144022021C3F83425C3F8381586
:10E130004FF4047200212164C3F8042301221A6001
:10E140002046F9F79BF9002806DD23685B68AB429F
:10E1500013D12046FFF7E8FEA16B2046F9F780F9BE
:10E16000002070BD2046F8F761FFE3895B07E7D523
:10E17000D6E7002120469847E2E70121204698474C
:10E18000EAE7204698479BE7BDDD020000E100E09A
:10E1900081DF0200A0F10800FFF77CBFF0B50C267C
:10E1A0008BB01D461423CDE90036044616460F46B3
:10E1B000F9F7B4F8494A226000233C3284F83C3035
:10E1C000A26063662364002D7CD0284600F0C6FD63
:10E1D000606600287CD04FF0EB73C0F82435002334
:10E1E000C0F86C352046F9F749F90028FADC94F8B4
:10E1F0003C3003F0FF05002BF4D1606E3A7D337D97
:10E20000C0F80C25C0F81435C0F80851D0F8083112
:10E210000993099BC0F81051D0F810310893089B5E
:10E22000C0F82051D0F820310793079BC0F8245143
:10E23000D0F824310693069BC0F84451D0F84431FD
:10E240000593059BC0F85851D0F858310493049BAE
:10E25000C0F84C51D0F84C310393039BD0F80032F6
:10E260001F4A204943F02003C0F80032C0F80423BD
:10E27000224600F017FE606E00F0E0FD00281ADB79
:10E28000430900F1604202F561429B0003F16043E3
:10E29000202182F8001303F5614300F01F000122E2
:10E2A0008240C3F880211A60636E08222046C3F8BA
:10E2B00000250BB0F0BD0C4B00F00F0003442022F2
:10E2C0001A76F1E7102000F067FD6066002882D121
:10E2D0005A20F0F77DFA606E7DE700BFBC8C03002A
:10E2E00014034A0035E30200FCEC00E030B5436E55
:10E2F000D3F83C55026CAA4283B0044606DA0022E9
:10E30000C3F80821D3F808310193019B236C9D4287
:10E310000BDD236C5A1C2344226493F844102046DE
:10E32000F8F7FEFD236CAB42F3DB0023236403B05C
:10E3300030BD00BF70B5456ED5F8083188B00446D1
:10E34000B3B1002610E0C5F80861D5F80831019393
:10E35000019B236C5A1C2344226493F84410F8F761
:10E36000DFFDD5F808311BB1236C1F2B2046EADDF9
:10E37000D5F81031002B3AD1D5F84C3173B10023C8
:10E38000C5F84C31D5F84C31626E0393202104F16D
:10E3900044030398C2F83435C2F83815D5F824314F
:10E3A00053B10023C5F82431D5F824310493049BDC
:10E3B000D5F88034C5F88034D5F8443133B1002322
:10E3C000C5F84431D5F844310593059BD5F8203183
:10E3D000C3B9D5F8583143B10023C5F85831D5F841
:10E3E00058210792079A84F83C3008B070BD00238A
:10E3F000C5F81031D5F8103102932046029BFFF783
:10E4000075FFB9E70023C5F82031D5F82021069221
:10E41000069A84F83C302046F9F730F8002802DCF0
:10E420000123EB60D5E72046F8F7D2FDD1E700BF26
:10E4300010B5034B03600446FBF770FB204610BD8C
:10E440001C8D030010B5054B03600446FBF766FB0B
:10E45000204608F05EFE204610BD00BF1C8D030064
:10E4600010B50446D4E90E2352694FF47A50002BBC
:10E47000D2F84415C2F8440522DA1A49626B00202A
:10E48000C1F81005013393FBF2F102FB1133E36392
:10E4900000F0D0FBD4E90E2352690121002BD1609A
:10E4A0000ADB02330F4A54F82330DB691B7D1B0261
:10E4B00043F00113C2F81035BDE8104000F080BBF6
:10E4C000023354F82300FBF7E3F90649E36B626B70
:10E4D0000020C1F81005002BD4D1012AD2D14FF071
:10E4E000FF33D4E70060004082B08DE80C00436B3E
:10E4F00013B102B0FFF7B4BF02B0704730B50F4C94
:10E50000236887B06BB102A8FCF7A6FD24680C4B0A
:10E510002268556A9D4206D1636B13B12046FFF70E
:10E520009FFF07B030BD06AB13E903008DE8030081
:10E5300002AB0CCB2046A84707B030BD50430020AB
:10E54000E9E4020070B50D4611460446FBF73EFBB8
:10E550001C4A2B681C499B6B14600026C4E90E56AC
:10E560002160284631469847A06B03684FF47A51E2
:10E57000DB6C9847A06B03684FF47A52DB6B314633
:10E580009847A06B114B124AC3F8202542690168D5
:10E5900044320425C3F824250E4AC3F80455CB6938
:10E5A000934209D10C4BC3604B6A9847A06B036838
:10E5B0009B6A9847204670BD07499847A06B016841
:10E5C000F2E700BF504300201C8D030000F0014023
:10E5D000006100407DEC0100FDE4020038B50D460D
:10E5E0000446FBF703FA00212846FBF731F9636B79
:10E5F000012B03D1A06B03685B6B9847002038BDEB
:10E6000038B50D460446FBF7A9F900212846FBF76B
:10E610001FF9636B13B9024AC2F81035002038BDE8
:10E6200000600040007A704790F91030002B11DB39
:10E630005A0910B460320A4C03F01F03012101FA99
:10E6400003F344F8223043695DF8044B01220020B3
:10E650001A607047436901221A600020704700BFAA
:10E6600000E100E090F91030002B08DB5809054963
:10E6700003F01F03012202FA03F341F820300020C7
:10E68000704700BF00E100E090F91030002B0DDB77
:10E690005A0907480121203203F01F0301FA03F34E
:10E6A00040F82230BFF34F8FBFF36F8F00207047C9
:10E6B00000E100E0012902D0022900D011B943692C
:10E6C000C3F8041500207047437A013B99420EDCE1
:10E6D00010B44FF48033446901F5A8708B4044F8BE
:10E6E00020200020C4F804335DF8044B70476FF419
:10E6F0007A707047437A013B994211DC10B4446947
:10E7000004EB8100D0F840351A444FF480338B403D
:10E71000C0F840250020C4F804335DF8044B70476E
:10E720006FF47A70704700BF437A013B994207DC6F
:10E7300042694FF480338B40C2F8083300207047A1
:10E740006FF47A70704700BF032907D8DFE801F043
:10E750001710020943690222C3F80825017200203C
:10E76000704743690322C3F80825017200207047EF
:10E7700043690022C3F808250172002070474369ED
:10E780000122C3F8082501720020704710B5044A21
:10E79000026000230446C380F6F766FD204610BDE4
:10E7A0000883030010B5064A026000230446C380B4
:10E7B000F6F75AFD204608F0ACFC204610BD00BF1D
:10E7C0000883030090F910304901002BC9B207DB20
:10E7D00003F1604303F56143002083F800137047A1
:10E7E000034A03F00F031A4400201176704700BF5C
:10E7F000FCEC00E0B1F57A5F17D810B4002344694F
:10E800004FF47A5020FA03F2914205D3C4F8103540
:10E8100000205DF8044B70470133092BF2D1C4F896
:10E82000103500205DF8044B70476FF47A70704724
:10E830000368104A1B6B934210B5044617D190F938
:10E840001030002B0DDB5A090B480121203203F058
:10E850001F0301FA03F340F82230BFF34F8FBFF3D9
:10E860006F8F636901225A6000201A6110BD9847BA
:10E87000F7E700BF89E6020000E100E090F9102010
:10E880000368002A70B5196B04462FDB53099B00FF
:10E8900003F1604303F56143204E1D6802F01F023F
:10E8A000D540B14205F001052ED1012101FA02F255
:10E8B000C3F88020BFF34F8FBFF36F8F63690122CE
:10E8C000DA64D3F84C657DB1236815499B6A8B42A5
:10E8D00016D194F91030002B06DB590903F01F0301
:10E8E0009A40104B43F82120304670BD0B4B9942A3
:10E8F0000CD143690122DA64D3F84C65304670BD0F
:10E9000020469847304670BD8847D7E788476369F7
:10E910000122DA64D3F84C65E6E700BF89E602001D
:10E9200065E6020000E100E090F9102038B50368C8
:10E93000002A196B044632DB53099B0003F1604344
:10E9400003F561431C481D6802F01F02D540814257
:10E9500005F0010528D1012101FA02F2C3F8802057
:10E96000BFF34F8FBFF36F8F62690123D360D3680A
:10E97000002BFCD18DB12368104A9B6A934216D1BB
:10E9800094F91030002B08DB58090D4903F01F03E0
:10E99000012202FA03F341F82030002038BD064B73
:10E9A00099424FF00005DFD020468847DCE720463B
:10E9B0009847002038BD00BF89E6020065E60200E6
:10E9C00000E100E010B5C9B9C288D10714D50168CB
:10E9D0001F4C896A22F00102A142C28033D190F912
:10E9E0001030002B08DB58091A4903F01F030122DD
:10E9F00002FA03F341F82030002010BD90F9101006
:10EA00000029F9DB4A09920002F1604202F56142F5
:10EA100001F01F01146824FA01FC1CF0010FEBD077
:10EA2000C488036844F001041B6BC4800A4CA342F1
:10EA30000BD101238B40C2F88030BFF34F8FBFF35F
:10EA40006F8F002010BD8847D6E79847D4E700BFF6
:10EA500065E6020000E100E089E602000F4B70B5B8
:10EA600053F82050CDB100236C6918464FF0010EC9
:10EA70001E4604EB83020EFA03FCD2F84011013368
:10EA800021B140EA0C00C2F84061C0B2042BF0D1C1
:10EA9000EB6813B1BDE87040184770BD54430020C7
:10EAA0000020FFF7DBBF00BF0120FFF7D7BF00BF8B
:10EAB0000220FFF7D3BF00BF0320FFF7CFBF00BF87
:10EAC0000420FFF7CBBF00BFF8B5334B036000272E
:10EAD000044647600E461546F6F758FB2F4A22605B
:10EAE0002F4AE760032396426372666125744FD014
:10EAF00002F5805296423BD002F58032964205D014
:10EB0000284BF31AB3FA83F35B099B00264A002DC6
:10EB100042F8234032DB6909244B0122203105F001
:10EB20001F0502FA05F543F82150BFF34F8FBFF3DD
:10EB30006F8F94F910506669002D7260326120DB8E
:10EB40002B44402283F8002301234FF47A52092BEF
:10EB500022FA03F203F1010102D0B2F57A7F19D84B
:10EB60000322C6F810352046C6F808252272F8BDE3
:10EB70000D4A0223002D42F82340CCDA01237360B2
:10EB800033610B4B05F00F052B4440221A76DBE76F
:10EB90000123BBE70B46D8E7088303004C8D030035
:10EBA0000090004000B001405443002000E100E02C
:10EBB000FCEC00E0014B93F9000070474A4B002049
:10EBC000054A1378013B5BB2002B01DD13707047DF
:10EBD0000023137062B670474A4B0020002816DBF2
:10EBE000114A135C013B5BB2002B01DD13547047EB
:10EBF000002143B28B42115408DB58090B4903F042
:10EC00001F03012202FA03F341F820307047084A3B
:10EC10001378013B5BB2002B01DD137070470023BA
:10EC2000137062B6704700BF6C43002000E100E043
:10EC30004A4B002072B6024A1378013313707047B2
:10EC40004A4B0020002805DA72B6114A13780133C6
:10EC50001370704743B2002B15DB5A0910B4012121
:10EC60000C4C203203F01F0301FA03F344F8223066
:10EC7000BFF34F8FBFF36F8F074A135C01331354F9
:10EC80005DF8044B7047044A135C0133135470471A
:10EC90004A4B002000E100E06C43002020BF704799
:10ECA0004FF08053596E186E704700BFBFF34F8FFF
:10ECB0000549064BCA6802F4E0621343CB60BFF318
:10ECC0004F8F00BFFDE700BF00ED00E00400FA0534
:10ECD000704700BF08B50B4B0122C3F84025022145
:10ECE0000022930003F1A0430132202AC3F8001749
:10ECF000C3F8001AF5D1FFF7EBFFBDE80840EDF7C8
:10ED00000DBD00BF00E00140004870470000022038
:10ED10004020F7F731BA00BF816370474163704705
:10ED2000C1637047C06B7047EFF30880704700BF46
:10ED3000406B7047C0E900128360704710B5054B07
:10ED4000054C4FF48072A168184608F065FAA0607F
:10ED500010BD00BF0022002000ED00E030B50C4DDA
:10ED60000C4A2C68864605234FF0010C0CFA03F17F
:10ED7000214203F1FF3302D1D06B704505D0591CFD
:10ED8000A2F10C02F2D1002030BD2143296030BD38
:10ED90009C43002068720300F0B40F4E0F4D34689E
:10EDA0002A4605234FF0010C0CFA03F1214202D14F
:10EDB000576C384207D1013B591CA2F10C02F3D128
:10EDC0000020F0BC704703EB4303214355F82300B8
:10EDD0003160F0BC704700BF9C43002068720300A4
:10EDE000144B984215D003F5E04398421AD0A3F58E
:10EDF0003433984218D003F50433984216D0B0F15A
:10EE0000402F15D0A3F50033984208BF002001D051
:10EE100070470520084901220B68824023EA02035B
:10EE20000B6070470420F5E70320F3E70220F1E7C9
:10EE30000120EFE7008002409C43002008B5174BFB
:10EE4000984218D0B0F1402F1ED003F500339842FD
:10EE50001CD0A3F5043398421AD003F534339842FA
:10EE600018D0A3F5E043984216D05A20EFF7B0FC33
:10EE70004FF0FF3008BD0023094A03EB430302EBC8
:10EE8000830393F9040008BD0123F5E70223F3E7A8
:10EE90000323F1E70423EFE70523EDE7003000400B
:10EEA0006872030038B5184B98420D46144620D0BE
:10EEB000B0F1402F1FD003F5003398421DD0A3F5C9
:10EEC000043398421BD003F53433984219D0A3F58C
:10EED000E043984208BF052304D05A20EFF778FC9E
:10EEE0004FF0FF3309490A4A41F8235042F82340C2
:10EEF00038BD0023F6E70123F4E70223F2E70323FA
:10EF0000F0E70423EEE700BF00300040B8430020E4
:10EF1000A0430020024A034B10681B68184700BF3B
:10EF2000A0430020B8430020024A034B50685B68AE
:10EF3000184700BFA0430020B8430020024A034BFB
:10EF400090689B68184700BFA0430020B84300208A
:10EF5000024A034BD068DB68184700BFA04300207B
:10EF6000B8430020024A034B10691B69184700BFD1
:10EF7000A0430020B8430020024A034B50695B695C
:10EF8000184700BFA0430020B8430020002815D038
:10EF9000006041608260C360046145618661C76151
:10EFA000444604624C464462544684625C46C462F1
:10EFB000644604636E46466374468463002906D043
:10EFC000C46B043C043925680D60B442F9D1946BDC
:10EFD000A646566BB546002B06D0D46B043C043BCA
:10EFE0001D682560B442F9D1146BA446D46AA346C7
:10EFF000946AA246546AA146146AA046D7699669E3
:10F0000055691469D3685168106892687047006048
:10F0100041608260C360046145618661C7614446A6
:10F0200004624C464462544684625C46C462644650
:10F0300004636E46466374468463C46B043C0439BF
:10F0400025680D60B442F9D1C769866945690469CC
:10F050007047006041608260C36004614561866101
:10F06000C761444604624C464462544684625C462E
:10F07000C462644604636C464463744684630469F2
:10F080007047846BA646446BA546046BA446C46ACD
:10F09000A346846AA246446AA146046AA046C76998
:10F0A000866945690469C368826800684168704779
:10F0B0000649074A074B9B1A03DD043BC858D0504A
:10F0C000FBDC00F03DF8FFF705FE000004900300B4
:10F0D0004020002000220020FEE7FEE7FEE7FEE7DA
:10F0E000FEE7FEE7FEE7FEE7FEE7FEE7BFF34F8F32
:10F0F0000549064BCA6802F4E0621343CB60BFF3D4
:10F100004F8F00BFFDE700BF00ED00E00400FA05EF
:10F110004FF08052D2F83031591C08D0D2F8340167
:10F12000012898BF0D2B0CBF0120002070474FF025
:10F130007043D3F8E80F93F8E03FC0F30310EFE714
:10F1400008B5FFF7E5FF40B14FF080430022C3F858
:10F150000C21C3F81021C3F83825FFF7D9FF002888
:10F1600046D04FF08052594BD2F80414C3F8201502
:10F17000D2F80814C3F82415D2F80C14C3F82815D3
:10F18000D2F81014C3F82C15D2F81414C3F83015A3
:10F19000D2F81814C3F83415D2F81C14C3F840156B
:10F1A000D2F82014C3F84415D2F82414C3F8481533
:10F1B000D2F82814C3F84C15D2F82C14C3F8501503
:10F1C000D2F83014C3F85415D2F83414C3F86015CB
:10F1D000D2F83814C3F86415D2F83C14C3F8681593
:10F1E000D2F84014C3F86C15D2F84424C3F8702543
:10F1F000FFF78EFF48B14FF08043D3F80024D107CA
:10F2000044BF6FF00102C3F80024314AD2F88830BD
:10F2100043F47003C2F88830BFF34F8FBFF36F8F92
:10F220004FF01023D3F80C22D20731D4D3F80022A8
:10F23000002A07DBD3F80432002B03DB254B264AD8
:10F240001A6008BD254A0123C2F80435D2F80034FB
:10F25000002BFBD04FF010231221204AC3F80012DC
:10F26000D2F80034002BFBD04FF0102312211B4AA0
:10F27000C3F80412D2F80034002BFBD00023174946
:10F28000C2F80435D1F80034002BFBD0FFF72EFF75
:10F29000124A0123C2F80435D2F80034002BFBD007
:10F2A0004FF010210D4AD1F80C3223F00103C1F8C0
:10F2B0000C32D2F80034002BFBD000230749C2F8EF
:10F2C0000435D1F80034002BFBD0DFE700C000404C
:10F2D00000ED00E0B02000200090D00300E00140ED
:10F2E00030B484688D68C268CB68A54293412CBF56
:10F2F0000120002030BC704738B5214B1B782BB162
:10F30000044618B1037F03F0FF0513B90025284612
:10F3100038BD1C4800F00EFB1B4B1A685B68801858
:10F320001A4AD2E9001243F10003884273EB020249
:10F3300003D210F1807043F10003D4E90212884235
:10F34000934117D3236903B92377D4E9053098474C
:10F350002369002BDAD0227F002AD7D0D4E90221FA
:10F36000D21841F10001C4E902210948214600F008
:10F3700069FCCCE70648214600F064FCC7E700BF03
:10F380004B4B0020B420002090360020883600200F
:10F39000A48D03002DE9F04383B0064600F0A0FAE7
:10F3A00040B16F4AD2E9003113F1807341F100019D
:10F3B000C2E900310021304600F0ACFA694C002867
:10F3C00040F0C3800121304600F0A4FA002840F04C
:10F3D000A580654801A900F06DFB58B3634D0EE0B0
:10F3E00023B941680B7F002B00F08A8001A95E4899
:10F3F00000F092FB5C4801A900F05CFBD0B10378FF
:10F40000012B0FD0022BEBD15948002700F02EFC26
:10F4100028B10777564800F029FC0028F9D10123CC
:10F420002B70E3E723684168994266D0504800F0AA
:10F4300027FCDBE74A4F30E04D4800F017FC05465B
:10F440004C48D5E9028900F075FA4B49D7E90032FA
:10F45000D1E900C1C31842F10002634572EB01011A
:10F4600003D213F1807342F10002B8EB030869EB99
:10F470000209B8F1010F79F1000927DBB8F5350F62
:10F4800035D2AA683B484FF49603002100F0A2F958
:10F4900020B30D281ED000232360354800F0ECFB7C
:10F4A0002368002832D0002BC6D022688568916876
:10F4B000C368D2688D42934116D223681B7F002B0C
:10F4C000BAD021682A4800F0BDFBB5E729480021E1
:10F4D00000F016FA2846FFF70FFFDCE7236813B9A0
:10F4E000304600F049F9256003B0BDE8F0832148BB
:10F4F00000F020FA214A0244C4E70023236075E7A4
:10F5000001231B480B7700F09DFB6FE7002BEBD12D
:10F51000304603B0BDE8F04300F032B9154800F0C2
:10F5200009FA0F4B1A685B688018134AD2E9005138
:10F5300043F10003A84273EB010103D210F1807084
:10F5400043F10003C2E9000343E72368002B3FF4C3
:10F5500039AF2068FFF7D0FE0023236032E700BFF9
:10F56000903600203C440020D44300204B4B002028
:10F57000A48D0300B420002088360020FFFFB400D3
:10F5800010B5134B13491C68134882B00823582246
:10F59000019400F013FA044610B1204602B010BDE9
:10F5A0000E4A0F4801A900F0A3F804460028F4D140
:10F5B0000B48012100F08CF901231946094A08483B
:10F5C00000F0E2F8084B012220461A7002B010BD8C
:10F5D000B08D0300E4430020D443002095F30200E3
:10F5E000B4200020FFFF7F004B4B00204AB1A1F167
:10F5F00001010368B1FA81F14909C3E9041200204D
:10F6000070470720704700BF037F0BB10020704791
:10F6100030B5044683B01B48A2610D4600F08AF95C
:10F62000194B1A685B688018184AD2E9001243F136
:10F630000003884273EB020203D210F1807043F1A1
:10F6400000032818226943F10003C4E9020302B150
:10F6500025610F4801A900F0EBF9034650B10022E3
:10F660000B481A705C6001A900F014FA28B9002058
:10F6700003B030BD042003B030BD024800F05EF995
:10F68000F5E700BFB4200020903600208836002027
:10F69000D443002010B5044682B000230C482377E1
:10F6A00001A900F0C5F978B10346012208481A7093
:10F6B0005C6001A900F0EEF910B9002002B010BDA5
:10F6C000044800F03BF9F8E7042002B010BD00BF89
:10F6D000D4430020B4200020014800F051B800BFFE
:10F6E000B4200020014800F047B800BFB42000203B
:10F6F00030B51E4C437944F823201D4C04EBC30263
:10F70000127982BB02680D88C2F80855897890F991
:10F7100004204901002A4FEAC30EC9B21EDB4FEA9A
:10F72000521C02F160454FEA8C0C05F561450CF165
:10F73000604C85F800130CF5614C02F01F020121AA
:10F7400001FA02F2CCF88021CCF80020A644012274
:10F750008EF8042044F83300002030BD054D02F03F
:10F760000F02A954F2E7082030BD00BF4844002032
:10F770004044002014ED00E0036801221A60704745
:10F78000036801225A60704730B401F1500C4FEA0F
:10F790008C0C00681FFA8CFC4FF480348C400025E0
:10F7A00082B0C0F80843C0F8484340F80C5001F557
:10F7B000A87150F80C50019522F07F42019D40F84D
:10F7C0002120C0F844430BB1C0F8044302B030BC60
:10F7D000704700BF2DE9F04F046801F150064FF467
:10F7E000803808FA01F822F07F49B60004EB810264
:10F7F00085B0B6B2C4F84883C4F808830D469A466B
:10F800004FF0000BD4F80435D2F84015C2F840355B
:10F8100044F806B0C91A21F07F41A3590293012987
:10F82000029B07464FEA850240D0D4F80465C4F82D
:10F830004483A9EB060323F07F43012B24D0A118B6
:10F8400009F1FF32C1F84095D4F80405CAF1FF135D
:10F85000121A03F57F4322F07F42934210D33AB14C
:10F860000020C4F84483C4F8048305B0BDE8F08FD9
:10F8700009F10103C1F84035D4F804359842EFD0BE
:10F880000D2005B0BDE8F08F05F5A87509F101035D
:10F8900044F825300D4B4FF4806043F00103984746
:10F8A0003C68D4F804359E42DAD0E9E7074B019270
:10F8B00043F001034FF4806098473C68019A44F894
:10F8C00006B0A3590393039BAFE700BF6072030028
:10F8D00003680222C3F8442309B1C3F80423704724
:10F8E0000368D3F8040100B97047002282B0C3F85E
:10F8F0000421D3F804310193019B012002B0704729
:10F9000002684FF4803303FA01F1C2F84813C2F8D9
:10F910000813704750318900036889B2585800B9FC
:10F920007047002282B05A505B580193019B01201E
:10F9300002B070470368D3F80405704790F90430AB
:10F94000002B09DB5A09054803F01F03012140324F
:10F9500001FA03F340F82230704700BF00E100E0F5
:10F96000024A034B10681B68184700BF4044002040
:10F97000484400208446CAB11268D243D1B16144E0
:10F980000D4800B50CF1FF3C01F1FF3E1CF8013FB2
:10F9900008215A4042F300030340013983EA52022E
:10F9A000F8D1E645F2D1D0435DF804FB4FF0FF32C9
:10F9B0000029E4D1D04370472083B8ED99B110B449
:10F9C000B2FBF3F403FB1424A4B244B9C0E900145D
:10F9D00084608281C38120465DF8044B7047092012
:10F9E0005DF8044B70470E20704700BF82B050E8AE
:10F9F000022FC188B2EB324F4FF0000317BF92B213
:10FA000041EA014142EA014104E04268B2EB324F6F
:10FA100008BF012340E80212002AE8D18DF8073020
:10FA20009DF80730002B0CBF1120002002B070475A
:10FA300010B483B050E8013F1FFA83FCC489A4448A
:10FA40008489A44528BFACEB040C0489A44502BFFB
:10FA5000BFF32F8F002207E0CCEA030C40E801C47B
:10FA6000002CE7D14FF001028DF803200193019C97
:10FA70009DF803200C6032B1006810FA84F003B0E6
:10FA80005DF8044B704702F0FF03184603B05DF8C1
:10FA9000044B70470A884B889A4201D00020704777
:10FAA00050E8012FC2EA024240E80123002BF7D1BF
:10FAB0000120704710B483B050E8023F1FFAA3FC46
:10FAC000C488A44502BFBFF32F8F00220EE0C48973
:10FAD000A4448489A44528BFACEB040CC3EA0C4CB5
:10FAE00040E802C4002CE7D14FF001028DF803205A
:10FAF0000193019C9DF803200C6032B1006800EB7B
:10FB0000144003B05DF8044B704702F0FF03184641
:10FB100003B05DF8044B70470A884B889A4201D0C5
:10FB20000020704750E8022FC2EA224240E8022338
:10FB3000002BF7D10120704733DF7047064A074B8F
:10FB400010B5002414701C60BFF35F8F0449054892
:10FB500000F064F8204610BD4C4B002054440020B7
:10FB6000B48D03004C44002070B5012104462548A3
:10FB700004F0DEFDBFF35F8FE0B9042C3CD0224BD4
:10FB80001A783ABB214E012234701A70204D6B68EE
:10FB90002BB910E000F04AF86B6834785BB11B6851
:10FBA0002046984703462846002BF3D1BFF35F8FCA
:10FBB000144A136070BD023C012C10D903F09EF969
:10FBC000E8B94FF080430122C3F80025BFF34F8FFF
:10FBD00020BFFDE7BFF35F8F0A4B186070BDBFF316
:10FBE0004F8F0C490C4BCA6802F4E0621343CB60A0
:10FBF000BFF34F8F00BFFDE7044E3478C6E7FFF731
:10FC00009BFFDEE7544400204C4B00204D4B00206E
:10FC10004C44002000ED00E00400FA05D1E9003278
:10FC2000934208BF0023C0E900137047436843B103
:10FC30000268D2E901210B449342436004BF0023D0
:10FC40004360704770B5446823680D465BB1064653
:10FC500002E01C461B6833B11846B268294690473B
:10FC600023680028F5D12B60256070BD43681868B3
:10FC700008B102681A60704743681868704700BF8F
:10FC80004368186818B908E00346006828B188423C
:10FC9000FAD102681A600120704770476DDF704723
:10FCA00079DF70477DDF704764DF70472DE9F04FE3
:10FCB00085B098460E9D0388BDF83C9016462A886C
:10FCC0000192002B3FD0002704468A46BB4604E041
:10FCD00022880BF1010B5A452BDD616851F82B008E
:10FCE000039000220DF10B0103A8FFF7DDFF58BBC5
:10FCF0009DF80B20B242EBD12A88501C06EB020C77
:10FD00000DF10B0180B20CF1020E07B3CC4528DCDB
:10FD1000424403A8FFF7C8FFB0B929889DF80B201B
:10FD20000A442A8022880BF1010B5A454FF0010743
:10FD3000D3DC47B12B88019A013B9B1A9BB2FF2B66
:10FD40000FD808F80230002005B0BDE8F08FCE458E
:10FD500007DC288008F800A02A88013292B22A80A5
:10FD6000D6E70C2005B0BDE8F08F00BF2DE9F047C5
:10FD700090F82D3014460022B4F8008084B0064676
:10FD800022800D46002B40F0C480B378002B63D155
:10FD9000F378002B40F0E8807368ABB12288D11C67
:10FDA00041455ED893F900100223AB5423880133F8
:10FDB0009BB20A222380EA54238801339BB223801A
:10FDC000E954238801332380338973BB338A002BA2
:10FDD00040F0E080338B002B40F01281336A002B1F
:10FDE00060D021888A1D42453BD81A88052A18D937
:10FDF0006FF4486902EB090080B24FF27D37B842D8
:10FE00000FD9588805280CD96FF4486C84441FFA20
:10FE10008CFCBC4505D94FF6FF77BA4225D082420B
:10FE200023D9072004B0BDE8F08706F108070222B5
:10FE3000CDE900482B4611463846FFF737FF00282A
:10FE4000F0D1CDE9004838462B4610220621FFF7B5
:10FE50002DFF0028BAD0E5E723880433434540F25C
:10FE6000B2800C2004B0BDE8F08705226A542288D5
:10FE7000013292B212212280A9542288013292B218
:10FE800022801988A9542A44090A51702288023212
:10FE900092B222805B88AB542A441B0A5370238899
:10FEA00002332380776A4FB3BA882088911C831C61
:10FEB0000B444345D5D8FE29D3D803322A5423888E
:10FEC00001339BB2FF222380EA54238801339BB283
:10FED00023803A88EA542B44120A5A702088023050
:10FEE00080B22080BA884AB1B968002999D02844E4
:10FEF00007F092F9BA8823881344238096F82C30AF
:10FF0000002B40F0CF803378002B40F0928000200F
:10FF100088E7B8F1080FA4D902A8FFF7BFFE0028B0
:10FF200080D123880822EA54238801339BB21B2204
:10FF30002380EA542388DDF8092001339BB2238013
:10FF4000EA502B44BDF80D209A8023889DF80820A4
:10FF500006339BB2012A94BF002201222380EA5477
:10FF600023880133238010E72288D11C41453FF6C6
:10FF700078AF0221A954228801210A4492B222803A
:10FF8000A95422880A4492B22280AB5423880B449D
:10FF9000238001E706F11007CDE900482B46022235
:10FFA00003213846FFF782FE00287FF43BAFCDE9FE
:10FFB000004838462B4610220721FFF777FE00281D
:10FFC0003FF408AF2EE702A8FFF76AFE00287FF48F
:10FFD00029AF23880322EA54238801339BB21922D4
:10FFE0002380EA542388BDF8082001339BB2238084
:10FFF000EA542B44120A5A70238802332380C7E63E
:020000023000CC
:1000000006F11807CDE900482B4602221421384694
:10001000FFF74CFE00287FF405AFCDE900483846D5
:100020002B4610221521FFF741FE00283FF4D6AEE3
:10003000F8E63288012A3FF4F4AE2288901C40454D
:100040003FF60FAF012B05D1737802331344984567
:10005000FFF407AFA8F10207BF1ABFB2284402A9F4
:10006000ADF80870FFF71EFE00287FF4DBAE327893
:10007000BDF80830022A56D0717899425CD39F426D
:1000800053D2012A5AD03B4608212288581CA85432
:100090002288013292B22280A9542288013213446C
:1000A000238034E7B26A002A3FF4BBAE00274FF04A
:1000B000160A2DE02388E854238801339BB223805D
:1000C00005F803A0238801339BB2238032F8212056
:1000D000EA542B44120A5A702088023080B22080E1
:1000E000B9F8042028445AB1D9F8081000293FF47F
:1000F00098AE07F091F8B9F80420238813442380C0
:1001000096F82C200137FBB29A427FF6FCAEB26A19
:1001100007EB470102EB8109B9F80430D81C023320
:10012000FE2BC7D99DE69F4203D30921FE2BACD9F4
:1001300097E63B460821F9E7012AFAD18F42A2D37C
:100140000B460821F2E700BF75DF704776DF704786
:100150007ADF70477BDF704770B51D4D2B8884B206
:10016000A34282B011D11B4E297A327B91420ED329
:10017000337C00222A72F3B9736933B100228DF8FF
:100180000420ADF8064001A8984702B070BD05F103
:100190000A011846FFF7D8FF40B11128F5D0B3691E
:1001A000002BF2D002B0BDE8704018472B7A013323
:1001B0002B7202B070BD3B212046FFF7C7FF30F025
:1001C0000803D9D0B369002BD6D09847D4E700BF35
:1001D0007C4400206044002010B4019C638883426A
:1001E00013D38B4211D840F2F3118A42A3885DF8F1
:1001F000044B94BF901A501A98420A448CBF0020B6
:1002000001209A4238BF0020704700205DF8044B5F
:10021000704700BF30B50B46497A83B0024681B9BA
:100220000F4C187A6168A568002818BF29465868DD
:10023000FFF7EAF988B1A3697BB103B0BDE83040AC
:100240001847074949690020187231B101238DF818
:100250000430ADF8062001A8884703B030BD00BFC8
:100260006044002070B50388122B82B02DD015D8C1
:10027000102B40D0112B0FD1394C828823889A4201
:100280000AD16068FFF706FA18B1364B9B6903B1D3
:1002900098474FF6FF73238002B070BD502BFBD1FF
:1002A000304CC288E3899A42F6D1038A022BF3D1FB
:1002B0002B4D83882E889E42EED1123000F09CFA9E
:1002C000002844D02946304610E0254C83882588F4
:1002D0009D42E1D10830238AE2890090A18960899A
:1002E000FFF77AFF034621462846637202B0BDE855
:1002F0007040FFF78FBFC37B012BCDD1184C2288F4
:100300004FF6FF739A4219D18588174B1030009031
:1003100003CB0022C4F80E10C4F80A00238A22720C
:10032000A189E28960892580FFF756FF0D4B607235
:10033000DB89002BB0D121462846D7E7094B9B69C2
:10034000002BA9D0042002B0BDE8704018476868AF
:10035000FFF7A0F900289FD0A369002BF3D19BE7FA
:100360007C440020604400205844002070B3F8B55D
:1003700086460768164D174E0446BEE80F00AC4689
:10038000ACE80F009EE807002E608CE80700BFB1C4
:100390003846FFF7DDFE90B923681868596803C630
:1003A0000D480E4A0C4C40F8042F4FF6FF730C4AD0
:1003B00023800021FFF71AF9002818BF0320F8BD99
:1003C0003046FFF7C7FE0028EAD0F8BD0E20704780
:1003D00060440020584400207C44002098360020CF
:1003E0005901030070B582B006460191019D6DB1BF
:1003F00000242546214601A804F04AF918B106EB6D
:10040000450301359C800134142CF3D1304635600E
:1004100002B070BD2DE9F04F0388B0F80480103BA6
:100420008DB007460A2B0AD8DFE803F02720090918
:100430000909090909060C00037A002B6BD00DB0DD
:10044000BDE8F08F037A37483F2B4FEA131441463B
:1004500050D904F0F5F83448414604F0F1F8334837
:1004600041460DB0BDE8F04F04F0EAB830484146CF
:100470000DB0BDE8F04F04F0FFB82E4EB368DB437B
:1004800000937168684604F075F9009901A8FFF7B8
:10049000A9FFDDF804A0BAF1000F12D00DF1060992
:1004A0007C364FF0000B39F8025F234C204629467A
:1004B000043404F0E1F8A642F8D10BF1010BD34566
:1004C000F1D1B8F1130F05D9042002F079FF0DB076
:1004D000BDE8F08F1648414604F0B2F81648414690
:1004E00004F0AEF8FB7B012BA9D01448414604F080
:1004F000A7F8A4E704F0C0F8032CACD00A484146A2
:1005000004F0BAF8022CAAD0084841460DB0BDE864
:10051000F04F04F0B1B8437A02481B074146A7D513
:100520009FE700BFA8440020A4440020A04400206E
:100530009844002090440020944400209C440020D3
:100540001328014601D900207047014804F0A0B8E3
:10055000944400201328014601D900207047014827
:1005600004F096B894440020132801D90020704765
:1005700010B504462146064804F08AF808B9002060
:1005800010BD2146034804F083F80130C0B210BD0D
:100590009444002098440020132801D9002070477B
:1005A00010B504462146064804F072F808B9002048
:1005B00010BD21460348BDE8104004F069B800BFF3
:1005C00094440020A0440020132801D90020704743
:1005D00010B504462146064804F05AF808B9002030
:1005E00010BD21460348BDE8104004F051B800BFDB
:1005F00094440020A4440020132801D9002070470F
:1006000010B504462146064804F042F808B9002017
:1006100010BD21460348BDE8104004F039B800BFC2
:1006200094440020A844002030B5084B83B09B6858
:10063000019300252C46214601A804F029F8013435
:10064000142C0544F7D1284603B030BD9044002057
:1006500030B50C4AD36883B0DB4300939168684699
:1006600004F088F80025009B01932C46214601A840
:1006700004F00EF80134142C0544F7D1284603B0D9
:1006800030BD00BF9044002010B5034B04465968AC
:10069000FFF7A8FE204610BD9044002010B5084A80
:1006A000D36882B0DB4301939168044601A804F04B
:1006B00061F820460199FFF795FE204602B010BD73
:1006C0009044002008B51821024803F0EBFFC0B2A7
:1006D00008BD00BF9044002038B504460C480D46C4
:1006E00003F0D6FF08B1132C01D9002038BD084B08
:1006F0002146181D03F0CCFF0028F6D0044BE81D5E
:10070000214603EB8000BDE8384003F0C1BF00BFC5
:100710009044002070B506460E480C46154603F07E
:10072000B7FF08B1132E00D970BD0A4B3146181D12
:1007300003F0AEFF0028F7D0064B073403EB84002C
:1007400031461DB1BDE8704003F07ABFBDE870408E
:1007500003F092BF90440020F0B50F4B83B09B682C
:100760000193064698B1019D75B100250F462C46B0
:10077000214601A803F08CFF18B13946A0B2B0475A
:1007800001350134142CF3D1284603B0F0BD0546E1
:10079000284603B0F0BD00BF90440020F0B50446E9
:1007A00083B00E4601461248174603F071FF18B990
:1007B0000025284603B0F0BD0D4B03EB8403DB6935
:1007C0000193002EF4D0019B002BF1D000252C4684
:1007D000214601A803F05CFF18B13946A0B2B0472A
:1007E00001350134142CF3D1284603B0F0BD00BF0D
:1007F00090440020AADF7047008800F00100704795
:1008000030B591B08C7813460A88ADF80C204A7C3C
:10081000012C4FF0000C38BF0124013A8DF80E4036
:100820008DF802C08DF800C0042A07D8DFE802F076
:10083000C1C5C903CD0012228DF800208A7C002496
:10084000013A8DF80140042A07D8DFE802F0C2C659
:10085000CA03AE0012228DF801200A7D91F80CC067
:10086000013202F003024CEA420CCA7B4CEAC20C91
:100870000A7C4CEA021C9DF802200CF01F0C22F0AE
:100880001F024CEA020C4A7B8DF802C0002412F0D1
:10089000300FCDE90944CDE90B44CDE90D440F9467
:1008A00066D14A7B8DF824208A7B8DF82520002292
:1008B000CDE9072206928C688A88ADF81C2003AA2D
:1008C0000492CDF814D01CB1CA880894ADF8182051
:1008D0008A697AB314680B9401AD54680D950A9433
:1008E000147B4FF0000C013C8DF806C0ADF804C03D
:1008F000042C2BD8DFE804F08D9195278100122479
:100900008DF8054092F80EC0147A957AD27A0CF1DF
:10091000010C0CF0030C44EA4C0444EAC50444EA1C
:1009200002149DF8062004F01F0422F01F02144355
:100930008DF80640CA6902B10C9204AA09A9FFF712
:1009400059FF11B030BD12248DF80440547B013C96
:10095000042CD7D801A555F824F000BF030A0300E2
:100960000B0A0300F3090300FF080300EB0903006F
:10097000CA7CADF80840013A8DF80A4002AC042A5E
:1009800007D8DFE802F0525E5A03560012228DF8B3
:1009900009209DF80A200E94012464F342028DF888
:1009A0000A2011228DF808207BE722228DF80120F1
:1009B00053E711228DF8002040E721228DF8002016
:1009C0003CE731228DF8002038E722228DF8002004
:1009D00034E711228DF801203FE721228DF8012014
:1009E0003BE731228DF8012037E722248DF80540BE
:1009F00088E731248DF8054084E722248DF80440EF
:100A0000A4E711248DF805407CE721248DF80540EA
:100A100078E711248DF8044098E721248DF80440EC
:100A200094E731248DF8044090E711228DF80920D5
:100A3000AFE722228DF80920ABE731228DF809209B
:100A4000A7E721228DF80920A3E700BF90DF7047B8
:100A5000A5DF7047B5DF704780B14FF01712002354
:100A600001614FF01B0C41F61B31026080F804C09D
:100A7000C0F8062043818181184670470E207047D8
:100A80008288002A51D110B50388242B84B00C46EB
:100A90002AD80F2B24D9103B142B21D8DFE803F0E0
:100AA0008B8120202020202020202020202020207A
:100AB0002020200B7000037A097B8B424FF000024C
:100AC00028BF0B46104663F30F0263F31F420292E6
:100AD00002A96A4603900090ADF80400FFF7B6FF44
:100AE000A37A53BB04B010BD3A2B31D0552BF7D1AC
:100AF000C388C988A272172B38BF17238B4228BF1F
:100B00000B4623811046FFF7A5FFE37A002BE7D1C0
:100B10002369002BE4D02289ADF80C2040F6772120
:100B20000291204602A99847DAE7704711284ED172
:100B3000627B01219A42A1724CD3E1880020FFF729
:100B400087FF0028CED14FF48073638104B010BDBD
:100B50004389C98822698B4228BF0B46172B38BFAF
:100B6000172323814AB1E17A39B140F67721029106
:100B7000ADF80C3002A92046904700236381B1E70D
:100B80000B69027A4A73002BAAD000204DF67A2115
:100B90008DF80D0002918DF80C2002A9204698478F
:100BA0009EE74FF01711002241F61B33C4F80610E0
:100BB0006281A38196E7C27B0B790B73012A0CBF7C
:100BC0002188C988228908BFE1808A4204D3627BD8
:100BD0009A4285D2002275E70020FFF739FF237B78
:100BE0000028A3D10122E272F1E700BF2DE9F04114
:100BF000254E8AB000234FF6FF70CDE900333370E5
:100C000000F0CAFC4FF6FF77B84220D0044648F205
:100C1000096807E000F06EFC204600F0BDFCB84219
:100C2000044614D0A4F58045ADB26A4602A9284610
:100C300003F050FC034643452046EBD0284603F022
:100C400065FB48F207629042034618D013B90AB018
:100C5000BDE8F0810022CDE90522CDE90822072177
:100C60004FF6FF7205A88DF81410ADF818400793E1
:100C7000ADF8162000F040FA0AB0BDE8F08101237B
:100C800033700AB0BDE8F0814E4B002010B5838967
:100C9000017886B003F5804300229BB20429CDE998
:100CA0000122CDE903220592ADF8083042D02CD8BC
:100CB0004A1E022A38D843F6FE729342C48951D89C
:100CC000D0E90132A1F10301B1FA81F149098DF8AE
:100CD0000C408DF80D100492002B4BD19DF8143070
:100CE00043F0010308228DF81430274C8DF80420BE
:100CF0004FF6FF7301A8ADF8063000F0FDF9237838
:100D0000B3B1FFF773FF06B010BD05290CD14368DE
:100D100073B3039314224FF0FF3301A88DF804201E
:100D2000CDF8063000F0E8F9174C2378002BE8D115
:100D300006B010BD43F6FE729342F5D8C289002A70
:100D4000F2D14268CAB10B238DF8043003920E4CE5
:100D500001224FF6FF7301A82270ADF8063000F0B3
:100D6000CBF9E2E704F580439BB29342A8D9DBE7D5
:100D70001322D0E705930922B7E70A2218468DF817
:100D8000042000F0B7FBE2E74E4B002070B5184896
:100D900088B003F0EBF838BB03F000F90546F8B96A
:100DA00003AE00F06BFB039575600EE001A905A88A
:100DB00003F04AFA019B9C8804F5804405A8A4B27C
:100DC00003F06EFA204600F061FB324605A94CF2B2
:100DD000070003F04DFB0028E8D0284608B070BD9E
:100DE0008625284608B070BD0325284608B070BD8A
:100DF0008D0C0300F0B5FF2887B007D81F460B1FE6
:100E0000052B0C46154605D9012903D00726304687
:100E100007B0F0BD0022A0F58040A4F58041CDE9E7
:100E2000012280B289B201AB03AA03F0EBFAF0B958
:100E300001A903A803F008FA0646C0B9019BAC70EB
:100E40005B8802992B8087B13F6868689C00A74245
:100E50003A4628BF224606F0DFF9A74209D303A885
:100E600003F01EFA304607B0F0BD6960F7E70526CB
:100E7000CDE70C26CBE700BF024B0022C3E90022DE
:100E8000704700BF0C45002070B5031F052B86B0CE
:100E900004460E46154604D9012802D0012006B0AA
:100EA00070BDA4F580400F4A80B203A903F0E0FAB8
:100EB00010B1002006B070BD01A903A803F0C4F969
:100EC0000028F6D1019AAC70938852882A8003F5E5
:100ED0008043029A6A6003A8338003F0E1F901209D
:100EE000DDE700BF0C45002030B5FF2889B007D8EA
:100EF0008B7814461A1F052A8C4605D9012B03D07E
:100F00000725284609B030BDA3F5804399B2DCF827
:100F10000420BCF80030ADF80A10CDE90323A0F599
:100F200080400023CDE9003380B26B4605AAADF8BE
:100F3000080003F067FA02A908BB05A803F0DEF970
:100F400048F2066305469D4215D007D815BB002C14
:100F5000D7D0214605A803F0EFFAD2E748F207639D
:100F60009D4215D048F20D639D4214BF0325112503
:100F7000284609B030BD8625284609B030BD05A8F1
:100F800003F0B8F948F2066305469D42DDD1F2E769
:100F90001125B6E70325B4E74FF6FF7000F076BAE7
:100FA000FF2806D808B500F091FAFFF71FFE0020D1
:100FB00008BD0720704700BF00F0B0BA00F0B8BA13
:100FC00000F0EABA00F006BBDFF858C000B5624690
:100FD000864600231088704502F10C0205D00133CB
:100FE000042BF7D100205DF804FB03EB43000CEB6E
:100FF000800082788A4208D10BE003EB43020CEBBD
:1010000082003CF822207245F3D00133042BF4D146
:10101000E8E7827A9207F8D14268002AF5D15DF8B4
:1010200004FB00BFB836002010B582B08278417A48
:10103000044600232E48CDE900338DF8022000F04D
:1010400081FF80B3237AA2788DF8022003EB83031B
:101050009B00013A0190ADF80030072A08D8DFE87C
:1010600002F00407070707043C250123ADF8003010
:101070002246694632F8040BFFF736FF112822D0CA
:1010800004D870B307280ED102B010BD86280AD14B
:10109000A37A184A23F0030343F001030121A3724A
:1010A000117002B010BD032002B010BD838822462B
:1010B00009339B0832F8040BADF800306946FFF79E
:1010C00013FF1128DCD1A37A0A4A23F0030343F06B
:1010D00002030121A372117007E01423ADF8003060
:1010E000C6E7A37A23F00303A372002002B010BD69
:1010F000584600204F4B00202DE9F047544E07463C
:10110000C06886B03546324600235168884202F1F5
:101110000C0260D00133042BF7D13B78092B01D0AE
:10112000132B55D04FF00008384600F0FDFA384632
:1011300001F03CFD384604F081F93846454F03F094
:1011400037FF3B78BBB100243C704FF0010904EB42
:10115000440305EB83034FEA440A9B7A9A070DD5B3
:10116000304687F80090FFF75FFF98B90134042CF0
:1011700006F10C06EBD106B0BDE8F087DB07F5D52C
:1011800087F80090B8F1000FF0D03046FFF74CFF21
:101190000028EBD0A2444FF6FF7235F82A30ADF8A4
:1011A00006208628ADF8083043D00390072301A815
:1011B0008DF8043000F0B8FA01A801F0F7FC01A89E
:1011C00004F03CF901A803F0F3FE06B0BDE8F08797
:1011D0004FF00108A8E703EB43034FEA830905EB4F
:1011E00083043B78092B26D0132BF1D0082B99D1FF
:1011F00097F80980B8F1000F94D1237A53B1617A3E
:1012000015484144C9B200F0B5FE237A08F101083F
:101210009845F4D34FF6FF7325F80930A3700023E7
:1012200063604FF47F432381A37A23F00303A37207
:1012300078E70623BBE77A7A002A7FF473AFA37AB4
:10124000044F626043F00203A37290467BE700BF45
:10125000B83600204F4B00205846002070B5164D80
:10126000002482B02A464FF6FF704FF47F4C26468A
:1012700004EB440105EB8101108090708B7A0C32F5
:10128000013423F0020323F00103042C8B7222F8B3
:1012900004CC42F8086CEBD15022CDE90042074B58
:1012A000074908484FF4A07200F0EEFD002818BF6F
:1012B000032002B070BD00BFB836002014450020E6
:1012C00018450020584600200023FFF793BD00BFBB
:1012D000002B3FD02DE9F0411E46CB1F012B884645
:1012E00028D8531E032B144624D80746FFF76CFE5C
:1012F000054688B3037AA34229D1697AFF291CD015
:10130000002723482C7200F01DFE80B304EB8402FA
:1013100012010332C2F38D0286F8028070603280BF
:101320002FB1B8F1080F02D19200063A8280002056
:10133000BDE8F0810720BDE8F0812146144800F0A7
:10134000B9FDFF280146687213D00127D9E70F20A5
:10135000BDE8F0810E207047FF214FF6FF70FFF7C8
:1013600033FE054690B1078080F80280C5E7032070
:10137000E1E7AB7AA9704FF6FF72002023F0030378
:101380002A804FF47F4268602A81AB721120D2E735
:101390005846002038B5FFF717FED8B1037A054646
:1013A00053B10024697A0C482144C9B200F0E2FD2F
:1013B0002B7A01349C42F5D3AB7A4FF6FF724FF48F
:1013C0007F41002023F00303AA7029812A806860EE
:1013D000AB7238BD052038BD5846002070B5184D99
:1013E00006462B4600221988B142144603F10C032D
:1013F00002F1010209D0042AF5D13046FFF7D0FDF1
:1014000010B1072818BF032070BD04EB440205EBA0
:10141000820291783046FFF7BDFF032C04F10103EF
:10142000EBD003EB43021C4635F82210B14203F126
:10143000010305EB8202ECD0042BF2D1DDE700BF03
:10144000B8360020CB1F012B14D870B506461046C5
:101450000C461546FFF7B0FD50B121463046FFF768
:10146000B3FD48B184700580BDE87040FFF7DCBD76
:10147000072070BD07207047052070BD024840223C
:10148000002105F08DBE00BF684600204FF6FF73B7
:10149000984210B50DD0FF28044602D94FF6FF70D0
:1014A00010BD0948214603F0D7F80028F6D12046A0
:1014B00010BD05484FF4807103F0F4F880B2B0F528
:1014C000807FEBD010BD00BF6846002008B54FF606
:1014D000FF73984202D0FF28014601D9002008BDC1
:1014E000034803F0B9F80028F8D1012008BD00BF77
:1014F00088460020FF2800D9704710B504462146D1
:10150000044803F0B9F821460348BDE8104003F051
:10151000B3B800BF6846002088460020FF28014677
:1015200001D900207047014803F0B2B86846002096
:101530004FF6FF73984210B527D0441CA4B2FF2C7D
:1015400004D91EE00134B4F5807F1AD0104821463A
:1015500003F09EF80028F5D0A4B20E48214603F00F
:1015600097F880B10134A4B2B4F5807F09D008485F
:10157000214603F08DF80028EED10134B4F5807FC8
:10158000F5D14FF6FF74204610BD0024DEE700BF02
:1015900068460020884600204FF6FF73984210B539
:1015A00013D0441CA4B2FF2C04D90BE00134B4F5D1
:1015B000807F07D00648214603F06AF80028F5D05E
:1015C000A0B210BD4FF6FF7010BD0024F2E700BFBF
:1015D0008846002038B5002425462146044803F0FB
:1015E00057F80134B4F5807F0544F6D1284638BD5C
:1015F00068460020074B1B7803B9704710B50446B6
:1016000004F08CF9204601F029FB2046BDE810408B
:1016100003F0B8BD534B00202DE9F04F87B083464F
:101620004FF6FF708A4691460193FFF7C7FC0423EB
:10163000039302AB0025059304AA03AB06210446DD
:1016400002950495FFF7D6FB072844D04FF6FF78A4
:10165000034647464FF0FF360AE0052B15D1FFF74A
:10166000ADFC03AB062104AA0446FFF7C3FB034607
:101670002046002BF1D1029BAB4224BF27461D46DA
:10168000B3423CBFA0461E46E9E74FF6FF739C42BB
:1016900003D0032007B0BDE8F08FA74219D0A045C2
:1016A0000CBF05200020BBF1000F01D0ABF800708B
:1016B000BAF1000F01D0CAF80050B9F1000F01D003
:1016C000A9F80080019B002BE4D01E6007B0BDE8A4
:1016D000F08F0520E7E7052007B0BDE8F08F00BFD9
:1016E0000D4B10B51C7854B100230C490C481A4618
:1016F000FFF792FF052805D0B0FA80F46409094B82
:101700001C7010BD06494FF6FF720A80034A002381
:101710001360044B1C7010BD534B0020B4460020D6
:10172000324B0020524B00202DE9F043044687B095
:10173000808804F067F823786080083B032B08D882
:10174000DFE803F038271702624B1A78002A40F0CE
:101750008D80614F3B784BB1604E002556F8043BBD
:10176000204698473B7801359D42F7DB07B0BDE83E
:10177000F083584D2B78002B35D1594B1B78002B1B
:10178000E7D0584BA2881B889A42E2D1FFF7A8FF06
:10179000DFE7637A002BDCD153490A68002AD8D0EE
:1017A000E0688242D5D151480B600268E360013A9B
:1017B0000260CEE7637A9BB94B490A681AB1E068C8
:1017C000824200F08180464B1B78002BC1D0454BF4
:1017D000A2881B889A42BCD1237A062BB9D1D5E7BF
:1017E000012BB6D1EFE74FF6FF70FFF7E7FB4FF69F
:1017F000FF7398420646C0D1FFF7E2FBB042BCD16E
:1018000000230DF104080C22334F0193C8E9013382
:10181000C8E903338DF804204FF0FF32CDF80620DD
:101820003A782B70A2B12D4E1D46B14659F8043BB3
:10183000204698473B7801359D42F7DB43B10025B0
:1018400056F8043B404698473B7801359D42F7DB0C
:10185000234B1B78002B89D0224BA2881B889A42ED
:1018600084D107B0BDE8F043FFF73ABF00250DF182
:101870000408194F1D70A36801953A78C8F8045000
:10188000C8E9035503930D238DF804304FF0FF335F
:10189000CDF80630002A3FF469AF104EB14659F832
:1018A000043B204698473B7801359D42F7DB002BEF
:1018B0003FF45CAF002456F8043B404698473B7821
:1018C00001349C42F7DB51E7064AA0880B60108088
:1018D000E3603EE7514B0020504B0020A84600201B
:1018E000524B0020324B0020B8460020B446002066
:1018F00078B1F8B5074F3B7853B1074E0546002441
:1019000056F8043B284698473B7801349C42F7DB65
:10191000F8BD7047504B0020A8460020F8B5074F8F
:101920003B7853B1064D0646002455F8043B30463B
:1019300098473B7801349C42F7DBF8BD504B0020C0
:10194000A8460020F8B5074F3B7853B1064D064630
:10195000002455F8043B304698473B7801349C42BC
:10196000F7DBF8BD504B0020A8460020F8B5074F24
:101970003B7853B1064D0646002455F8043B3046EB
:1019800098473B7801349C42F7DBF8BD504B002070
:10199000A846002010B5FFF7F9F9D8B9FFF75EFCAB
:1019A000C0B901F023F9A8B900F0B6FB90B903F073
:1019B00075FB78B903F04EFD60B9074A074C08493A
:1019C000084B20604FF6FF7CA2F800C0012208708F
:1019D0001A7010BD032010BD324B0020B846002005
:1019E000524B0020534B00200A4B1B786BB10A4A24
:1019F0001378022B0BD810B4591C084C117044F802
:101A0000230000205DF8044B704708207047042035
:101A1000704700BF534B0020504B0020A8460020C9
:101A2000034B1B780BB101F033B90820704700BF9E
:101A3000534B002008B5054B1B782BB101F04AF938
:101A4000082808BF112008BD082008BD534B0020FE
:101A500009B101F03DB97047024B1B7803B97047DB
:101A600003F070BC534B0020034B1B780BB100F00C
:101A7000FDBF0820704700BF534B0020024B187871
:101A800000B97047FFF79EBA534B0020034B1B78F9
:101A90000BB103F0E7BE0820704700BF534B002096
:101AA00010B4054C24781CB15DF8044BFFF7B4BDAD
:101AB00008205DF8044B7047534B0020384B1B78CF
:101AC00073B32DE9F041374B374E054693E80300D9
:101AD00088B0337801AC84E80300C3B1334F3E686B
:101AE000D6B9334BDFF8D4801A88D8F80030AA4230
:101AF0001CD05A1C16D001332C4AC8F8003021469D
:101B00002846FFF7F1F900283AD1002005E0FFF759
:101B1000E7FD3378002BE1D1112008B0BDE8F0815A
:101B200008207047132008B0BDE8F081002BE2D0F8
:101B300003AC0823284603968DF80C30C4E90266EE
:101B40006660266103F05EFE9DF81C30194FADF80B
:101B50000E0066F300038DF81C303B78ADF8105092
:101B60000622ADF814200696002BCED0124D55F863
:101B7000043B204698473B7801369E42F7DBC4E79A
:101B8000D8F800300022013B11283A60C8F8003034
:101B9000C2D08628C1D0072818BF0320BDE700BFE8
:101BA000534B0020C08D0300524B0020B84600204C
:101BB000324B0020504B0020A8460020B4460020A5
:101BC00076DF704710B5044682B059B901A9FFF716
:101BD0004BFF43F20202904200D040BB9DF804301C
:101BE0009B071BD400212046FFF724FF11280CD8A7
:101BF00011280ED8DFE800F0120D0D0D0D0D0D0DA2
:101C00000D0D0D120D140D0D0D1243F2020398422D
:101C100004D002B0BDE8104001F0D2BB02B010BD4C
:101C20001321204602B0BDE81040FFF7C9BF01F004
:101C3000C7FB9DF804309B07F0D4D3E7017839B196
:101C4000072900D0704780680028FBD001F0B8BB9E
:101C50004088FFF7B7BF00BF2DE9F041037886B099
:101C60000446142B0FD8DFE803F0630E950E0E0E1A
:101C7000110E0B0E0B0E0E0E0E0E0E0E0E224B0044
:101C80007D4B01221A7006B0BDE8F0817B4C2378B1
:101C9000002BF8D1784D2B78002B00F0938002F0C8
:101CA00073FB002840F0C88001232370EBE77449E0
:101CB000724A714B0C68734F002515701D7004F14A
:101CC00008084FF6FF76624202F0070204F00703AD
:101CD00058BF534201A837F81320B2420AD00295E8
:101CE000CDE9035527F81360ADF808200195059557
:101CF000FFF7B2FF0134A045E5D106B0BDE8F081A1
:101D000083685E4948F20D6200209342087002D059
:101D1000B3F5064FB7D10023062201A8CDE9013360
:101D2000CDE9033305938DF80420FFF795FFAAE76B
:101D30008088FFF7C3FE13283DD813283DD801A3A0
:101D400053F820F0871C0300BB1D0300BB1D0300DC
:101D5000BB1D0300BB1D0300BB1D0300871C03004C
:101D6000871C0300BB1D0300BB1D0300BB1D03003C
:101D7000BB1D0300BB1D0300BB1D0300BB1D0300F7
:101D8000BB1D0300BB1D0300011E0300BB1D0300A0
:101D9000871C0300037A012B3FF675AF002382886E
:101DA000059301A8CDE90133CDE90333ADF808204F
:101DB000FFF752FF67E7862822D006B0BDE8F04162
:101DC00001F0FEBA01A802F0C1FB002843D1BDF822
:101DD0000A30002B14BF012300232B707FF45FAF68
:101DE000002301AA19461846FFF75AFE064648B3D3
:101DF000731F012B7FF647AF304601F0E1FA42E74F
:101E00001F4820490268A48821F81240531C5942F7
:101E100001F0070103F0070358BF4B4200220360A3
:101E2000062301A80192CDE90222CDE904228DF812
:101E30000430FFF711FF26E748F2076290423FF4B3
:101E400022AFBAE7BDF80400FFF720FE064670B9DE
:101E500001232B7023E701F0B3FABDF80A30002B01
:101E600014BF012300232B707FF40DAFB8E701F0FE
:101E7000A7FA01232B70BBE723210020544B00203D
:101E8000BC460020BC20002030B4DDE9024570B122
:101E900069B163B105FB04FC944508D83CB135B188
:101EA000C0E90245C0E9001330BC0020704707209C
:101EB00030BC7047F8B5002841D003680646002BB7
:101EC0003DD0406800283AD0B368002B37D00025B9
:101ED0000F46FF2429460DE0FF2C08BF2C462B1B84
:101EE0000133BB422CD0B3680135EDB29D42294687
:101EF00025D2706802F0B0FBBFF35F8F0028EBD0F3
:101F0000FF2C01D1FF24EEE7AC4204D3FAE7013401
:101F1000E3B29D42F6D93368002BF8D070680028F0
:101F2000F5D0BFF35F8F214602F0B2FB0028EED060
:101F30007068BFF35F8F214602F09EFBE7E7FF2446
:101F40002046F8BDA0B138B50368044673B14068B7
:101F500060B1FF290D4609D0BFF35F8F02F098FBF7
:101F600020B1E368206803FB050038BD002038BDC0
:101F70000020704748B138B50368044623B1406873
:101F800010B1FF290D4601D138BD7047BFF35F8FF7
:101F900002F07EFB0028F7D06068BFF35F8F294610
:101FA000BDE8384002F068BB7EDF70477FDF7047D6
:101FB00086DF704710B58C4686B011490024097839
:101FC00003940494ADF80E208DF8103022460323BC
:101FD00001948DF80CC08DF80430ADF80600029421
:101FE0000594FEF797FBBDF8060003F099FB034646
:101FF00001A8ADF8083000F08BFD06B010BD00BFA1
:102000002721002030B5164B0C46221E87B018BF82
:10201000012219780546FEF77DFB124BA4F101025F
:10202000B2FA82F2197828465209FEF773FB0023B0
:102030000122284601930393CDE904338DF804204F
:102040000293ADF806508DF80C4003F069FB03468F
:1020500001A8ADF8083000F05BFD07B030BD00BF4F
:102060002621002025210020F0B5244C87B00E4603
:10207000217815460446FEF72FFB08B907B0F0BDDE
:102080001F4B20461978FEF727FB0146C8B11D4BB0
:1020900020461978FEF720FBC0F1020704F5807096
:1020A00080B20721FFB2FFF775F908B1052810D1FA
:1020B0002B4632463946204607B0BDE8F040FFF7D0
:1020C00079BF2B463246204607B0BDE8F040FFF707
:1020D00071BF0023CDE90133CDE904330390072319
:1020E0002046ADF806408DF8043003F019FBADF83A
:1020F000080001A800F00CFDDAE700BF272100204E
:102100002621002025210020024B0A781978FEF7AD
:1021100001BB00BF24210020F8B5184C2378182BF0
:1021200028D0174D2B78182B20D0164E3378182B2B
:1021300018D0154F3B78182B10D02378182B0BD0C4
:102140002B78182B08D03378182B05D03B78182B18
:102150000CBF03200020F8BD0320F8BDFEF7B2FA43
:102160003870EAE7FEF7AEFA3070E2E7FEF7AAFA57
:102170002870DAE7FEF7A6FA2070D2E727210020C0
:102180002621002025210020242100202DE9F041D6
:1021900090B00E4617460546FEF7DCF920220446AD
:1021A00000210DEB020004F0FBFF012C16D0002CE7
:1021B0003CD056B1284603F0B3FA3378DA0727D477
:1021C000444B0B970F93002100E0852108AB0022C0
:1021D0002846FFF7EBFE10B0BDE8F081DFF8F8808D
:1021E000002298F800102846FEF794FA002E45D0F9
:1021F000284603F095FA4FF6FF73984205D098F8F9
:1022000000102846FEF768FAA8B13378DB0740D5FE
:1022100003AB05F5807080B201220721FFF758F863
:102220001128D8D0002839D00320D4E743F2020087
:1022300010B0BDE8F0810423CDE90300CDE905002D
:1022400007908DF80C30284603AB0193ADF80E5083
:1022500003F066FA019BADF81000184600F058FC38
:1022600098F800102846FEF737FA3278019B02F002
:10227000010260B912B9174B0B970F93852108AB78
:1022800032462846FFF792FE10B0BDE8F081002AE2
:10229000BFD1104B0B970F930021F0E7014650225E
:1022A000049804F07DFF04990A4A0B46284603F877
:1022B000344B089301F118030C934B1C11310B970D
:1022C0000F920D9303F042FA10B9012CE4D07AE793
:1022D000082080E7C04600202421002038B50546AC
:1022E0000C46FEF737F9012802D043F2020038BD50
:1022F0003CB121462846FFF757FE042808BF1120AD
:1023000038BD204638BD00BF2DE9F0470388113B9A
:1023100088B00446092B32D8DFE803F04C31055B66
:102320003131313198348088FEF714F9012810D109
:10233000257AA688C94B05F00105C5F10205197873
:102340000246EDB23046FEF7E5F929463046FFF782
:1023500059FE34F8040F0023CDE906330522043476
:10236000CDE9033305948DF80C20ADF80E0003F091
:10237000D7F9034603A8ADF8103000F0C9FB08B048
:10238000BDE8F087B64B80881978FEF7A5F90546B9
:102390000028F4D1A088FEF7FFF80146A0880029A4
:1023A00040F0DF80012341F2060208B0BDE8F047AB
:1023B000FFF700BE037A80883D2B41F23D014FF0CC
:1023C000000218BF4FF4885108B0BDE8F047FFF78E
:1023D0004BBE00F11006304603F0F0F94FF6FF73E4
:1023E00005469D42A088A84600F09780294603F044
:1023F0002FFAA788994B384619780122FEF78AF9F7
:1024000000213846FFF7FEFD01AA07212846FEF706
:102410005BFF002800F09980002500231A46A08861
:102420002946FFF7C5FD08280346A8D0002840F03C
:10243000D480A37EDA07A2D5002DA0D1A0882B4698
:1024400041F206022946FFF7B5FD98E7057A86882E
:10245000002D74D1814B2A4619783046FEF75AF97F
:10246000637A5B0740F1C68006F580791FFA89F927
:1024700001AB012207214846FEF72AFF0746002844
:102480007DD1304603F04CF94FF6FF739842054674
:10249000804600F0B8800DF10C0848462A46072116
:1024A000FEF7D0FF002800F0C580862800F0DC8011
:1024B0004FF00009CDF80C900723C8E90199C8E94D
:1024C0000399059030468DF80C30ADF80E6003F09E
:1024D00027F9ADF81000404600F01AFB637AA08897
:1024E0008DF8159013F0040F0CBF022301238DF813
:1024F000143002238DF80C30ADF80E0003F010F903
:1025000003464046ADF8103000F002FB002F3FF4C8
:1025100036AF284603F0A6F931E703F001F9A788A2
:102520004E4B0546197801223846FEF7F3F8384637
:102530000021FFF767FD45453FF46EAF64E7427A3F
:10254000294602F0030230463EE7A37ED8077FF516
:1025500063AF029D95F84430D90740F1A58034352A
:102560005BE73E4B2A461978FEF7D4F8A088ADF811
:102570000E0002238DF80C30ADF81450F7E6072357
:1025800005903046CDE90355CDE906558DF80C3060
:10259000ADF80E6003F0C4F80DF10C080346404698
:1025A000ADF8103000F0B4FA637AA088ADF80E00F0
:1025B000022213F0040F0CBF134601238DF80C20E8
:1025C0008DF814308DF8155003F0AAF803464046F4
:1025D000ADF8103000F09CFAD1E60022A0880593F7
:1025E0000721CDE90322CDE906228DF80C10ADF8C4
:1025F0000E00BCE60223A0888DF80C30ADF80E006A
:10260000ADF81430B3E60146029803F069F840458E
:102610000546824651D0134F0146304603F018F963
:1026200039783046FEF758F8002853D00DF10C08E1
:10263000002732E7637AA08813F0040F4FF00201FD
:102640000CBF0A46012201238DF80C10ADF80E00D4
:102650008DF814208DF81530B6E700BF2721002033
:102660002621002024210020002303930622C8E90C
:102670000133C8E9033330468DF80C20ADF80E6005
:1026800003F04EF803464046ADF8103000F040FA33
:10269000627AA08812F0040F4FF002014FF001039C
:1026A0000CBF0A461A46CFE7314605F1460003F053
:1026B0006BF800287FF453AFAEE6FEF76DFC504593
:1026C00005462CD00146304603F0C2F801270DF133
:1026D0000C08E2E60423CDE90300CDE905000790EC
:1026E00030468DF80C30ADF80E6003F019F80DF19E
:1026F0000C08ADF81000404600F00AFA3978304670
:10270000FDF7EAFF0346002892D1627AA08812F012
:10271000040F4FF002010CBF0A46012294E7072381
:10272000CDE9037730468DF80C3004230593CDE9CD
:102730000677ADF80E6002F0F3FF0DF10C080346CA
:102740004046ADF8103000F0E3F9637AA088ADF8A8
:102750000E00022213F0040F0CBF134601238DF864
:102760000C208DF814308DF815702DE748B30378E0
:1027700003F08202802A23D0C3F30212042A1FD856
:1027800003F0F202322A1BD0427881788A4217D8AD
:10279000062A15D9102913D8C27812F0040C0FD1CB
:1027A000017948070CD40A43110709D4C2F3010286
:1027B000C3F30003002A08BF83F00103D8B27047B7
:1027C0000020704770B505468AB0112932D8DFE87D
:1027D00001F02F313131313131312F313131310986
:1027E0003131312F0023CDE90533CDE907331646CA
:1027F000099302F095FF0323ADF816508DF81430BD
:10280000ADF8180005AC0FCC6D460FC523682B60E2
:102810007EB3337803F00103C3F10203DBB241F26C
:10282000011268468DF80830ADF80A20FFF760F80D
:102830000AB070BD00230C46CDE90533CDE907335E
:10284000099302F06DFF0723ADF816508DF8143090
:10285000ADF818000DF1140CBCE80F006D460FC563
:10286000DCF800302B6068460294FFF741F80AB0AC
:1028700070BD0223D3E700BF2DE9F041244B8EB099
:102880000026CDE90A661B68099309AC054688460F
:1028900094E8070001AF87E80700CDE90C660996C8
:1028A0002846A66002F03CFF05238DF82430ADF8E1
:1028B0002800ADF826500FCC0DF1100CACE80F003D
:1028C0002368CCF8003004A8CDF818800797FFF7EC
:1028D0000FF8104B01991A682846FFF757FC0E4B6A
:1028E000A0F11102B2FA82F2197804465209284680
:1028F000FDF710FF094B324619782846FDF70AFF0D
:10290000019A21462846FFF75DFF0EB0BDE8F08131
:102910000447002000470020282100202B21002010
:102920000021FFF7A9BF00BF2DE9F04706468EB092
:10293000174698460C4600294AD13B4B0A911B6822
:10294000099309AD0B91CDE90C1195E807000DF144
:10295000040989E807003046099402F0E1FE4FF0CF
:10296000050A8DF824A0ADF82800ADF82660AC4625
:10297000BCE80F0004AD0FC5DCF80030CDF81C90AA
:1029800004A82B60FEF7B4FF284BDDF804901B78F9
:102990000BB349463A463046FFF7A0FC244B1128BA
:1029A000197805461DD000223046FDF7B3FE0D2DE7
:1029B00034D842F60113EB4013F0010F14BF2C463C
:1029C0000324B8F1000F20D120460EB0BDE8F087F7
:1029D0004FF00009DDE79DF80D30002BD9D15446AA
:1029E000F2E701223046FDF795FE124B2246197898
:1029F0003046FDF78FFE104B3A4619783046FDF70A
:102A000089FE0024B8F1000FDED030464A46294640
:102A1000FFF7D8FE20460EB0BDE8F08743F202046F
:102A2000A54218BF0324CCE704470020554B0020E3
:102A30002B210020292100202A21002070B5094BDC
:102A400019780446FDF748FE074B054619782046DD
:102A5000FDF742FE2A46014601232046BDE87040AC
:102A6000FFF762BF2A21002029210020002940D041
:102A7000F0B583B006460C46FDF776FD054648B333
:102A8000304602F04DFEA5F102054FF6FF73C31A62
:102A9000B5FA85F518BF01236D0945EAC30523780A
:102AA00023F009031D43257007463046FDF774FDEA
:102AB000237860F3410323703046FDF785FD2378CA
:102AC00060F3820323703046FDF796FD054628B17A
:102AD000012507E043F2020003B0F0BD3046FDF7E8
:102AE0005BFD40B92378002065F30413237003B025
:102AF000F0BD0E2070476A4607213846FEF7E4FB1A
:102B00000028EFD1019B93F84430DB07EAD5DFE7DB
:102B100070B50378052B82B004461BD0122B05D06C
:102B2000204602B0BDE87040FEF7E2BE1E4B1A68B8
:102B3000BAB14088FDF730FD0546A0B9024660886D
:102B400001232946FFF7F0FE204602B0BDE87040A1
:102B5000FEF7CEBE8168408802B0BDE87040FFF746
:102B60008BBE0125EBE7227A6088C2F34003C2F3F3
:102B700000019B0043EAC103C2F3800243EA02134F
:102B800001A9E02203F01C068DF80420FFF76EFF78
:102B900030B99DF8043026EA03031D1E18BF012535
:102BA0002A460025CBE700BF0447002008B503787C
:102BB0000B2B02D8072B02D808BD132BFCD1074BD7
:102BC000074918780022FDF7E9FD064B06491878F9
:102BD0000022BDE80840FDF7E1BD00BF282100202C
:102BE000212903002B2100203D2A030010B5174C9A
:102BF0002378182B0DD0164C2378182B10D0154C99
:102C00002378182B13D0144C2378182B16D00020BF
:102C100010BDFDF757FD20700D4C2378182BEED119
:102C2000FDF750FD20700B4C2378182BEBD1FDF7EE
:102C300049FD2070084C2378182BE8D1FDF742FDA0
:102C400018282070E3D1032010BD00BF2B210020E5
:102C50002A210020292100202821002008B5FFF783
:102C600053FB074B074918780022FDF797FD064BE9
:102C7000064918780022BDE80840FDF78FBD00BF67
:102C800028210020212903002B2100203D2A0300B8
:102C900038B5044680B1FFF769FD58B1094B20688B
:102CA00018602179084D094A197101212B601170B2
:102CB000002038BD072038BD0349044B08600122BD
:102CC0001A70F5E70847002004470020554B002004
:102CD000FFF71ABA00230A461946FFF725BE00BFC0
:102CE00010DF704711DF704710B582B00C49044601
:102CF0006846FCF793FF019B2BB90DE06846FCF793
:102D000095FF019B43B1D3E900212046904700285D
:102D1000F4D1112002B010BD002002B010BD00BFE0
:102D2000E08D03000B4991F81623EC23520913415F
:102D3000DB070BD5084B9A6822B11A6842F480026F
:102D40001A6070474FF480030B60704742F2020034
:102D500000F036BB00E100E05847002070B5284D78
:102D600082B001202870FFF7BFFF11283AD0254913
:102D70006846FCF753FF019B4BB1D3E900210220C9
:102D800090476846FCF752FF019B002BF5D10026C7
:102D900068468DF8006000F023FBFFF7A3FF1A4B95
:102DA00004469DF800001E7000F040FB14B1204660
:102DB00002B070BD154B2C709A68BAB11A6822F433
:102DC00080021A600F496846FCF728FF019B4BB14F
:102DD000D3E90021032090476846FCF727FF019BB9
:102DE000002BF5D10024204602B070BD084B4FF4F3
:102DF0008002C3F88020BFF34F8FBFF36F8FE1E7EE
:102E0000564B0020D48D0300584B0020584700201B
:102E100000E100E030B5264D85B0012300202B7085
:102E2000FFF762FF11283FD0224902A8FCF7F6FE07
:102E3000039B4BB1D3E900210020904702A8FCF787
:102E4000F5FE039B002BF5D11B4A0023126801926B
:102E500002A88DF8083000F0C3FA184901A8FFF75E
:102E60003FFF174AB0FA80F304465B099DF808005B
:102E7000137000F0DBFA14B1204605B030BD114BE1
:102E80002C701C70FFF74EFF0A4902A8FCF7C6FE23
:102E9000039B4BB1D3E900210120904702A8FCF726
:102EA000C5FE039B002BF5D10024204605B030BDA4
:102EB000564B0020D48D0300EC8D03004528020002
:102EC000584B0020574B0020034B1B780BB9FFF7E2
:102ED000A1BF0820704700BF584B0020054B1B784E
:102EE00033B1054B1B780BB1FFF738BFFFF792BF2B
:102EF00008207047564B0020584B0020014B187893
:102F0000704700BF584B00200C4B1B7803B970472B
:102F10000B4B9A683AB11A6822F480021A60094B86
:102F200001221A707047084B4FF48002C3F88020CA
:102F3000BFF34F8FBFF36F8FF1E700BF584B0020F7
:102F400058470020574B002000E100E010B5084C26
:102F5000237813B1074B1B7803B910BD064B4FF410
:102F60008002C3F80021FFF7DDFE0023237010BDAF
:102F7000574B0020584B002000E100E0034B1B782A
:102F800013B1034B1878704701207047584B00204D
:102F9000574B002000B583B008496846FCF73EFE59
:102FA000019B43B1D3E9002090476846FCF73EFE01
:102FB000019B002BF6D103B05DF804FBC88D030024
:102FC00060DF704769DF704761DF7047144B1B7823
:102FD0002BB310B5342490B00DF1020103A8ADF865
:102FE0000240FFF7F1FF88B90E4901A8FCF716FE71
:102FF000029B002BF0D0D3E9002103A8904701A841
:10300000FCF714FE029B002BF5D1E5E7052801D162
:1030100010B010BD10B0BDE8104000F0D1B970473D
:10302000594B0020F08D0300002941D070B584B0C9
:1030300000240D461F4A0A60CDE9014401260623FB
:103040008DF8040001A92020ADF8083003948DF814
:103050000660FFF7B7FF2A68039401A94020CDE975
:1030600001448DF80560FFF7ADFF04230DEB03016C
:103070002A6803943046CDE901448DF80430FFF707
:10308000A1FF4FF4E4632A68019301A9A120CDE9CF
:103090000244FFF797FF2A68039401A9A020CDE915
:1030A00001448DF80460FFF78DFF204604B070BD29
:1030B0000E2070474020002008B5FFF781FF10B9AF
:1030C000014B01221A7008BD594B00204BDF70479D
:1030D00000B585B001A8FFF7F9FFA8B90F4902A80C
:1030E000FCF79CFD039B002BF4D0D3E90021019851
:1030F000904702A8FCF79AFD039B002BF5D101A88D
:10310000FFF7E4FF0028E9D0052802D105B05DF8FB
:1031100004FB05B05DF804EB00F052B9FC8D030030
:1031200000207047A8DF70472DE9F041002762F3C7
:103130000F0788B0144680461E4662F31F470D46AF
:10314000E1B1BCB11E2200210DF1020004F028F80B
:103150000C4BADF8008002228DF80D2018880E9AD5
:103160008DF811606946CDE90175FDF749FB08B09E
:10317000BDE8F081204600F023F9E3E7084600F0BF
:103180001FF9DEE7344B002070B501238EB041F605
:103190000A05814AADF80C5003A9044618468DF87B
:1031A0000E30FFF7BFFF0546002840F099802288C7
:1031B000002A40F098802289002A40F0A480228AC8
:1031C000002A40F0AF80228B002A40F0BA80228C87
:1031D000002A40F0C580228D002A40F0CE80236B6B
:1031E000002B36D01A688DF810201A6894F83C60CD
:1031F000120A8DF811205A888DF81220DA788DF88D
:1032000013205A688DF814209B688DF815301A0A1F
:103210008DF816201B0C1E2200210DF11A008DF8CE
:10322000173003F0BDFF42F62323ADF818304FF0FE
:103230000813079304AB089302238DF82530564BEF
:10324000564A18888DF8296006A9FDF7D9FA002892
:1032500055D1636B5BB11A791968514B009394F89F
:103260003C3042F62A20FFF75FFF002847D1A36BCE
:10327000002B35D01E785888998894F83C4000225D
:1032800066F3070260F30F22000A60F3174261F34E
:103290001F62090A04928DF81410DB888DF815302E
:1032A000180A1E2200218DF816000DF11A0003F0F5
:1032B00077FF42F65023384AADF818304FF0071325
:1032C000079304AB10880893364A8DF829400223EF
:1032D00006A98DF82530FDF793FA002818BF05469A
:1032E00028460EB070BD304994F83C3000916168BA
:1032F00042F62920FFF718FF00283FF45CAF05468F
:1033000028460EB070BD294994F83C300091E16820
:1033100042F62420FFF708FF0028F0D1228A002A75
:103320003FF451AF224994F83C300091616942F674
:103330002520FFF7F9FE0028E1D1228B002A3FF477
:1033400046AF1C4994F83C300091E16942F62720D1
:10335000FFF7EAFE0028D2D1228C002A3FF43BAFCF
:10336000154994F83C300091616A42F62620FFF737
:10337000DBFE00283FF42FAFC1E7104994F83C3042
:103380000091E16A42F62820FFF7CEFE00283FF4C4
:1033900026AF0546B4E700BF344B0020204700208D
:1033A00018470020104700205047002048470020C1
:1033B00040470020384700203047002028470020A1
:1033C00000B585B00346002101AA44F20100CDE911
:1033D00001110393EFF736FA05B05DF804FB00BF67
:1033E00070B4EFF3108472B60D4A9368ABB9012143
:1033F00091600C490C4ED1F8805035401560C1F8F1
:103400008060D1F8845055604FF0FF32C1F88420BD
:10341000037004B962B670BC70470123F8E700BFBF
:103420005847002000E100E0FC06FFBD094B9A6808
:103430007AB170B910B4EFF3108172B6064A1C6805
:1034400014605C685460986001B962B65DF8044B22
:10345000704770475847002000E100E010B4104C5E
:10346000104A638803EB830302EB8302D36853B9EA
:103470004FF0040C84F800C051680B485DF8044B11
:10348000012201F0F1B9094A052002212070918042
:10349000054811685DF8044B0023012201F0E4B9EE
:1034A0008047002094470020542100208C470020B2
:1034B00000F5805C083002230B80036801332AD0BA
:1034C00030B5B0F802E00EF1030300EB83039C4536
:1034D00022D384884FF6FF739C4217D00388ABB188
:1034E00083685C1C12D0104C25689D4200D223607A
:1034F0000B88033373440B804388033300EB830052
:10350000844502D903680133DBD130BD002AEFD0F6
:1035100001231370ECE770470AB1012313704FF4D5
:1035200080630B8030BD00BF444800201E4A0B68FA
:1035300000EB800002EB8002526802F58050FBB184
:103540005A88033203EB8203984217D91A68013272
:103550004FF6FF7C12D05A88033203EB820290426E
:103560000CD310B5B3F804E0E6450CD01C8854B178
:103570009C68013407D00B60012010BD002070470B
:1035800002F10803E0E790420BD9134612680132BA
:103590004FF6FF7C05D05A88033203EB820290423B
:1035A000E0D2002010BD00BF9447002030B5426833
:1035B00083B004460D461AB11C4BD9688A4218D212
:1035C00000232B80019304E0019B226899689142BB
:1035D00009D001A90020FFF7A9FF0028F4D1012399
:1035E0002B8003B030BD124A63601389238103B07E
:1035F00030BD1B699A42E3D812F00303E0D10C49B5
:10360000008909898842DBD1206891688842D7D136
:10361000084949688A4203D901F580518A4201D399
:103620001846DEE72B800120DBE700BF5421002095
:10363000804700209447002030B5104C83B034F808
:10364000020C2146FFF772FF20B903B0BDE83040FD
:10365000FFF704BF0A4B226899881B68094803EBEF
:10366000810153880025033300959BB203259B00FD
:1036700004F8045C01F0C4F803B030BD84470020B6
:103680008C470020542100202DE9F04FAF4FDFF888
:10369000E08289B00446D7F80090B9F1000F76D0E7
:1036A00099F80060731E052B00F29683DFE803F0A3
:1036B000482B2B030356002C40F08B8099F80430E4
:1036C000012B00F06D82022B00F09A82002B40F05B
:1036D0000781022303AD89F804300DF10A01D9F8FE
:1036E0000C3003932846CDE90444FFF75FFF002820
:1036F00040F01D8348F2096400230393C5E90133B8
:10370000C5E903336DE0B9F814B0002C46D1904DF3
:1037100099F816200BEB8B0305EB83034FEA8B0A1A
:1037200019895C6804EB8104062A00F24383DFE810
:1037300012F049018901CA01B6013C019D016301F2
:10374000002C40F0218299F80430032B00F23883DA
:10375000DFE813F01E015C021201CE00002C40F0E5
:103760009B8098F80B2098F80030002A00F0A18088
:1037700088F80B40013B062B00F2F981DFE813F0DB
:103780007A02F301D601D201F7015502BE01714957
:103790007148FCF78FF98146386081E799F8162067
:1037A000B9F806306A4D022A07D90BEB8B0105EBFD
:1037B0008101DA1C088902440A814FEA8B0A0AEB6C
:1037C0000B0205EB8202C3F57F435189FD330B44A5
:1037D0005381002303AD0393C5E902332B614FF4FA
:1037E0000644023E0494042E0BD8DFE806F0243D84
:1037F00033035E0004238DF80C30B9F80630ADF8C1
:103800001830564C04F1100654F8043B284603B116
:103810009847A642F8D14F494F4800243C60FCF736
:103820007BF94F48012100F0C9FF00287FF433AF36
:1038300009B0BDE8F08F01238DF80C30B9F80810FD
:10384000B9F80420D9F80C300593ADF81810ADF88C
:103850001A20D6E703238DF80C30D9F80620D9F8C2
:103860000C30CDE90532CCE702238DF80C3099F805
:103870001630B9F80820B9F80410ADF81820A3F1F3
:103880000603B3FA83F3D9F80C2005925B09ADF86F
:103890001A108DF81C30B4E703AD00230393C5E97B
:1038A00002332B614FF40643049305238DF80C304B
:1038B000A7E7072B3FF65EAF01A252F823F000BF47
:1038C000B53C03007537030075370300513B030017
:1038D000ED3C0300F73A0300F73A0300DF3C030036
:1038E000CDE905440394079403AD48F20E6478E7EC
:1038F0001C4C1D4A1D48164D002689F80460009690
:103900002168082300F07CFF194B22685B8803EBD9
:10391000830305F8236005EB830359685A60A28886
:103920001A8102232160A380002881D003ADD7F83B
:103930000090104A99F80060002303935360C5E992
:1039400002332B6148F20D644BE700BF7C47002037
:103950009447002078470020A847002048480020CE
:103960005C4800208C4700200C8E0300542100206E
:103970008047002060480020B44AB5480023022157
:1039800089F8043091801168012200F06DFFCBE7C7
:10399000AE4BB04A1968AE48012389F804300023C1
:1039A0000093082300F02CFFBEE7AB4AD9F818308B
:1039B0001360AA49002310465360FFF7F7FD002863
:1039C00000F0E481022389F81630002300930423D9
:1039D0009F48214609EB030200F012FF00283FF444
:1039E00027AF99F816203968B9F806300E78022A00
:1039F00048F20D640ED904E0B9F80630494641F6A4
:103A00001D540AEB0B0005EB8000DA1CB0F808C06F
:103A100062440281DA4405EB8A0AC3F57F43BAF8AF
:103A20000A20FD3313448946AAF80A3003AD002367
:103A300041F61D520393944208BF1C46C5E9023368
:103A40002B61CEE6032E14BF0623052389F816301A
:103A5000002300937E48211D042309F1080200F091
:103A6000CFFE0028BDD109B0BDE8F08F7A4B7C4A6B
:103A700059687A4B76481C88062389F8163000234B
:103A80000093042300F0BCFE0028AAD104EB8404B8
:103A900005EB840301221A7409B0BDE8F08FB9F870
:103AA0000630D9F81020012089F816000020009077
:103AB00004F10C0166489B0000F0A2FE002890D1A2
:103AC00009B0BDE8F08FD9F810306148002B0CBF69
:103AD0000123032389F816300023009304F1080121
:103AE000042309F10C0200F08BFE00287FF479AF6B
:103AF00009B0BDE8F08F072388F800300023009359
:103B0000C8F80430514B534A19685148082300F053
:103B100077FE0446002C3FF48BAED7F8009099F85E
:103B2000006083E7FFF79AFC0446F3E7D8F8042027
:103B30004648538884880168033300209BB201EB18
:103B4000840100909B00424800F05AFE0446E1E7E1
:103B50003E4AD8F804305988938803330B44938045
:103B6000022388F80030FFF767FD0446D2E703AD73
:103B700000230393C5E902332B6148F20E630493DB
:103B800005238DF80C303CE603AD364A0023039341
:103B90005360C5E902332B614FF40643049330E6CA
:103BA000304B1B78002B00F0DC802F4EB38813B90C
:103BB0002E4D2B785BB10023C6E9003303AD039390
:103BC000C5E90133C5E9033399F8006009E63146D8
:103BD0000020FFF7ABFC0028EDD03168B9F80630C3
:103BE0008A889A42F3D1002300931D4A184804237F
:103BF00000F006FE002840F0D88001232B7417E661
:103C0000CDE905440394079403ADEAE5174D2B78FD
:103C1000022B40F0AF800023009369682B70144A98
:103C20000B48082300F0ECFD7EE6B8F802200F4DAB
:103C30009300134405EB83030D4A5968044800239D
:103C40000093082300F0DCFD044663E78C47002066
:103C500054210020148E03006C470020364B0020B6
:103C6000088E03006048002064470020944700202D
:103C70000C8E030098F80A005C4D2B7C0021002874
:103C800053D0EA68002A4ED1002B44D108B188F8FD
:103C90000A3000230393CDE90433CDE9063388F8D5
:103CA0000030A8F80230C8F80430052303AD8DF8C1
:103CB0000C30A6E54D4DB8F8083028780133A8F847
:103CC0000830B0FA80F00023A8F8023088F80B30F2
:103CD0004009012388F8003088F80A00CDE7012365
:103CE00098F80A00414D88F80030C6E7B8F802207D
:103CF0003E4D3F4902EB820305EB830308685C6895
:103D000058608888188102238B80062388F8003049
:103D10000C6093008DE788F80A20A8F80220FFF7CE
:103D20008BFC0446F6E60B46B0E70346AEE7049983
:103D3000304A8B88A9F806300B88A9F808302E483D
:103D400000940423BDF80A4000F05AFD30BB274B15
:103D500004EB840403EB840301221A7409B0BDE868
:103D6000F08F264BC3E9004448F20164002303AD01
:103D7000039325E7224A002303AD01210393117029
:103D8000C5E90133C5E9033353603AE5CDE90500E0
:103D90000390079003AD48F2096422E5D7F800903C
:103DA00048F20D6499F80060A6E4D7F8009048F254
:103DB0000D64DBE7B9F80630494648F20E6420E6A8
:103DC00003AD0F4A002303935360C5E902332B610F
:103DD00048F20D63049314E503AD00230393C5E992
:103DE00002332B6148F20E6304930AE594470020E6
:103DF0008C470020088E03005421002064470020D7
:103E0000604800204068FFF73FBC00BF2DE9F04F3D
:103E1000504C247883B0002C60D00D46002974D01B
:103E2000098899464FF6FF73994251D06B88002B51
:103E30004ED06E6816F0030661D18046002A67D026
:103E4000B2F800A0B2F802B0434801A9FBF7F0FDB8
:103E50000027C0F81170C0F81570C0F80D7080F818
:103E60000090C0F80170C0F80570C0F80970876153
:103E70006B6803610446A0F814A00121374800F0E4
:103E800091FC2B882381B9F1030F6B88E060A3803C
:103E9000A4F806B028D03048678101A9FBF7FAFDE5
:103EA000B8F1000F09D0E1682D4A0023128988F883
:103EB0000A30C8E90013A8F808202A48012100F0B8
:103EC00065FC38B9FFF7E0FB304603B0BDE8F08F82
:103ED00048F20366304603B0BDE8F08F48F2016651
:103EE000304603B0BDE8F08FD8F80030A36104235A
:103EF00001A96781A3751848FBF7CCFDD3E748F209
:103F00000266304603B0BDE8F08F48F20466E1E790
:103F1000B5F808B00BF1030240F2FE3392B29A42B8
:103F200014D8114948890B890C78034413449BB277
:103F30002CB148F20666304603B0BDE8F08FB3F509
:103F4000806FF6D802444A81B2467DE748F208669F
:103F5000C0E700BF60480020A84700204448002078
:103F6000804700205C48002094470020094A1168DF
:103F700004290BD038B51568074C034601211046BB
:103F800044F8253000F00EFC002038BD48F20B60EC
:103F9000704700BF58480020484800202DE9F04FE6
:103FA0009C4D89B02A780023CDE90333CDE9053350
:103FB0000793002A77D1281D02F0FF0800F00AFCC1
:103FC00020B10024204609B0BDE8F08FD8F8F83FB2
:103FD0005C1C74D04FF08052116952698E4E8F492B
:103FE00033610022A3F500533046F36000F0FEFB7E
:103FF00004460028E6D11C2389498A48DFF844A2F8
:104000008C22FBF7DBFC02232746A1469B46F06887
:104010003B58381800F0F08053455CD14368824A21
:1040200093427BD00132934257D1B8F1000F40F058
:10403000B1807E4B7E49186000220193FFF738FA69
:10404000019B9B88022B14BF082304231C43002FD1
:1040500061D05B46012B40F28B80E4B2062C00F06D
:104060008A8003D814F0FD0F00F082806D4802A909
:10407000FBF7DEFC053C00230122C0F81530C0F838
:104080000130C0F80530C0F80930C0F80D30C0F874
:10409000113083610270062C5CD8DFE804F0935B7A
:1040A000935B90599000634C04F1100554F8043B65
:1040B00003A803B19847AC42F8D1002482E74FF03F
:1040C00010234FF080525B6911695269581C08BF78
:1040D00002FB01F382E701330AD1021D00F5805192
:1040E00001E08A4271D01368013302F10402F8D072
:1040F000514B09EB890203EB82010BF1FF3B09F104
:1041000001094860032103F822101FFA8BFB1FFAF4
:1041100089F9002F9DD14FF4805778E7464B09EB82
:10412000890C03EB8C024FEA8C01506001F1100204
:1041300008314FF0000E1A44194409F1010903F83F
:104140002CE044F00204FFF7B3F91FFA89F97EE787
:104150000223037102A93348FBF79CFC3748012175
:1041600000F014FB00287FF42CAFFFF78DFA28E74E
:1041700048F20A6426E72F4C012200232A706B6064
:1041800004F1100554F8043B03A803B19847AC426E
:10419000F8D116E7DFF8A0C0244B09EB890E0CEB31
:1041A0008E0202210CF82E1011812549A1F80290EF
:1041B0001968516009F101091FFA89F93AE70323E7
:1041C0000371C7E701230371C4E7184B1A68DAB11A
:1041D00019491B4A09EB890C01EB8C03A2F80290E8
:1041E000022209F1010901F82C2058601FFA89F90F
:1041F0001A8144F001042AE75A1C3FF46EAF114AB9
:1042000093423FF46AAF73E7022218609A804FF03E
:104210000108EEE760480020542100201C8E0300B6
:10422000B8470020A8470020FE011EF18C4700205F
:104230009047002048480020944700205C48002018
:1042400080470020DEC0ADDE28B370B50D4682B0D9
:10425000E9B10DF106010446FFF7A8F918B948F2D3
:10426000096002B070BDBDF806300C48666803EB0B
:104270008303012100EB830000F094FA63682E6051
:10428000012200200C336B60A27202B070BD48F2B4
:10429000046002B070BD48F204607047A04700207F
:1042A00010B310B582B00DF106010446FFF77EF998
:1042B000B0B1BDF806300E4A03EB830302EB830373
:1042C000DA684AB1A27A3AB1DA680021013A0846BE
:1042D000DA60A17202B010BD48F2056002B010BDF4
:1042E00048F2096002B010BD48F20460704700BF98
:1042F0009447002002230022FFF788BD18B1032352
:104300000022FFF783BD48F2046070471B4B1B7807
:104310006BB330B54FF6FF73984283B0044629D093
:1043200001A91748FBF784FB03460022052101255C
:10433000C0F815200170C0F80120C0F80520C0F8B1
:104340000920C0F80D20C0F81120826101A90C4895
:104350001D71DC80FBF79EFB0A48294600F016FA27
:1043600010B1002003B030BDFFF78EF9F9E748F235
:104370000160704748F2036003B030BD6048002020
:10438000A84700205C4800201A4B1B7873B300B587
:1043900083B001A91848FBF74BFB03460022062116
:1043A000C0F81520C3F80120C3F80520C3F8092080
:1043B000C3F80D20C3F811209A6119700E4801A9A5
:1043C000FBF768FB0D4B1A780AB10122DA720C4830
:1043D000012100F0DBF918B1002003B05DF804FB07
:1043E000FFF752F9002003B05DF804FB48F20160CA
:1043F000704700BF60480020A84700208047002089
:104400005C480020F8B5174C277817B314461AB348
:104410000E46194603B39B8823B9134B1B7823B16F
:1044200001238B8048F20960F8BD05460020FFF7A4
:104430007DF8A0B10B689A88AA42F7D11A88B242D7
:10444000F4D10A4A996812892281C4E90013002034
:10445000F8BD48F20160F8BD48F20460F8BD08609C
:10446000DEE700BF6048002094470020804700201E
:1044700038B5154B1B78F3B10C46F9B11146EAB1CA
:10448000938823B9114B1B7823B101238B8048F209
:10449000096038BD05460020FFF748F888B10B6871
:1044A0001A88AA42F7D10A4A996812892281C4E976
:1044B0000013002038BD48F2016038BD48F20460A6
:1044C00038BD0860E1E700BF604800209447002045
:1044D0008047002038B5154B1B78F3B10C46F9B175
:1044E0001146EAB1938823B9114B1B7823B10123FC
:1044F0008B8048F2096038BD05460020FFF716F8AA
:1045000088B10B689A88AA42F7D10A4A9968128939
:104510002281C4E90013002038BD48F2016038BD93
:1045200048F2046038BD0860E1E700BF6048002041
:10453000944700208047002020B119B103680B6028
:104540000020704748F20460704700BF384B1B786A
:10455000002B4FD000285DD00022364930B4C0F87F
:104560000220C0F80620C0F80A20B1F80AC00B8962
:10457000C0F80E204A680224634404809BB2002ADB
:1045800035D02D4C1568A54231D12C4C55682C44A2
:10459000012C2CD8C9684180C3F5806189B2A0F88C
:1045A00008C0438101B1818102F1080102F5805206
:1045B0000B6801334FF6FF7416D04B88033301EBC1
:1045C00083039A4229D38B88A34216D00B88A3B1C8
:1045D0008B68013311D08388013383804B88033388
:1045E00001EB83019142E3D3002030BC70470124EA
:1045F0000480CFE748F201607047C488C389013462
:10460000C4804C8803332344C3814B88033301EBBC
:104610008301E7E748F204607047C488C389521AEF
:1046200003EBA203611C0122C180C3810274DBE79A
:104630006048002094470020DEC0ADDE02FEE10E9F
:104640004B0901F01F024FF0010C0CFA02F100EBD4
:10465000830000F083B800BF4B0910B5012201F0C0
:104660001F0402FA04F100EB830000F06BF8E04055
:1046700000F0010010BD00BF01F01F02012303FA8A
:1046800002F24B0900EB8300D14300F073B800BF86
:104690004B0901F01F0150F82300C84000F0010051
:1046A000704700BF2DE9F04F01F1FF3B83B04FEAA7
:1046B0005B130E46054601934FF0000A012755F89B
:1046C0002A4005EB8A09E44394FAA4F4B4FA84F48A
:1046D00004EB4A14A6424FEA4A180AD81BE0D9F85C
:1046E0000040E44394FAA4F4B4FA84F44444A642A7
:1046F00011D904F01F03600907FA03F105EB8000EC
:104700009B4600F01FF820FA0BF0C307E7D42046C1
:1047100003B0BDE8F08F019A52450AF1010301D0C0
:104720009A46CCE73446204603B0BDE8F08F00BF80
:10473000034653E8000F0A4643E8002C9CF0000FA4
:10474000F7D17047034653E8000F40EA010243E8FF
:10475000002C9CF0000FF6D1704700BF034653E8D1
:10476000002F42EA010043E8000C9CF0000FF6D154
:10477000704700BF034653E8002F02EA010043E8F8
:10478000000C9CF0000FF6D1704700BF034653E8C1
:10479000000F00EB010243E8002C9CF0000FF6D163
:1047A000704700BF034653E8002F02EB010043E8C7
:1047B000000C9CF0000FF6D1704700BF034653E891
:1047C000002FA2EB010043E8000C9CF0000FF6D193
:1047D000704700BF0346012253E8000F40EA020180
:1047E00043E8001C9CF0000FF6D170470B461146C1
:1047F00018B113B11A68036010470E20704700BF4C
:104800002DE9F047DDF820A040B33AB3066846B37F
:104810000BB34768D7F80490B3FBF9F809FB1838D5
:10482000B8F1000F17D142EA0104A4078E460FD158
:10483000C468A1420CD3046901F1FF3E9E44A64521
:1048400006D8CDF820A0F468A446BDE8F04760473C
:104850001020BDE8F0870920BDE8F0870E20BDE8F4
:10486000F0870820F5E700BFE0B1F0B50568DDB1DD
:10487000B2B146683668771E0F428E460ED1C768C1
:10488000B9420BD3046901F1FF3E06FB02EEA645D7
:1048900004D82C69A446BDE8F04060471020F0BD64
:1048A0000920F0BD0E2070470820F0BD29DF7047B9
:1048B00028DF704703689A6852B310B586B00023AA
:1048C000CDE9023300930493037984680594019140
:1048D0008BB1012B03D06846904706B010BDC3686A
:1048E000416904911B0302208DF800000293684681
:1048F000904706B010BDD0E903144369049301202A
:104900008DF80000CDE902416846904706B010BD21
:10491000704700BF0846704700207047024B187A66
:10492000003818BF0120704770480020034B187AE8
:104930000122B0FA80F05A74400970477048002094
:1049400008B510461A4602F067FC002008BD00BFFB
:1049500010B5064B06480024C3E90044C3E90244ED
:104960001C61FBF743F8204610BD00BF70480020D3
:10497000844800200A4B10B543600A48FFF72AFF1D
:1049800008B1002010BDFEF7B9FA064C06490246F0
:1049900022741C238C220548FBF710F8002010BD60
:1049A0003C8E03007048002094480020844800207A
:1049B00038B5254C237AEBB1244D286802232372A5
:1049C00003790BB3012B0BD00321FFF773FF0023F7
:1049D000237263601E491F48BDE83840FBF79CB84E
:1049E000D0E903201044FFF763FF08B3112827D054
:1049F0002868E9E716491748144DFBF75BF828606B
:104A00000028DBD1606038BDD0E90523D21AB2F5A9
:104A1000805F28BF4FF48052D0E903109208012A2A
:104A200038BF012219441844FFF740FF0028DDD1A8
:104A3000237C002BE7D1BDE83840022000F00CB801
:104A40000123237238BD00BF704800206C4800204D
:104A5000684800208448002010B5274C237AB3B161
:104A6000022B09D0637C1BB9BDE81040FFF7A0BF43
:104A7000BDE81040FEF732BA032809D1E3680133DC
:104A8000082B24D8E360637C002BF1D1ECE710BD48
:104A90001A4B00221B68E2601A79FAB1012AE1D1AF
:104AA000D3E9042101328A421A61DBD100220228B3
:104AB000227214BF0D2111461846FFF7FBFE104964
:104AC0001048FBF729F8637C002BD1D1CCE70B4BC6
:104AD00000221B68E26022720D21EDE7D3E9051286
:104AE000A1EB020CBCF5805F94BF624402F58052DA
:104AF00091429A61B6D1D9E7704800206C480020F5
:104B00006848002084480020831E012B01D8FFF74D
:104B1000A3BF704700F0FD03012B00D07047A0F148
:104B20000100044BB0FA80F0002240095A74187456
:104B3000FFF73EBF70480020F0B583B007460C4633
:104B4000184801A915461E46FAF772FF30B384468D
:104B5000076001230020240BCCF80500CCF80D00E1
:104B6000CCF81100CCF8180001A90E48CCF8086068
:104B70008CF80430CCF80C40CCF81450FAF78AFFCB
:104B80000948FFF727FE10B1002003B0F0BD074B26
:104B90005B7C002BF8D1FFF70BFFF5E7042003B097
:104BA000F0BD00BF844800207448002070480020F9
:104BB000F0B583B006460F46144801A915461C46B9
:104BC000FAF736FFF8B18446089B8360002306603D
:104BD000076101A90D48CCF80C50CCF81440CCF872
:104BE0000430CCF81830FAF755FF0948FFF7F2FD0A
:104BF00010B1002003B0F0BD064B5B7C002BF8D158
:104C0000FFF7D6FEF5E7042003B0F0BD844800208E
:104C10007448002070480020A0DF7047A1DF704773
:104C2000ADDF7047B3DF7047B4DF704710B50B4B93
:104C30000B491B6882B0CDE9001301AA69460446FE
:104C4000FFF7EAFF08B102B010BD064B0122197848
:104C50002046FBF75FFD02B010BD00BF508E030081
:104C6000A62A01005B4B002010B54FF6FF728AB0F8
:104C700000239042CDE90033CDE902330493ADF82F
:104C800002001CD0044600F03BFC1128034633D040
:104C900017D878B30B2818D10F23BDF802008DF870
:104CA000003000F03DFD03466846ADF80430FCF7E7
:104CB00035FE0022114B20461978FBF72BFD0AB078
:104CC00010BD43F202029042F3D000220721204699
:104CD000CDE905220793CDE908228DF81410ADF82F
:104CE000164000F01DFD034605A8ADF81830FCF78E
:104CF00015FEDEE70E23D0E70122DBE75F4B002045
:104D0000FFF7B2BF2DE9F04F524F89B03978064610
:104D1000FBF7E2FC10B109B0BDE8F08F0446304665
:104D200000F054FC112800F2888011280AD8DFE82E
:104D300000F06D090909090966092B090909090922
:104D40000909091D0023CDE90333CDE90633059098
:104D5000072330468DF80C30ADF80E6000F0E0FC13
:104D6000034603A8ADF81030FCF7D8FD01223A4BFA
:104D700030461978FBF7CEFC39782246304609B028
:104D8000BDE8F04FFBF7C6BC0DF10600FFF74AFF88
:104D9000BDF80630012B32D94FF0000901250DF185
:104DA00008084FF0020A42F6021B0BE0A3EB0209CF
:104DB000B9FA89F94FEA5919BDF806300135ADB293
:104DC000AB421CD9002241462846CDE903A8FFF793
:104DD0002BFF42F6052290B9BDF80830B9F1000F5B
:104DE000E4D05B45E8D101AB294603AA30460493E1
:104DF000FFF716FF18B9BDF80430002BB6D13046C6
:104E000000F08EFC00F0FEFB0022B0E70023102231
:104E10003046CDE90333CDE905338DF80C200793F7
:104E2000ADF80E6000F07CFC0124034603A8ADF849
:104E30001030FCF773FD224699E743F202039842D3
:104E400094D043F2014398427FF47CAF3046FFF7A1
:104E50000BFF8BE75D4B00205E4B002070B50121FE
:104E600086B005462E48FFF763FCBFF35F8F08B19D
:104E700006B070BD0446284600F0F4FA86280246C3
:104E80001CD010D8002843D011282CD1254B01224A
:104E900019782846FBF73EFCBFF35F8F204B0022BA
:104EA0001A6006B070BD43F2020398421BD11D4B3D
:104EB000224619782846FBF72DFCEDE70623284605
:104EC000CDE90144CDE903448DF80430ADF8065036
:104ED000059400F025FC01AE03463046ADF80830DD
:104EE000FCF71CFDE3E7002407232846CDE9014435
:104EF000CDE904448DF80430ADF80650039200F07B
:104F00000FFC034601A8ADF80830FCF707FDCEE71B
:104F1000044B1978284606B0BDE87040FBF7FABB91
:104F200020490020604B0020037803B1704730B562
:104F3000044683B04088FFF797FE6588284600F056
:104F40002FFBA0B96488204600F0EAFB002309216A
:104F50006A46FBF74FFF052818D0104B1049187808
:104F60000022FBF71BFC024640B103B030BD0D4BE5
:104F7000012219782846FBF7CDFBE3E70A4B0B49E2
:104F8000187803B0BDE83040FBF708BC064B01229F
:104F900019782046FBF7BEFBDFE700BF604B00201F
:104FA0005D4E03005E4B00205C4B00202D4C030047
:104FB00070B50378082B82B009D0314C3149207884
:104FC0000022FBF7EBFB024650B302B070BD457AFE
:104FD0000446002DF1D1067A072E32D0082E27D0B4
:104FE000012EEAD180886A463146FCF76DF9054604
:104FF0000028E2D1019B1B78002BDED0A08800F0B6
:1050000001FC4FF6FF739842D7D01F4C32462178EF
:10501000FBF780FB1D4920782A46FBF7BFFBCCE756
:105020001B4B1C49187802B0BDE87040FBF7B6BBBB
:10503000194B1A68012AC0D1BFF35F8F104C1D6055
:10504000BCE780880E4C00F0DDFB4FF6FF73984202
:105050000646B3D021780122FBF75CFB304600F016
:105060005FFB2B466A460921FBF7C4FE0528A5D144
:10507000074B012219783046FBF74CFB9EE700BF37
:10508000604B00205D4E03005E4B0020054D030089
:105090005C4B00202D4C0300204900202DE9F843F3
:1050A000FBF710FB1E4C1F4D2070FBF70BFB28700D
:1050B000FBF708FB1C4E1D4F3070FBF703FB3870ED
:1050C000FBF700FBDFF87080DFF8709088F80000D5
:1050D000FBF7F8FA89F80000FBF7F4FA2378144A92
:1050E000182B107019D02B78182B16D03378182B5A
:1050F00013D03B78182B10D098F80030182B0CD018
:1051000099F80030182B08D0182806D0094B002039
:105110001860BFF35F8FBDE8F8830320BDE8F88314
:10512000604B00205F4B00205E4B00205D4B002059
:105130005A4B0020204900205C4B00205B4B002094
:1051400030B50C4B83B00D460B4900910022197805
:1051500001920446FBF7DEFA55B1084B0193204655
:1051600000F0DEFA00226946FBF7BEFE03B030BD58
:10517000034BF3E75C4B0020010009004C8E030059
:10518000488E030070B503888588353B86B0044699
:105190001F2B2AD8DFE803F06110292929292929A2
:1051A000292929292929292929292929292929296F
:1051B0002929298529A42938554E28463178FBF715
:1051C0008BFA90B1317800222846FBF7A3FAE188E8
:1051D000002940F08A80E389012B03D1217C00392A
:1051E00018BF01212846FFF7ABFF4A4C4A4B4B49F9
:1051F00018780022FBF7D2FA49492078002206B03D
:10520000BDE87040FBF7CABA002611232846CDE955
:105210000166CDE903668DF804300596ADF80650B9
:1052200000F07EFAADF8080000F0ECF93D4B394C87
:10523000197832462846FBF76DFA2178324628461F
:10524000FBF768FABDF8060000F06AFA034601A809
:10525000ADF80830FCF762FBC8E7334E28463178DA
:10526000FBF73AFA0028C0D0002231782846FBF735
:1052700051FAE288002A3AD02C4A2D4B11780024AA
:1052800022462846CDE90134FBF744FA294B029324
:10529000284600F045FA224601A9FBF725FE1D4CE1
:1052A000A4E7037B012BA0D1827A012A9DD1018939
:1052B00042F60213994298D11F4C28462178FBF7F9
:1052C00029FA00221D492078FBF768FA02460028D7
:1052D0008BD1164B1A4918780E4CFBF75FFA85E70D
:1052E0002846FFF7C1FC0B4C80E700217AE7A6892E
:1052F000012EC1D1E1892846FFF790FC0028BBD1DF
:10530000034B044C197832462846FBF703FA6DE745
:105310005A4B00205E4B00205F4B0020014D0300E4
:10532000054D03005D4B00205B4B00205C4B0020D3
:1053300001000900488E0300604B00205D4E030011
:105340002D4C03002DE9F0418CB000F01BF901A8B1
:10535000FBF79AF9019EDFF85080CEB100244FF69A
:10536000FF7703E00134A4B2B44211D20DEB440341
:105370001D89284600F0D4F9B842F3D1013498F8D9
:10538000001001222846A4B2FBF7C4F9B442EDD3C1
:10539000044998F8000000220CB0BDE8F041FBF78A
:1053A000FDB900BF054D03005E4B0020AFDF704725
:1053B000B1DF7047B2DF7047B3DF704770B51D4B88
:1053C0001D4C93E80300238888B04FF6FF7601ADAB
:1053D000B34285E8030006D126E0FBF7EFFDB042BB
:1053E0000346208020D0184600222946FBF77CFD8A
:1053F00003462088002BF0D00022112BCDE9032298
:10540000CDE905220792ADF810000DD0862B0DD006
:1054100007228DF80C20059300F0F4F9034603A849
:10542000ADF80E30FCF78EFA08B070BD06238DF88B
:105430000C30F1E75C8E03003A4B0020044A1288DE
:105440004FF6FF739A4200D17047FFF7B7BF00BF16
:105450003A4B0020024B4FF6FF721A800020704733
:105460003A4B00202DE9F04182B0074600F058F990
:105470004FF6FF7398423FD0054601264FF00308D0
:105480006B46324608212846FBF722FF04460323D9
:105490003846ACB9019A911D42F8048BFFF78AFF98
:1054A0000446A0B10C2819D0052C4FF0080128465D
:1054B0001BD0FBF76FFFE8B9204602B0BDE8F081D2
:1054C000072C08BF0C24204602B0BDE8F0812A4614
:1054D00008212846FBF7B6FF0446EDE70136082110
:1054E0002846B6B2FBF756FFCAE7FBF753FF044660
:1054F0000028E1D00324DFE743F20204DCE700BF29
:105500002DE9F04182B0064600F00AF94FF6FF732C
:1055100098422CD1002703243D464FF00108234632
:105520003A4629463046FFF743FF04280AD00828A8
:105530000AD00B280AD0B8F1000F08BF0B2002B028
:10554000BDE8F0811120F6E70020F4E714F0020432
:1055500004D13DB127463D46032400E001244FF02D
:105560000008DCE7002FEAD003242F46F7E76A465D
:105570000821FBF7A9FE0028CCD1019DAF882C683B
:105580000635CAE708B54FF6FF70FBF717FD034B6A
:105590001880BDE80840FFF711BF00BF3A4B00205C
:1055A00000B585B00DF10703039300F0B9F80121B0
:1055B00002AAFBF789FE20B9039B187805B05DF8B5
:1055C00004FB002005B05DF804FB00BF70B50C4E75
:1055D00004463046FFF7F0FE78B9318843F2030500
:1055E0004FF6FF722046FFF7E1FEA84200D070BDE3
:1055F0003188013189B23180F2E7032070BD00BFEC
:10560000384B002000B5074B844693E8030083B075
:10561000CDE90001002269466046FBF765FC03B056
:105620005DF804FB648E030046DF70472DE9F0410E
:10563000102204460D460130013101F088FD28BBDF
:105640000646234604F1100113F8012F8ABB8B4252
:10565000FAD1677C95F8118087EA0803012B1ED8E0
:1056600005F1120104F11200062201F070FD07F0AD
:10567000FC07B0FA80F0042F4FEA501015D008F064
:10568000FC08B8F1040F10D0BDE8F081677C95F8F4
:10569000118087EA0803012B4FF00006E0D907F0DC
:1056A000FC07042F4FF00000E9D106F00100BDE82F
:1056B000F0812B4605F1100113F8012F2AB9994208
:1056C000C7D013F8012F002AF9D0677C95F8118014
:1056D00087EA0803012B4FF00106C1D9DFE700BFBD
:1056E00070B584B006460D46FBF7C6FB02AA0DF165
:1056F00006010720FBF7C8FB60B1BDF80640AC42CD
:105700003046F3D00399FFF791FF0028EED02046F2
:1057100004B070BD4FF6FF74204604B070BD00BFEA
:1057200013280DD810B50446FAF70AFF28B1064B26
:1057300004EB840433F8140010BD4FF6FF7010BD65
:105740004FF6FF70704700BF24490020132816D879
:1057500038B504460D46FAF7F3FE68B1094B04EB81
:10576000840403EB44030020D3F80220D9881B7A79
:10577000A9802A60AB7138BD43F2020038BD43F204
:10578000020070472449002010B504884CB9421C1F
:1057900000F1090C12F8013F1BB96245FAD1002053
:1057A00010BD0B88A342FAD108220231023001F069
:1057B000CEFCB0FA80F0400910BD00BF30B585B016
:1057C0000546FBF759FB0CE0039C284604F1460113
:1057D000FFF7DAFF88B904F12A012846FFF7D4FF62
:1057E00058B902AA0DF106010720FBF74DFB00286E
:1057F000EAD14FF6FF7005B030BDBDF8060005B028
:1058000030BD00BF4FF6FF7398422DE9F04117D02D
:1058100000240E4F0646254604E00534642C05F1AD
:1058200001050DD037F81430B342F6D11FFA85F8D0
:105830004046FAF785FE0028EFD04046BDE8F081EB
:105840004FF6FF784046BDE8F08100BF24490020B4
:10585000132804D8024B00EB800023F81010704787
:1058600024490020F8B54FF6FF73984224D0002455
:10587000134F0646254604E00534642C05F1010566
:1058800014D037F81430B342F6D1A8B2FAF758FE64
:105890000028F1D03046FBF7A1FD30B905EB8505B6
:1058A0004FF6FF7327F815300020F8BD3046FBF7A0
:1058B00095FD0028F8D0F8BDBDE8F840FBF78EBD97
:1058C0002449002010B58CB0144610306B460DF101
:1058D000100E10F801CD03F801CB9E45F9D100233D
:1058E000049391F800C08EF80C30CEE901334A7869
:1058F0008B788DF81E2068468DF81D308DF81FC0FE
:10590000FFF792FE9DF82F109DF82E209DF82D3068
:1059100021706270A3700CB010BD00BF0388102B03
:105920002FD12DE9F04300F1040CBCE80F0095B035
:105930000DF1280EAEE80F00BCE80F00AEE80F0036
:105940009DF82C60BDF828409CE8030006F0FE0896
:10595000B8F1060F8EE8030014D1454ABDF83010A7
:105960000B9804EB840464001319D9804FF6FF717F
:1059700011539DF83220C3F802001A7215B0BDE829
:10598000F0837047FBF778FA9DF82C30032B4FEA31
:10599000530253D9022AE0D105AD0DF106070DF1EE
:1059A0002D062A4639460720FBF76EFA0028D4D088
:1059B000B8F1040FF5D10C9B0698ADF810301B0C14
:1059C0008DF812303388ADF8083003AAB3788DF81B
:1059D0000A30013004A9FFF775FFBDF80820BDF8B3
:1059E0000C309A42DDD19DF80A209DF80E309A4283
:1059F000D7D104EB840149001D4BBDF806205A5253
:105A00000B44BDF830100B98D9804FF6FF71C3F8E6
:105A100002008A429DF832001872AFD00023284657
:105A2000ADF818208DF81430ADF81640FBF79EFF46
:105A30002846FFF779FA15B0BDE8F08305AD0DF102
:105A400006072A4639460720FBF71EFA06220028D9
:105A500083D006994B7C7340012B01F11201F0D8E1
:105A60000DF12D0001F073FB0028EAD1C1E700BF62
:105A70002449002082B010B58C4684B0496886461F
:105A8000DCF800000DF1080CACE8030006A981E881
:105A90000C00DDE90243DA070EEB630C03D55A1064
:105AA0005EF802301C5908AB93E803008DE8030050
:105AB00006AB0CCB6046A04704B0BDE8104002B076
:105AC000704700BF82B038B504A981E80C00D0E966
:105AD0000832134303D1BDE8384002B07047044692
:105AE000F1F78EFFD4E9082382428B41F3D20023E1
:105AF00004F1100500200021C4E90801E3602846F4
:105B0000F0F7A4FA2846BDE8384002B0F0F7EEB945
:105B10002DE9F04F83B0DDE90CABBDF83870002BF8
:105B200043D080460E4691461D46BAF1000F3FD045
:105B30000F2E01D1C02F38D1282001F0ECFA0446F5
:105B40001030F5F789FA2680A4F80290182001F0A9
:105B5000E2FA0346CDE900AB43F80C5B0021C160DB
:105B600059606B460246E160A06003CB124B506067
:105B70009160536100220023C4E90823D8F8003063
:105B80000E4A5B6847F002079342A78008D120467F
:105B9000F0F778FB204603B0BDE8F04F01F0B9BA4A
:105BA0002146404698470028F1D103B0BDE8F08F68
:105BB0001BF0010FBCD1F8E7755A030085EC01001A
:105BC0002DE9F04383683A4EDA88B3F80890D6F8A6
:105BD00000808DB0002512F4807F80F828500446A4
:105BE00006A80CBF05270427F5F736FA1820ADF8EC
:105BF0000A70ADF8089001F08EFA2E4A0092024623
:105C0000019542F80C4BC56055606A460346CDE9E4
:105C1000040503CA58609960D8F80020264F92689E
:105C20005F61CDE90A55254D1223AA42ADF80C302B
:105C300035D102A8F0F726FB06A83668F5F70CFA6E
:105C40001F4B0293182001F066FA034604901D488A
:105C500000901846002140F80C4B6A460191D9602B
:105C600005914160CDE90A1103CA5F6199605860EE
:105C70001223ADF80C3033689B68AB4213D102A8F5
:105C8000F0F700FB00200021C4E90801002304F123
:105C90001000E3600DB0BDE8F043F0F7D7B940461F
:105CA00002A99047C5E7114630469847E7E700BF8D
:105CB0005C42002051C60100755A03008DEC0100C2
:105CC00023001027C55A030090F82830044A10B565
:105CD000044602600BB1FFF773FF204610BD00BF02
:105CE000748E030090F82830054A10B5044602600F
:105CF0000BB1FFF765FF204601F00BFA204610BDFF
:105D0000748E030090F8283010B504460BB1FFF7ED
:105D100057FF23797BB123680A4A9B6893420CD1D1
:105D200094F82830084A226013B12046FFF748FF54
:105D3000204601F0EEF9002010BD204698470020D3
:105D400010BD00BFE55C0300748E030070B50B4B03
:105D500003600446002500F11006858081602A4614
:105D600001213046F0F7B8F83046E560E56284F886
:105D70002850F0F7BBF8204670BD00BF748E0300BA
:105D80002DE9F04190F8283088B004460D46002BEC
:105D900037D18068314A03685B6D934259D1C3881B
:105DA00002892F4E13F4807F4FF000082D4B04938F
:105DB000CDF8148004AB93E803008DE803004FF0A6
:105DC000C0070297114630680CBF05220422234603
:105DD000FFF79EFE244B02970693CDF81C8008AB7C
:105DE00013E903008DE803003068204E234642F299
:105DF00010722321FFF78CFE3378DBB1012384F886
:105E000028308DB9284629460023C4E90801E360FB
:105E100004F11000F0F76AF8154BE068002808BF9D
:105E2000184608B0BDE8F081F1F7EAFD281841EB0B
:105E3000E571E9E70093232242F2107342F21070F9
:105E40000021F1F7EDFD01233370012384F82830A0
:105E5000D7E703219847A068A1E700BFB519020062
:105E60005C42002051C60100C55A0300614B00206E
:105E700011FCFFFF024B1868BFF35B8F704700BF38
:105E8000EC49002008B52DED028B08EE100A00F059
:105E9000C1F8B4EE488AF1EE10FA0FD6B5EEC08A1A
:105EA000F1EE10FA0AD8B5EE408AF1EE10FA08D1F8
:105EB00000F052FF0346222208481A60BDEC028B14
:105EC00008BD00F049FFBDEC028B034621221A6099
:105ED0000348BDE8084000F091B800BF000080FF13
:105EE000807B030010B52DED028B08EE101A08EE32
:105EF000900A00F0F7F8B4EE488AF1EE10FA044682
:105F00000BD6F5EE408AF1EE10FA16D1B5EE408AC6
:105F1000F1EE10FA05D14FF07E54BDEC028B204615
:105F200010BD18EE100A00F061F80028F5D0B5EEAB
:105F3000C08AF1EE10FAF0D529E000F057F898B1D8
:105F400007EE904AF5EE407AF1EE10FAE5D118EE40
:105F5000900A00F04BF80028DFD018EE100A00F08D
:105F600045F80028D9D012E018EE900A00F03EF86B
:105F70000028E5D018EE100A00F038F80028DFD02D
:105F800007EE904AF4EE677AF1EE10FA04D600F0CC
:105F9000E3FE22230360C0E700F0DEFE212303605E
:105FA000BBE700BF08B52DED028B08EE100A00F02C
:105FB00029F8B4EE488AF1EE10FA06D6DFED0A8A27
:105FC000B4EEE88AF1EE10FA02D4BDEC028B08BD03
:105FD00000F0C2FEC8EEA87ABDEC028B0346212277
:105FE0001A6017EE900A08BD0000000020F0004083
:105FF000B0F1FF4F2CBF00200120704700487047D0
:106000000000C07F07EE900AF1EEE77A17EE900AE3
:10601000704700BF30F0004233D008B500282DEDA6
:10602000028B07EE900A024634DBB0F1FF4F45DAEF
:10603000B0F5000F39DB0021D3157F3B0B44D80F9F
:1060400003EBD37307EE903AC2F31602C0F17F0060
:1060500042EAC050B8EEE78A00F056FCDFED1B7A4A
:10606000DFED1B6A07EE100A27EE277ADFED197ABB
:10607000A8EE267AA8EE277ABDEC028B17EE100A5E
:1060800008BDDFED156ADFED157A86EEA77A17EE0B
:10609000100A704777EEE77ADFED106A87EEA67A8E
:1060A000BDEC028B17EE100A08BD9FED0D7A67EE6E
:1060B000877A6FF0180117EE902ABDE7BDEC028BCE
:1060C00037EEA77A17EE100A08BD00BFD95BDE3E97
:1060D000DB27543580209A3E000000CC00000000F1
:1060E0000000004C2DE9F0432DED028B83B00191AF
:1060F0000090DDE9004535F0004712D184F48004BA
:10610000640014F5000F1AD9DDED007A9DED017AD7
:1061100077EE877A17EE900A03B0BDEC028BBDE8EC
:10612000F08324F00048B8F1FF4F0FD9B4F17E5F3F
:10613000EAD185F480056D0015F5000FE4D84FF025
:106140007E5003B0BDEC028BBDE8F083B7F1FF4F8A
:10615000ECD8002CC14616DBB7F1FF4F00F0F980F8
:10616000B7F17E5F00F02281B5F1804F00F04F81E2
:10617000B5F17C5F40F0368103B0BDEC028BBDE829
:10618000F043FFF73FBFB7F1974F80F0EB80B7F1D7
:106190007E5F80F01781B5F1804F00F03881B5F156
:1061A0007C5F00F0408200F0ABFBB8F1FF4F4FF096
:1061B000000600F0E280B8F1000F00F01C81B8F199
:1061C0007E5F00F01881E10F013956EA010300F00B
:1061D0002581B7F19A4F40F24981954B984540F29D
:1061E0006482944B984500F2718207EE100AF7EE34
:1061F000007A77EE677ADFED905A9FED905AB5EE10
:10620000007AE7EEC75AB6EE006AA5EEE76A67EED7
:10621000A76A9FED8B7ADFED8B5A66EE866A27EED2
:10622000667AA7EE857AF0EE476AE7EEA56A16EE83
:10623000903A6FF30B0306EE903AB0EE666AA7EE63
:10624000E56A37EE467A6FF30B0507EE905A9DED3F
:10625000016ADDED015A36EE676A27EE257A66EEB1
:10626000A77AA6EE267A731E0B43BFEE008A77EE5E
:10627000276AB7EE006A16EE903A18BFB0EE468A6B
:10628000002B23F0004240F3DE81B2F1864F00F292
:10629000628200F04682B2F17C5F00F22A82002224
:1062A00011466FF30E0306EE103ADFED676ADFED7D
:1062B000673ADFED675A9FED672A9FED674ADFED8A
:1062C000674A9FED675A76EE677AB0EE003A37EE8E
:1062D000677A66EE267ADFED636AE7EE267AB0EE3D
:1062E000677AA6EE237A67EE076AF0EE472AE6EEB3
:1062F000632AB0EE656AA6EE826A77EEE27AA6EECF
:10630000264AB0EE646AA4EE266AE7EE277AA6EE85
:10631000265AB0EE476AA5EE666AF7EE005A27EEF7
:10632000065A36EE436AC5EE066A76EEE77A77EEEF
:10633000C77A75EEE77A17EE903A1344B3F5000F7B
:10634000C0F2BD8107EE903A67EE887A17EE900AA8
:10635000E2E6B8F17E5F3FF4F2AE2DD9002D29DBE5
:106360000198D9E6B7F1FF4FF3D000F0C9FAB8F1C0
:10637000FF4F4FF002067FF41EAF002D0ADA07EE42
:10638000100AF7EE007AC7EE877A17EE900A002C13
:10639000BFF6C2AEA8F17E5858EA060800F0278181
:1063A000012E7FF4B9AE80F00040B5E6002D25DB6C
:1063B0000098B1E60020AFE6002DFBDA019B83F0E8
:1063C0000040A9E6FA15C2F1960247FA02F303FA71
:1063D00002F2BA4200F01481B7F17E5FE6D0B5F167
:1063E000804F14D0009800F08BFAB8F1FF4F4FF0B7
:1063F00000067FF4E0AE002DC1DBC8E79DED007A1A
:10640000F7EE007AC7EE877A17EE900A84E6DDEDA4
:10641000007A67EEA77A17EE900A7DE6DDED007A46
:1064200077EEE77AC7EEA77A17EE900A74E600BF18
:10643000F3FF7F3F0700803FABAAAA3E70A5EC3672
:106440003BAAB83F00AAB83F8CBEBF350072313FAF
:106450000EEADDB54CBB313355B38A38610B36BB20
:10646000ABAA2A3E1872313F0000804B14F0FF4F58
:1064700040F019815FED047A07EE100A67EE277A83
:106480006FF0170317EE909A4FEAE952BA4C7F3A31
:106490001A44C9F31603A34243F07E5040F3FB8035
:1064A000B64CA34240F31C81DFEDB54A0132F0EE59
:1064B000643AA0F50000B7EE006A002307EE100A68
:1064C00077EE067AF7EE005A85EEA78A07EE902A55
:1064D000AC4ADFEDAD1A9FEDAD0ADFEDAD0A9FEDE1
:1064E000AD1ADFEDAD5A9FEDAD2A02EA600242F02F
:1064F000005202F58002D31877EE466AB8EEE75AEA
:1065000007EE903A66EE882A37EEC66A12EE903AA7
:1065100037EE464A22EEA27AB0EE606AA7EE210A72
:106520006FF30B03B0EE083AA0EE076ADFED9C1A9A
:10653000A6EE071AB0EE656AA1EE076AF0EE435ABE
:10654000A6EE072A27EE076A07EE103AE7EE676A1B
:1065500072EE877AE7EE446AE7EE075A66EE886ADB
:106560009FED901A9FED904A67EEA67AE6EE027ACA
:1065700035EEA76A16EE103A6FF30B0306EE103AEB
:1065800076EE435AE7EE475A77EEE57A67EEA27A5F
:10659000E6EE867AF0EE675AE7EE065A15EE903A86
:1065A0006FF30B0305EE903AF0EE656AE7EE466A8C
:1065B00077EEE67A67EEA17AE5EE817A77EEA37A56
:1065C000B0EE677AA5EE847A37EE247A37EE057A54
:1065D00017EE103A6FF30B0306EE903A36EEC57ADB
:1065E00037EE647AA5EEC47A37EEC77A2BE607EE6B
:1065F000900A77EEE77AC7EEA77A17EE900A8BE556
:10660000B7F17E5F3FF4D2AEB5F1804F3FF4FFAEFD
:1066100003F00103C3F1020600F072F9B8F1FF4F75
:106620007FF4C9ADA9E600F06BF9B8F1FF4F3FF474
:1066300073ADB8F1000F3FF46FADB8F17E5F7FF43A
:10664000EDAE0026A6E659498A4200F28C807FF41E
:1066500022AE76EEE76AF4EEC76AF1EE10FA80F247
:10666000828003F50043524AC3F3C7507F38C3F317
:106670001601024141F40001C0F117001A40014126
:10668000494206EE902A77EEE67ACA0577EE276A47
:1066900016EE903A05E6DFED3A4AB7EE006AF0EE04
:1066A000643A00230AE70023EEE6002D10DB002009
:1066B00003B0BDEC028BBDE8F04300F0A1B817EECB
:1066C000900A00F0A5F807EE900A3DE6002DEEDDF9
:1066D000002003B0BDEC028BBDE8F04300F094B89D
:1066E000DFED344ADFED343AB7EE086A4FF40013B9
:1066F000E4E6D2157E3A4FF40000104118442C4ACB
:10670000C0F3C7547F3CC0F31601224141F400019D
:10671000C4F11704002B41FA04F102EA0002B0DAD6
:10672000AEE79FED266A76EEE76A37EE066AB4EECC
:10673000E66AF1EE10FA0EDC03F500431C4AD815A8
:106740007F38C3F31601024141F40001C0F1170084
:106750001A40014195E7B5EEC08AF1EE10FA4CBF40
:1067600001200020B5E7B5EEC08AF1EE10FA4CBF6B
:10677000012000209CE700BF71C41C00D6B35D005F
:106780000000000000F0FFDF42F1533E55326C3E46
:1067900005A38B3EABAAAA3EB76DDB3E9A99193F83
:1067A0004F38763FC623F6B80040763F00001643C8
:1067B000000080FF00C0153FDCCFD1353CAA383344
:1067C00038B505460C4600F0C7FA034628461C605B
:1067D00038BD00BF07EE901A40B1B1EE677A67EEA0
:1067E000277A222117EE900AFFF7EABFB0EE677A08
:1067F00067EE277A222117EE900AFFF7E1BF00BF6C
:106800004FF08051FFF7E6BF4FF0E041FFF7E2BFE6
:1068100030F00042034641D0B2F1FF4F3FD210F0BA
:10682000FF4F20D107EE100ADFED2E7A2E4B67EED8
:10683000277A994217EE900A38DB4CF2503CC0F3AD
:10684000C75261450346A2F1190212DD00289FEDEF
:10685000277ADFED267AB8BF9FED257A67EE277A93
:1068600017EE900A70474CF2503C61454FEAD25205
:10687000ECDC0A44FE2AE9DC002A20DC12F1160FC7
:1068800022DB193223F0FF4343EAC253DFED197ACA
:1068900007EE103A67EE277A17EE900A704707EE78
:1068A000900A77EEA77A17EE900A704707EE100A63
:1068B000DFED117A67EE277A17EE900A704723F022
:1068C000FF4343EAC250704700289FED0B7ADFED8B
:1068D0000A7AB8BF9FED097A67EE277A17EE900A19
:1068E000704700BF0000004CB03CFFFFCAF2497186
:1068F000CAF249F1000000336042A20D6042A28D4D
:1069000020F00040704700BF30F0004307EE900ACF
:106910002FD00028034635DBB0F1FF4F44DAB0F545
:10692000000F38DB4FF0000C6748C3F31601084432
:1069300000F4000282F07E520A43DB1507EE102AB3
:106940007F3B624A634401F10F0CF7EE007A0CEAD8
:10695000020237EE677A03EBD05352BBB5EE407AB2
:10696000F1EE10FA68D1002B40F096809FED587A36
:1069700005E0DFED586ADFED567A86EEA77A17EE6E
:10698000100A704777EEE77ADFED516A87EEA67A54
:1069900017EE100A70479FED507A67EE877A6FF016
:1069A000180C17EE903ABFE737EEA77A17EE100AE9
:1069B0007047F0EE007A77EE277A06EE903AC7EE4F
:1069C000273A4648C1F55712084402F5227202439D
:1069D000002ADFED432A9FED434A9FED435A9FED86
:1069E000433ADFED434ADFED437A9FED436A63EEBE
:1069F000A35AB8EEE62A65EEA56AA6EEA24AE6EE2E
:106A0000834AA4EE265AA4EEA66AE5EE267A67EE3D
:106A1000A57AE6EE267A2ADDF6EE006A67EE266AA9
:106A200066EE876A77EEA67A67EEA37A3BBB76EED0
:106A3000E76A37EE667AA2E7DFED306AF6EE007AB3
:106A4000E7EE667A67EE076A66EEA76A002BF0D07B
:106A500007EE903ADFED2A5A9FED2A6AF8EEE77AC0
:106A6000E7EEE56A36EEC77A97EE867A87E777EE45
:106A7000677A67EEA37AE3B937EE677A7FE7DFEDEF
:106A8000205A9FED206AE2EE257A76EEE76A36EE2E
:106A9000C77A92EE067A72E707EE903A9FED187A7F
:106AA000DFED186AF8EEE77A27EE877AA7EEA67A86
:106AB00065E79FED136ADFED136AE2EE467A37EE83
:106AC000C77A92EE267A5AE720FB4A00F0FF7F0051
:106AD00000000000000000CC0000004C305CCFFF44
:106AE0009788173E25333A3E2549923E4FD01C3EAB
:106AF000298E633EABAA2A3FCDCCCC3EABAAAA3EA0
:106B0000D1F717378071313F08B5064B044613B1F2
:106B10000021AFF30080044B1B6803B19847204667
:106B200000F0F0FA00000000284B0020242B2DE993
:106B3000F0478646904601D8012B06D100F00CF9AB
:106B4000162303600020BDE8F08734480D462A462E
:106B500015F8014B065D16F00806F8D12D2C10D162
:106B60002C780126951C33F0100215D1302C0DD154
:106B70002A7802F0DF02582A08D16C7802351023F7
:106B80000AE02B2C04BF2C78951CECE7002BF6D1E7
:106B9000302C14BF0A23082306F1004C0CF1FF3CF3
:106BA0000022BCFBF3F9104603FB19CAA4F130071D
:106BB000092F0FD83C46A3421BDD571C07D0814547
:106BC00014D301D1A24511DB00FB0340012215F8CB
:106BD000014BEBE7A4F14107192F01D8373CEAE755
:106BE000A4F16107192F04D8573CE4E74FF0FF32B6
:106BF000EDE7531C08D12223CEF800306046B8F1EF
:106C0000000FA0D0691E06E006B14042B8F1000FA7
:106C100099D0002AF6D1C8F8001094E7818E0300BD
:106C200013460A46014602480068FFF77FBF00BFCF
:106C3000CC2000202DE9F043344E86460D462846F0
:106C400015F8014B375D17F00807F8D12D2C10D13E
:106C50002C780127851C33F0100015D1302C0DD174
:106C6000287800F0DF00582808D16C78023510230E
:106C70000AE02B2C04BF2C78851CECE7002BF6D106
:106C8000302C14BF0A2308234FF0FF380026B8FB2E
:106C9000F3F803FB08F96FEA09093046A4F1300C58
:106CA000BCF1090F10D86446A3421EDDB6F1FF3FC8
:106CB00007D0804516D301D1A14513DB00FB03406B
:106CC000012615F8014BE9E7A4F1410CBCF1190FBD
:106CD00001D8373CE8E7A4F1610CBCF1190F04D8E6
:106CE000573CE1E74FF0FF36EBE7731C06D1222358
:106CF000CEF80030304632B9BDE8F08307B14042EB
:106D0000002AF9D006B1691E1160F5E7818E0300F3
:106D100013460A46014602480068FFF78BBF00BFD2
:106D2000CC200020024B0146186800F041BA00BF99
:106D3000CC20002038B5074D0023044608461146F4
:106D40002B6000F0DBF9431C02D12B6803B12360F8
:106D500038BD00BF2C4B0020014B1868704700BFA6
:106D6000CC20002070B50D4B0D4D5B1B9C100026F8
:106D7000A64209D100F066FA0A4D0B4B5B1B9C1032
:106D80000026A64205D170BD55F8043B9847013650
:106D9000EEE755F8043B98470136F2E72C21002036
:106DA0002C2100202C2100205021002010B5044669
:106DB0000448134620B10A4602202146AFF3008062
:106DC00010BD00BF0000000053B94AB9002908BF38
:106DD00000281CBF4FF0FF314FF0FF3000F088B9A2
:106DE000ADF1080C6DE904CE00F006F8DDF804E022
:106DF000DDE9022304B070472DE9F047089D0F46F6
:106E000004468C46002B48D18A42164661D9B2FA14
:106E100082F34BB1C3F1200201FA03FC20FA02F223
:106E20009E4042EA0C0C9C404FEA164EB7B2BCFBA7
:106E3000FEF1220C0EFB11CC42EA0C4201FB07F0E2
:106E4000904209D9B21801F1FF3C80F0EE809042E7
:106E500040F2EB8002393244121AA4B2B2FBFEF0C7
:106E60000EFB102244EA024400FB07F7A74209D9AF
:106E7000341900F1FF3280F0DA80A74240F2D78067
:106E80003444023840EA0140E41B00211DB1DC40DB
:106E90000023C5E90043BDE8F0878B4206D90DB158
:106EA000C5E9000100210846BDE8F087B3FA83F187
:106EB000002948D1BB4202D3824200F20781841AE2
:106EC00067EB030201209446002DE4D0C5E9004C95
:106ED000E1E7002A00F09280B2FA82F3002B40F042
:106EE000A8808A1A4FEA164E1FFA86FC0121200C50
:106EF000B2FBFEF70EFB172240EA02420CFB07F042
:106F0000904207D9B21807F1FF3802D2904200F23E
:106F1000E2804746121AA4B2B2FBFEF00EFB10222A
:106F200044EA02440CFB00FCA44507D9341900F1E3
:106F3000FF3202D2A44500F2CB801046A4EB0C0431
:106F400040EA0740A2E7C1F120068B4022FA06FC86
:106F50004CEA030C07FA01F420FA06F3F7404FEA73
:106F60001C49234300FA01F81FFA8CFEB7FBF9F025
:106F70001C0C09FB107744EA074400FB0EF7A742FC
:106F800002FA01F20AD91CEB040400F1FF3A80F086
:106F90009B80A74240F2988002386444E41B9FB271
:106FA000B4FBF9F309FB134447EA044403FB0EFE68
:106FB000A64509D91CEB040403F1FF3780F0828059
:106FC000A6457FD9023B644443EA0040A4EB0E048B
:106FD000A0FB02E7BC427346B94663D360D05DB103
:106FE000B8EB030264EB090404FA06F622FA01F393
:106FF0001E43CC40C5E9006400214CE76208480804
:1070000042EAC1710B0C43EA00438AB242EA0342EE
:10701000B3FBF6F1E407B4463746B6461F23B0FB90
:10702000F6F0D21B41EA004161E7614614E71046E1
:1070300028E7C3F1200120FA01F29E4027FA01F16E
:107040009F403A434FEA164E1FFA86FCB1FBFEF70B
:107050000EFB1710110C41EA004107FB0CF88845A4
:1070600004FA03F43AD9711807F1FF3001D28845C8
:107070001FD8A1EB0801B1FBFEF808FB0CF70EFBD3
:10708000181192B242EA0142BA422FD2B21808F164
:10709000FF31C6D2BA42C4D2A8F102013244C0E7DD
:1070A000F0459CD2BEEB020367EB0C070138B946F2
:1070B00095E7A6EB08084144B81EB1FBFEF808FBB3
:1070C0000CF7DCE73B467FE7504667E70846FBE600
:1070D0003444023832E7023F32441BE7A1EB080197
:1070E0003846B1FBFEF808FB0CF7C8E7414698E7C5
:1070F000704700BF4FF0FF30704700BF4FF0FF30C8
:10710000704700BFFEE700BF0B4601461846FFF779
:107110004DBEEFF76BB8012838BF012010B504460B
:107120002046EFF729F800B110BDFEF7A3FE08B91D
:1071300000F002F88047F3E708B50620FFF7F2FDFC
:107140000120FFF7DFFF0A220021FFF769BD10B51C
:1071500001390244904201D1002005E0037811F882
:10716000014FA34201D0181B10BD0130F2E7884245
:1071700010B501EB020402D98442234607D8431E0E
:10718000A14207D011F8012B03F8012FF8E70244C0
:10719000824200D110BD13F8011D02F8011DF7E76E
:1071A00002440346934200D1704703F8011BF9E7FC
:1071B0001F2938B505460C4604D9162303604FF045
:1071C000FF3038BDC26B12B152F821304BB928469E
:1071D00000F016F8224601462846BDE83840FFF781
:1071E000A9BD012B0AD0591C03D11623036001202D
:1071F000E7E7002142F82410204698470020E0E706
:10720000FFF778BF10F8012B11F8013B012A28BFC6
:107210009A42F7D0D01A70470A44914200F1FF33E6
:1072200000D1704710B511F8014B03F8014F91429E
:10723000F9D110BD034613F8012B002AFBD1181A0F
:1072400001387047F8B500BFF8BC08BC9E467047CF
:10725000F8B500BFF8BC08BC9E46704700000000AF
:107260000338FDD8704700000030004003000000E4
:107270000F00000000400040040000000F0000006C
:1072800000300240230000000C00000000200040FD
:10729000020000001000000000F002402F0000007B
:1072A00004000000008002402800000010000000E0
:1072B00029C801003DC8010031C801006DCC0100A2
:1072C00091C90100E5CB0100ADC8010015CB01005B
:1072D00081C901005DC90100C5C901002D00000080
:1072E000756E6B6E6F776E00554249545F4C4F4719
:1072F0005F46535F565F3030320A00006769676748
:107300006C65000030313032333039383830313943
:10731000303038343430303434303038383831303C
:107320003233303031363031303033333030323444
:10733000303030303030303030303030303030304D
:107340003030303030303030303030302C3131303F
:1073500032333235373030383734313134343030FD
:1073600034343030383838303335323030353930E5
:107370003130303333303030313030303030303005
:1073800030303030303030303030313030303030FC
:1073900030303030302C33313032333237323930D4
:1073A0003231313035343430323838393038383899
:1073B00030303931303036333030303030303030BA
:1073C00032343037303030323030303030303030AE
:1073D00030303030333030303030303030302C33AB
:1073E0003130323332373239303130323035343473
:1073F000303238383930383838303039313030364A
:10740000333030303030303030323430373030306C
:107410003230303030303030303030303033303067
:10742000303030303030302C33313032333237324C
:10743000393031313430353434303238383930380D
:107440003838303039313030363330303030303019
:10745000303032343037303030323030303030301D
:107460003030303030303330303030303030303019
:107470000000000068617070790000003031303227
:1074800033313939323036363931313434303034C1
:1074900034303038383830323632303032383030BC
:1074A00030303138303030323035303030303030CC
:1074B00030303030303030303031303030303030CB
:1074C000303030302C3030323332323132393032A9
:1074D000393530383434303234303430383838306C
:1074E000303030303030343030303232343030318F
:1074F000313030303030303030303030303030308B
:10750000303030373530303030303030302C303073
:10751000303030323132393032393530393434303C
:10752000323430343038383830313435303030342B
:107530003030303232343030313130303030303041
:10754000303030303030303030303030373530302F
:10755000303030303030000068656C6C6F000000F7
:1075600033313032333036373330313937303234EB
:1075700034303131383730383838313032333031D7
:1075800032383030303030303030323430303030EB
:1075900030303030303030303030303030303030EB
:1075A00030303030303030302C33303030303130DB
:1075B000363430303136303234343030393831309E
:1075C0003838383030303030313238303030303098
:1075D00031303030343030303030303030303030A6
:1075E000303030303030303030303030303030309B
:1075F000302C33313032333130363430323933306D
:107600003234343030393831303838383130323340
:10761000303132383030303030313030303430305A
:10762000303030303030303030303030303030305A
:107630003030303030303030303000006D7973749D
:107640006572696F75730000343030303032333911
:107650003030333331303034343032343034303809
:1076600038383034373730303034303030323234EC
:107670003030313130343030303030303030303004
:1076800030303030303038303030303030303030F2
:107690002C343035353132383435333835303030BC
:1076A00034343030343430303838383030303030B2
:1076B00031323830333031303530303136303030AF
:1076C00030303030303030303030303030303835AD
:1076D00030303035303030313500000073616400B7
:1076E0003331303233323232363037303830313471
:1076F000343031363234303838383130323330315A
:107700003238303030303031303032343030303068
:107710003030303030303030303030303030303069
:1077200030303030303030302C333130323331364D
:107730003233303933363032343430303933393013
:107740003838383030303030313238303030303016
:107750003130303234303030303030303030303022
:107760003030303030303030303030303030303019
:1077700030000000736C6964650000003130353200
:1077800030323332353032323330323434303234D6
:1077900030343038383831303233303132383031BB
:1077A00030323030303031313034303030303030D1
:1077B00030303030303030303031303030303030C8
:1077C000303030302C3031303233323532303039A5
:1077D000313030323434303034343030383838317D
:1077E000303233303132383031303232343030317F
:1077F0003130343030303030303030303030303084
:107800003030313030303030303030303000000007
:10781000736F6172696E67003231303233343030E9
:107820003935333039303534343035393939303809
:107830003838313032333030323230323030303428
:10784000303030323032353030303030303030302F
:107850003030303030323030303030303030303026
:107860002C343032323333373237323733303134ED
:1078700034343030343430303838383030303030E0
:1078800030333130313032343430303033303030E6
:1078900030303030303030303030303030303030E8
:1078A000303030303030303030000000737072696A
:1078B0006E6700003330363539303033373131368A
:1078C0003331323434303035383730383838303876
:1078D0003037303033343030303030303030323494
:1078E0003030303030303030303030303030303098
:1078F0003035303030303030303030302C30313086
:107900003233303033373131363331333434303051
:107910003538373038383831303233303033313031
:107920003030303030303032343030303030303051
:107930003030303030303030303035303030303042
:1079400030303030300000007477696E6B6C650049
:1079500030313031383030303736373232303934F8
:1079600034303037353630383838303835353031D6
:1079700032383030303030303030323430303030F7
:1079800030303030303030303030303030303030F7
:107990003030303030303030000000007961776EA8
:1079A0000000000032303030303232383131333381
:1079B000323032343430313530303038383831309C
:1079C0003233303132383031303234313030323499
:1079D00030343030303330303030303030303030A0
:1079E0003031303030303030303030302C30303595
:1079F0003331323532303039313030323434303066
:107A0000343430303838383036333630313238303C
:107A10003130323234303031313033303030303058
:107A20003030303030303030303031303030303055
:107A300030303030302C303038323230373834302B
:107A400031393030383434303034343030383838FC
:107A50003036383130303136303030303535303006
:107A60003234303030303030303030303030303010
:107A700030303030353030303030303030302C3005
:107A800030343739303738343031393030383434B5
:107A900030303434303038383830323938303031B2
:107AA00036303030303030303032343030303030CA
:107AB00030303030303030303030303030353030C1
:107AC000303030303030302C3030333231303738A5
:107AD0003430313930303834343030343430303878
:107AE0003838303130383030313630303030333370
:107AF000303030383030303030303030303030307E
:107B00003030303030303530303030303030303070
:107B100000000000205B00005D00000020563200E5
:107B2000424243206D6963726F3A626974000000DB
:107B3000636F6D7061737343616C0000302C32357C
:107B4000352C302C3235352C300A302C3235352C52
:107B5000302C3235352C300A302C302C302C302C57
:107B6000300A3235352C302C302C302C3235350A59
:107B7000302C3235352C3235352C3235352C300A17
:107B80000000000054494C5420544F2046494C4CAE
:107B90002053435245454E200000000000000000E5
:107BA000000000000DC8020049C70200716A02000F
:107BB000716A0200796A0200796A0200616A020051
:107BC000816A0200BDCA02009D6A02007DCB0200EC
:107BD000D5C702007D6C020091CC0100A5CC01004C
:107BE000D1C8020059D0010015D0010009D0010010
:107BF0000101030201010003020000000000000077
:107C00000501020000000000040000000000000068
:107C1000040100000000000000000000000000005F
:107C2000030501000103040500000000000000003E
:107C300059DF010059E0010061DF0100A9E0010006
:107C40005D50020091E1010015E20100000000001A
:107C50000000000039E401001D53020031E401007E
:107C6000F1E301002DE40100D9E7010025E4010062
:107C700021E401001B1B000E110000001C0B1F253E
:107C80001E00000015160F18130000007A766770AA
:107C900074756F6965617A76677074756F6965610F
:107CA0007A76677074000000000000000000000099
:107CB00059DF01000DE8010061DF0100050A020043
:107CC0005D50020019E801003DE801008D690200E5
:107CD00091690200810F0200A56902008D0902006E
:107CE000F9060200AD690200C4FFFFFF00000000BA
:107CF00059DF0100ED7F020061DF010011E80100A2
:107D00005D50020091E8010065E8010000000000FC
:107D10000000000059DF01000DE80100C9F1010079
:107D200011E801005D500200A1EC0100B9EC010076
:107D3000387D030008000000010000000200000080
:107D4000020000000200000003000000020000002A
:107D50000400000001000000050000000800000011
:107D60000600000001000000070000000100000004
:107D700008000000010000000000000000000000FA
:107D800059DF01000DE8010051F6010011E8010082
:107D90005D500200B9F50100D1F5010000000000BE
:107DA0000000000059DF01000DE8010061DF010063
:107DB00011E801005D500200EDF6010021F701001D
:107DC0002DFA01006DFA010085FE0100E9F60100BF
:107DD000A1FE0100B5FE0100D1FE0100F8FFFFFF8A
:107DE000000000001DF70100F5FE0100C1FE0100CA
:107DF00029FF010065FA010045FB010009FF0100B0
:107E0000087E030008000000010000000C000000D4
:107E10000200000005000000030000000200000056
:107E20000400000001000000050000000100000047
:107E30000600000002000000070000000300000030
:107E40000800000001000000000000000000000029
:107E500055FF0100A5FF0100BDFF0100000000006B
:107E6000000000009900020061FF01006DFF0100A9
:107E7000FD9B020079FF010081FF01009DFF0100D1
:107E8000119C0200159C0200000000000000000090
:107E9000ED04020041060200F1040200F5040200B4
:107EA0000105020019050200BD05020000000000E6
:107EB0000000000059DF01000DE8010061DF010052
:107EC000050A02005D500200810602009D060200C4
:107ED0008D69020091690200810F0200A56902000C
:107EE0008D090200F9060200AD69020000000000E1
:107EF0000000000011A60200F5A50200F9A502008D
:107F0000FD9B020005A6020009A602000D9C0200CE
:107F1000119C0200159C02000000000000000000FF
:107F200051160200ED0F0200F10F0200FD9B02004E
:107F3000FD0F0200059C020001100200119C0200CE
:107F4000159C02001110020059100200F8FFFFFFFB
:107F50000000000059DF01000DE8010061DF0100B1
:107F600011E801005D500200FD100200A91002009E
:107F7000000000000000000071060200E1F60100B0
:107F8000C1060200F91802000119020009190200D5
:107F90001119020021190200311902003D190200D5
:107FA0004D190200551902005D1902006519020001
:107FB000751902007D190200851902007906020078
:107FC0009D190200A5190200AD190200B5190200A1
:107FD000A51A0200BD190200C1190200C51902004C
:107FE000E11902000000000000000000710602001C
:107FF000E1F60100C1060200911D02000119020014
:10800000C9190200111902002119020031190200D8
:108010003D1902004D190200551902005D190200B8
:108020000D1E0200B91D0200CD1902000D1B020039
:10803000790602009D190200A5190200AD1902007F
:10804000B5190200A51A0200BD190200C1190200EB
:10805000311A0200491B0200ED1902007D1E0200C8
:10806000D1190200D5190200E8FFFFFF000000004F
:1080700059DF01000DE80100C51B020011E80100F5
:108080005D500200691A0200851B0200E0FFFFFF3D
:1080900000000000DD1E0200F99B02003D1B0200F3
:1080A000FD9B0200391B0200059C02000D9C020092
:1080B000119C0200159C020000000000000000005E
:1080C00059DF01000DE80100551F02002D200200BC
:1080D0005D500200251F0200D1210200D8ECF0F40F
:1080E000F8FC00040000000000000000B9280200B5
:1080F000FD490200E52A02008128020085280200CD
:10810000154A0200FD49020091280200CD4C0200F0
:10811000FD4D0200214D0200E94D0200014A02001E
:108120006E400000B5A3F393E0A9E50E24DCCA9EDF
:10813000000000000000000039E401005D2D020095
:1081400031E40100F1E301002DE40100D9E7010071
:1081500025E401007D2E020099C20100592D020084
:10816000C12E020015CE0100E1CF0100FCFFFFFF90
:108170000000000049330200B12F0200AD2F0200C1
:1081800011E801005D500200D9CF0100F5CF0100D8
:10819000FFFFFFFF000000010002000300040100D8
:1081A00001010102010301040200020102020203B3
:1081B0000204030003010302030303040400040197
:1081C000040204030404000000000000000000009A
:1081D00059DF01000DE8010061DF010011E8010035
:1081E000F937020051330200693302000000000039
:1081F0000000000059DF01000DE8010061DF01000F
:1082000011E801005D500200ED3802000139020062
:10821000556402001D64020025640200216402000E
:10822000453902001D390200A1670200000000006C
:108230000000000059DF01000DE8010061DF0100CE
:1082400011E801005D500200A93A0200BD3A0200A7
:10825000013B02008D68020021680200D93A020049
:108260002568020000000100020003000400000174
:1082700001010201030104010002010202020302E2
:1082800004020003010302030303040300040104C6
:1082900002040304040400000000000000000000C9
:1082A00059DF01000DE80100E1440200CD47020062
:1082B0005D500200A9440200C1440200D8ECF0F471
:1082C000F8FC00040000000000000000FD4902006E
:1082D000FD490200FD49020000000000000000000E
:1082E000154A0200FD490200FD490200CD4C020082
:1082F000FD4D0200214D0200E94D0200014A02003D
:10830000000000000000000059DF01000DE801003E
:1083100061DF010011E801005D5002000D51020013
:1083200035510200000000000000000059DF01008C
:108330000DE8010061DF010011E801005D5002005D
:10834000000000000000000000000000000000002D
:108350000000000059DF01000DE8010061DF0100AD
:1083600011E801005D500200000000000000000064
:10837000556402001D6402002564020021640200AD
:108380000000000000000000A167020000000000E3
:108390000000000059DF01000DE8010061DF01006D
:1083A00011E801005D500200000000000000000024
:1083B000000000008D68020021680200000000003B
:1083C00025680200000000000000000059DF0100E5
:1083D0000DE8010061DF010011E801005D500200BD
:1083E000CD690200F56902008D6902009169020001
:1083F00095690200A5690200A9690200A969020045
:10840000AD6902000000000000000000E96C0200FD
:10841000696A0200716A0200716A0200796A0200E8
:10842000796A0200616A0200816A0200BD6A020084
:108430009D6A0200556B0200156C02007D6C020003
:108440000000000000000000E96C020000000000D5
:1084500000000000E96C02000000000000000000C5
:108460000000000000000000D16E020000000000CB
:10847000000000004D6D0200797002000000000055
:1084800000000000F8FFFFFF0000000059DF0100BE
:108490000DE80100F96E020011E801005D500200D4
:1084A00000000000000000000000000000000000CC
:1084B000D9740200C974020000000000000000002E
:1084C00059DF0100ED7F020061DF010011E80100CA
:1084D0005D500200097C0200497C0200000000009F
:1084E0000000000059DF0100C982020061DF0100C5
:1084F000F58402005D5002008D820200A982020014
:10850000C18302006184020021840200F4FFFFFFA6
:1085100000000000A5840200000000000000000030
:1085200059DF01000DE8010041890200218A0200A3
:108530005D500200F1890200058A020055640200C4
:108540001D640200256402002164020049890200C2
:10855000558A0200A167020060850300090000003F
:108560006902000080000000E802000090000000A6
:10857000C4090000700000008813000060000000C3
:108580001027000050000000204E000040000000B6
:10859000409C000030000000A08601002000000088
:1085A00040420F0010000000B085030004000000EE
:1085B00002000000000000000400000010000000A5
:1085C0000800000020000000100000003000000043
:1085D000000000000000000059DF01000DE801006C
:1085E0008D8B0200358C02005D500200058C02006C
:1085F000198C0200958B02008D6802002168020030
:10860000698C020025680200108603000400000047
:10861000102700000C000000204E000008000000A1
:1086200050C3000004000000A0860100000000000C
:1086300000000000000000005D8D020085EC0100DC
:108640008DEC01006D8D02000000000000000000B4
:10865000CD920200D18D0200D58E0200718D0200F4
:10866000059002008D900200F4FFFFFF0000000063
:1086700059DF01000DE8010061DF010011E8010090
:108680005D50020085900200A190020000000000F1
:108690000000000059DF01000DE8010061DF01006A
:1086A00011E801005D500200D1930200E593020041
:1086B0006D930200000000000000000059DF01007F
:1086C000C982020061DF0100F58402005D500200F2
:1086D0007197020099970200C18302001599020068
:1086E0003D970200F4FFFFFF0000000035990200F3
:1086F000000000000000000059DF01000DE801004B
:1087000061DF010011E801005D5002001D9B0200C5
:10871000B99B0200ED9902005D990200359A0200B2
:108720000000000000000000199C02000000000092
:1087300000000000919C0200F99B0200F59B0200E2
:10874000FD9B0200019C0200059C02000D9C0200A2
:10875000119C0200159C02000000000000000000B7
:10876000919C0200259C0200299C0200359C02007D
:108770003D9C0200459C02004D9C0200559C02005D
:10878000159C0200219C02009D9C0200619C02003D
:10879000F8FFFFFF00000000B59D02000000000090
:1087A00000000000399D02008D9C0200299C0200FF
:1087B000359C02003D9C0200459C02004D9C02003D
:1087C000559C0200159C0200A99C0200C59C020059
:1087D000599D0200F8FFFFFF00000000AD9D020060
:1087E000000000000000000059DF0100499F020066
:1087F00061DF010011E801005D500200019F0200ED
:10880000219F0200B9A30200F8FFFFFF0000000053
:10881000E9A30200000000000000000011A6020011
:10882000F5A50200F9A50200FD9B020005A60200C5
:1088300009A602000D9C0200119C0200159C02007A
:10884000000000000000000089A70200259C020033
:10885000299C0200359C020075A7020079A702003E
:108860004D9C0200559C0200159C020075A9020057
:1088700099A9020065A90200F8FFFFFF00000000AF
:108880006DA902000000000000000000F5AD02002C
:10889000259C0200299C0200359C0200C1A902000F
:1088A000CDA9020069AA020091AA0200159C02004B
:1088B000B9AA0200D5AA0200619C0200D9A902004F
:1088C000F8FFFFFF00000000B59D0200000000005F
:1088D0000000000071AB0200F5AA0200C1AB02006B
:1088E000E9A9020025AB0200BDAC02002DAC0200DC
:1088F00029AA02008DAA0200FCFFFFFF0000000071
:1089000059DF01000DE8010061DF010011E80100FD
:108910005D50020089AC0200F5AB020000000000CF
:108920000008080800080A4A4000000A5FEA5FEAF7
:108930000ED92ED36E19324489330C924C924D08C5
:108940000800000004880808040804848488000AD9
:10895000448A4000048EC480000000048800000E99
:10896000C000000000080001224488100C925252FE
:108970004C048C84848E1C824C901E1EC244924CEB
:1089800006CA525FE21FF01EC13E02448ED12E1F66
:10899000E24488100ED12ED12E0ED12EC4880008AC
:1089A00000080000048004880244880482000EC08D
:1089B0000EC008048244880ED126C0040ED135B3FF
:1089C0006C0C925ED2521C925C925C0ED010100E17
:1089D0001C9252525C1ED01C901E1ED01C90100E79
:1089E000D013712E12525ED2521C8808081C1FE24E
:1089F00042524C1254981492101010101E113B75D4
:108A0000B131113935B3710C9252524C1C925C90B9
:108A1000100C92524C861C925C92510ED00C825CCF
:108A20001FE4848484125252524C1131312A441171
:108A30003135BB7112524C9252112A4484841EC4A7
:108A400088101E0EC808080E10080482410EC2428B
:108A5000424E048A400000000000001F080480000D
:108A600000000ED2524F10101C925C000ED0100E5F
:108A700002424ED24E0C925C900E06C81C88080E24
:108A8000D24EC24C10101C92520800080808024036
:108A900002424C10149814920808080806001B752E
:108AA000B131001C925252000C92524C001C925C4C
:108AB00090000ED24EC2000ED010100006C80498CE
:108AC00008080EC807001252524F0011312A440004
:108AD000113135BB00124C8C9200112A4498001EB3
:108AE000C4881E06C48C8486080808080818080C68
:108AF000881800000C836000FFFF010000000000E8
:108B0000FFFF0000FFFF0000000000000000000069
:108B1000B5BA0200A1BA0200ADBA0200FD9B020084
:108B200071BA020075BA020085BA02002DC30200B4
:108B3000159C020079C10200000000000000000046
:108B400059DF01000DE8010061DF0100C1C302002F
:108B50005D50020089C60200E5C602006DC3020036
:108B6000F8FFFFFF00000000B9C30200748B030090
:108B700008000000020000000100000003000000E7
:108B800002000000040000000300000005000000D7
:108B9000040000001C000000050000001D00000093
:108BA000060000001E000000070000001F0000007B
:108BB0000800000000000000000000000DC80200D6
:108BC00049C70200716A0200716A0200796A0200F4
:108BD000796A0200616A0200816A0200BDCA02006D
:108BE0009D6A02007DCB0200D5C702007D6C0200A9
:108BF000C5C70200C9C70200D1C8020000000000BA
:108C00000000000059DF01000DE8010061DF0100F4
:108C100011E801005D5002005DCC0200D5CC0200DD
:108C20007DCE020099CC0200F8FFFFFF000000009B
:108C3000FDCE0200F4FFFFFF00000000CDCC0200DB
:108C40000000000000000000B1D20200C5D5020003
:108C500061D502005DDC0200F9D002005DD30200A4
:108C600075D1020085D10200B9D10200C5D1020040
:108C70004D19020029D802004DDD0200D5D10200B5
:108C8000B1D3020041D4020011D50200E5D10200A7
:108C90009D190200A519020015DB0200C5DA0200C9
:108CA00045D20200D9D002006DD40200E93802009A
:108CB0006D3902000000000000000000E96C0200B5
:108CC00081DF0200BDDD0200CDDD02006DDE0200AD
:108CD000D16E02009DDE020021DF02004D6D020018
:108CE00079700200CDDF020069E0020095E0020029
:108CF000F8FFFFFF0000000059DF01000DE8010050
:108D0000F96E020095E102005D50020061E0020090
:108D10007DE00200000000000000000059DF0100BB
:108D20000DE8010061DF010011E801005D50020063
:108D300031E4020045E40200DDE5020001E6020044
:108D4000E9E40200000000000000000059DF01001B
:108D50000DE8010061DF0100C5E902005D5002007D
:108D60008DE70200A5E702007DEC0100C5E70200E7
:108D700029E6020065E6020031E8020089E6020009
:108D800029E90200B5E60200C9E60200F5E60200A4
:108D900029E702007DE80200F5E7020049E702004A
:108DA00025E6020000000000D0430020E1F20200AE
:108DB00001000600D08F0300D48F030004000000E0
:108DC00001000600B4460020DC8F0300EC8F030096
:108DD00008000000D48F0300DC8F030008000000AF
:108DE000EC8F0300FC8F030008000000001002015C
:108DF000888F0300B88F030008000000B88F0300BD
:108E0000D08F0300080000000000FFFFDEC0ADDED1
:108E1000FE011EF1DEC0ADDEFF011EF1754903004B
:108E20005149030041490300B14B0300394B030092
:108E300015490300194903001D49030000100000F3
:108E4000040000000100000000000000010000001C
:108E50000100FFFF00000000010000000100010010
:108E6000588E030001000100548E03000000000032
:108E700000000000055D0300C95C0300E55C030021
:108E800000202020202020202020282828282820DA
:108E900020202020202020202020202020202020D2
:108EA000208810101010101010101010101010103A
:108EB000100404040404040404040410101010102A
:108EC00010104141414141410101010101010101F4
:108ED0000101010101010101010101011010101046
:108EE00010104242424242420202020202020202C6
:108EF000020202020202020202020202101010101A
:108F00002000000000000000000000000000000041
:108F10000000000000000000000000000000000051
:108F20000000000000000000000000000000000041
:108F30000000000000000000000000000000000031
:108F40000000000000000000000000000000000021
:108F50000000000000000000000000000000000011
:108F60000000000000000000000000000000000001
:108F700000000000000000000000000000000000F1
:088F80000000000000000000E9
:108F88001504030000000000810A0300AC40002023
:108F98006502030000000000F51503000000000052
:108FA8003D4E02000000000099220200000000006F
:108FB800EDE8010000000000DD04020000000000F0
:088FC800094B0300000000004A
:048FD00095240200E2
:088FD400154B03000000000032
:108FDC00CD2F030000000000D13003000000000082
:108FEC00C5240200000000002D4903000000000011
:088FFC001837FE7F01000000A0
:109004000000000006000000E0720300207B030063
:109014007D0000000138FDD1704700BF55A7020054
:1090240055A7020005A9020059A702005DA7020086
:1090340061A7020061A702006DA7020071A70200E8
:1090440025A7020025A7020029A7020031A70200D4
:1090540035A702003DA7020045A702004DA7020064
:1090640051A702001C890300FFFFFFFF644B00208F
:109074000090D0030010014011000400FFFFFFFF27
:10908400FFFFFFFFFFFFFFFFFFFFFFFFD0200020D8
:1090940000000000F0490020584A0020C04A002087
:1090A40000000000000000000000000000000000BC
:1090B40000000000000000000000000000000000AC
:1090C400000000000000000000000000000000009C
:1090D40000000000000000000000000000FA00048E
:1090E400FFFF03011818181818181818F1C6010002
:1090F400C1CC0100ADD00100E11602003D490200DF
:10910400CDAE0200C5B502005DB902003DED02001E
:10911400C9C601000000000000000000053E030075
:08912400000000000000000043
:0200000270008C
:1070000000000220F97207002173070023730700B4
:10701000257307002773070029730700000000008D
:107020000000000000000000000000001DB5070087
:107030002D730700000000002F7307003173070055
:10704000337307003373070033730700337307008C
:10705000337307003373070033730700337307007C
:10706000337307003373070033730700337307006C
:10707000337307003373070033730700337307005C
:10708000998E0700337307003373070033730700CB
:1070900033730700337307001DB70700337307000E
:1070A000337307003373070033730700337307002C
:1070B0003373070033730700000000000000000076
:1070C000337307003373070033730700337307000C
:1070D0001D8B0700337307003373070033730700FA
:1070E00033730700000000000000000000000000F3
:1070F0000000000033730700000000003373070036
:10710000000000000000000000000000000000007F
:10711000000000000000000000000000000000006F
:10712000000000000000000000000000000000005F
:10713000000000000000000000000000000000004F
:10714000000000000000000000000000000000003F
:10715000000000000000000000000000000000002F
:10716000000000000000000000000000000000001F
:10717000000000000000000000000000000000000F
:1071800000000000000000000000000000000000FF
:1071900000000000000000000000000000000000EF
:1071A00000000000000000000000000000000000DF
:1071B00000000000000000000000000000000000CF
:1071C00000000000000000000000000000000000BF
:1071D00000000000000000000000000000000000AF
:1071E000000000000000000000000000000000009F
:1071F000000000000000000000000000000000008F
:107200000348044B834202D0034B03B11847704735
:10721000A02B0020A02B00200000000005480649FC
:107220000B1AD90F01EBA301491002D0034B03B194
:1072300018477047A02B0020A02B00200000000062
:1072400010B5064C237843B9FFF7DAFF044B13B1AE
:107250000448AFF300800123237010BDB42B00203D
:1072600000000000B0D2070008B5044B1BB1044970
:107270000448AFF30080BDE80840CFE700000000FD
:10728000B82B0020B0D20700A3F5803A704700BFAA
:10729000154B002B08BF114B9D46FFF7F5FF002152
:1072A0008B460F461148124A121A05F00FFC0C4B80
:1072B000002B00D098470B4B002B00D098470020A4
:1072C000002104000D000B4805F0DEFA05F010FB6C
:1072D0002000290001F020F905F0DCFA0000080088
:1072E000000000000000000000000220B42B00207D
:1072F0004C520020BDC807000649074A074B9B1A9D
:1073000003DD043BC858D050FBDC00F023F8FFF746
:10731000BFFF000020D30700E82A0020B42B002084
:10732000FEE7FEE7FEE7FEE7FEE7FEE7FEE7FEE735
:10733000FEE7FEE7054B1B680D2B01BF044B1868E9
:10734000B0FA80F0400918BF0020704730010010EB
:107350003401001008B5FFF7EDFF40B14FF0804356
:107360000022C3F80C21C3F81021C3F83825FFF719
:10737000E1FF002846D04FF080524D4BD2F8041464
:10738000C3F82015D2F80814C3F82415D2F80C1449
:10739000C3F82815D2F81014C3F82C15D2F8141419
:1073A000C3F83015D2F81814C3F83415D2F81C14E9
:1073B000C3F84015D2F82014C3F84415D2F82414A9
:1073C000C3F84815D2F82814C3F84C15D2F82C1479
:1073D000C3F85015D2F83014C3F85415D2F8341449
:1073E000C3F86015D2F83814C3F86415D2F83C1409
:1073F000C3F86815D2F84014C3F86C15D2F84424C9
:10740000C3F87025FFF796FF48B14FF08043D3F8DB
:107410000024D20744BF6FF00102C3F80024254ABC
:10742000D2F8883043F47003C2F88830BFF34F8F2E
:10743000BFF36F8F4FF01023D3F80022002A03DB35
:10744000D3F80432002B2FDA1B4B0122C3F804259A
:10745000D3F80024002AFBD04FF010221221C2F8EA
:107460000012D3F80024002AFBD04FF01023122280
:10747000C3F80422104B1A46D3F800140029FBD09D
:107480000021C3F80415D2F80034002BFBD0BFF361
:107490004F8F0849094BCA6802F4E0621343CB607E
:1074A000BFF34F8F00BFFDE7054B064A1A6008BDCA
:1074B00000C0004000ED00E000E001400400FA05DB
:1074C000E82A00200090D0034B1C30B5DB000446B6
:1074D00012F003009BB20DD1074D2A601A44074BEE
:1074E0001A60074B1870074B1870074B1C80074B2E
:1074F000198030BD0720FCE7D82B0020D42B0020BA
:10750000D02B0020E02B0020DC2B0020DE2B0020E5
:107510002DE9F3472B4F3B888B4206460D4690469C
:107520004BD300240DF107008DF8074000F086F8DA
:10753000254B26481A78264B008893F800C08445CE
:107540005FFA8CF138BF4C1CD2B238BFE4B2A24211
:107550002DD01C781A78D1B2904286BF0131C9B2C1
:10756000002119709DF8070000F08CF84FF6FF73AA
:107570009C4224D0DFF86090D9F800204FEAC40A7A
:1075800042F8348002EBC403A6B19DB1114B388898
:107590001B682A4604FB0030314605F0FDF9D9F896
:1075A0000030534400209D8002B0BDE8F0874FF6C4
:1075B000FF74D7E700209880F6E70920F4E704205D
:1075C000F2E700BFDC2B0020E02B0020DE2B0020A8
:1075D000D02B0020D42B0020D82B0020F8B5114C44
:1075E000114D264622782B789A4200D1F8BD0F48DB
:1075F0000F4A2378126807880E4802EBC30100681F
:1076000052F83320898803FB070090470A49227803
:107610000988D3B2914286BF0133DBB200233370B5
:10762000E0E700BFE02B0020D02B0020DC2B002067
:10763000D82B0020D42B0020DE2B002070B5EFF3D8
:10764000108672B60C4A946801239CB993600B4B68
:107650000B4DD3F8801029401160C3F88050D3F847
:10766000841051604FF0FF32C3F88420047006B9D3
:1076700062B670BD0370FAE7C04E002000E100E082
:10768000FC06FFBD10B5084B9A685AB150B9EFF32C
:10769000108172B6054A1C6814605C68546098607A
:1076A00001B962B610BD00BFC04E002000E100E08D
:1076B00030B53AB11368DB430A4D0144814204D12D
:1076C000D84330BD4FF0FF33F6E710F8012B53409D
:1076D000082213F0010418BF2C46013A84EA530330
:1076E000F7D1EBE72083B8ED10B561B1B2FBF3F44D
:1076F00003FB1424A4B244B9C0E90014846082815D
:10770000C381204610BD0E20FCE70920FAE782B0B5
:1077100050E8022FC188B2EB324F4FF0000317BF81
:1077200092B241EA014142EA014104E04268B2EB0F
:10773000324F08BF012340E80212002AE8D18DF839
:1077400007309DF80730002B0CBF1120002002B03D
:10775000704737B550E8013F9DB2C48925448489FC
:10776000A54228BF2D1B0489A54202BFBFF32F8F5E
:10777000002207E0C5EA030540E80154002CE9D1E6
:107780004FF001028DF803200193019B9DF8032027
:107790000B6002F0FF0322B10B880068184403B0AD
:1077A00030BD1846FBE70A884B889A4209D150E859
:1077B000012FC2EA024240E80123002BF7D1012049
:1077C00070470020704737B550E8023F1FFAA3F515
:1077D000C488A54202BFBFF32F8F00220DE0C489E9
:1077E00025448489A54228BF2D1BC3EA054540E8EE
:1077F0000254002CE8D14FF001028DF803200193D0
:10780000019B9DF803200B6002F0FF0322B14B881F
:107810000068184403B030BD1846FBE70A884B885F
:107820009A4209D150E8022FC2EA224240E80223DC
:10783000002BF7D1012070470020704710B5034698
:1078400053E8000F40EA010243E8002494F0000FDF
:10785000F6D110BD10B5034653E8002F02EA01002F
:1078600043E8000494F0000FF6D110BD0121FFF7AA
:10787000E5BF0021FFF7EEBF10B590B1D0E90123BD
:1078800001689B1ADBB20A60013BDBB2FF2B026886
:1078900002D10020107110BD11684C1C14600B70D7
:1078A000F2E70E20F7E737B5044600250DF1070093
:1078B0008DF80750FFF7C2FE2268616813688B429B
:1078C00010D9591E116013F8015C228AE36802FB8B
:1078D00005352268A36811685B1A1179DBB29942F9
:1078E00038BF13719DF80700FFF7CCFE284603B0A0
:1078F00030BD37B5054600230DF107000C468DF865
:107900000730FFF79BFE2A681368591C1160E9686D
:10791000641A298AB4FBF1F41C709DF80700FFF784
:10792000B1FE03B030BD01600B681146184710B4BA
:107930000468E468A4465DF8044B604710B404682A
:107940002469A4465DF8044B6047000070B550B947
:107950000E4D0F4C0026641B1423B4FBF3F4B44209
:1079600008D1002010E00368002BF1D0BDE8704082
:10797000DB6918472B6813B901361435EFE7DB696B
:10798000284698470028F7D070BD00BFA02B0020E4
:10799000B42B0020014B436000207047B4CD07009A
:1079A0000846704700207047024B1868003818BF1F
:1079B00001207047E42B002008B50248FFF759FF6B
:1079C000002008BDE42B002008B510461A4604F03C
:1079D000E3FF002008BD00002DE9F043814687B099
:1079E00014480E4615469846FFF740FF0446F0B986
:1079F0000746BD4215D10F48FFF73BFFD9F80830C5
:107A00005BB102228DF800200022CDE90126CDE9EC
:107A10000325CDF8148068469847204607B0BDE896
:107A2000F08306EB073000F07DFB0137E1E711241E
:107A3000F3E700BFE42B00202DE9F041804686B03B
:107A400011480F4616461D46FFF710FF0446C8B9F9
:107A5000AA083146384600F093FB0B48FFF709FFB0
:107A6000D8F8083053B101228DF800200C9A059205
:107A7000CDE90147CDE9036568469847204606B041
:107A8000BDE8F0811124F9E7E42B002029DF7047DD
:107A900028DF704770B50668B36886B004460D46A7
:107AA00073B114220021684605F010F8A36805930D
:107AB0002379019533B1012B0ED0B36868469847FE
:107AC00006B070BD01238DF8003023690293E3688E
:107AD000039363690493F0E702238DF80030E368B1
:107AE0001B030293F5E7084670470020704700002B
:107AF000024B187A003818BF01207047D42D00209F
:107B0000034B187A0122B0FA80F05A74400970478A
:107B1000D42D002008B510461A4604F03DFF002081
:107B200008BD000008B514220021044804F0CEFF6F
:107B30000348FFF7ECFD002008BD00BFD42D002056
:107B4000C42D002010B5094C094B43602046FFF7B7
:107B50008DFE48B903F0C8FD064920741C23064871
:107B60004FF4EE72FFF7C0FD002010BDD42D0020B1
:107B7000E0CD0700E82B0020C42D002070B5234C79
:107B8000234E237A25463BB922492348FFF71BFEA3
:107B9000306008B9606070BD022334682B722379AD
:107BA00073B1012B22D020460321FFF773FF00237E
:107BB0002B726B60BDE8704016491748FFF72EBE68
:107BC000D4E90523D21A142AD4E9031028BF1422B9
:107BD0009208012A38BF012219441844FFF756FFC2
:107BE00050B11128DFD101232B72D4E7D4E903036C
:107BF0001844FFF74DFFF3E72B7C002BCBD1014658
:107C0000BDE87040022000F009B800BFD42D00206C
:107C1000EC2D0020E82D0020C42D002038B5831E57
:107C2000012B43D8224C237A002B3FD0022B09D1C1
:107C300003282ED01F4B00221B68E2601A793AB14C
:107C4000012A20D0637C6BBBBDE83840FFF796BFAC
:107C5000D3E905128D1A142D94BF521914329A616A
:107C60009142EFD102284FF0000308BF194623725A
:107C7000104B18BF0D211868FFF70CFF0E490F4875
:107C8000FFF7CCFDDEE71A6901321A615B699A429F
:107C9000E7E7E3680133082B01D8E360D2E700236C
:107CA000E360DFE7BDE8384003F00EBD38BD00BF3C
:107CB000D42D0020EC2D0020E82D0020C42D002024
:107CC00000F0FD03012B08D1044B00225A74421E20
:107CD000504250411874FFF751BF7047D42D002017
:107CE00010B5064C201DFFF7C1FD28B9637C1BB9F8
:107CF000BDE81040FFF742BF10BD00BFD42D0020EB
:107D00002DE9F34180460D460F4801A916461F464E
:107D1000FFF71FFD0446A8B11C22002104F0D6FE87
:107D20002D0B0123237101A90748C4F80080A76027
:107D3000E5606661FFF737FDFFF7D2FF002002B074
:107D4000BDE8F0810420FAE7C42D00202DE9F743B7
:107D500081468846104801A917461E46FFF7F9FCE0
:107D60000446B0B11C22002104F0B0FE00250A9B9D
:107D7000A36001A9C4E9037807482571C4F80090FD
:107D80006661FFF710FDFFF7ABFF284603B0BDE8C3
:107D9000F0830420FAE700BFC42D002001600B68C7
:107DA00043604A68934204BF0023436070474368BE
:107DB00043B1026891680B4443605268934204BF28
:107DC00000234360704700002DE9F04FC9B008AAB6
:107DD00001F1400514464B780E781B0443EA066314
:107DE000CE7833438E78043143EA06238D4244F83B
:107DF000043BF0D11024916B16464FEAF14383EA1D
:107E0000714383EA9123716A366852F8045F314402
:107E10000B444FEAB54181EAF51181EAD5010134FD
:107E20000B44402CD363E6D1D0E914E30093836D77
:107E30000193C36D0293036E0393436E0493836EA9
:107E40000593C36E0693DDE9057BDDE9031CDDE9DF
:107E500001592B4B009E079374464FF00008079B77
:107E600053F8042B07934FEAF12383EAB11383EA13
:107E7000716A08AB53F828301A440AEB020327EA68
:107E8000010A01EA0C028AEA02021A444FEA743A31
:107E900086EA05035A448AEAB40A06EA050B234037
:107EA00083EA0B038AEAB45A08F101089A44B8F14C
:107EB000400F02EB0903BB465244A94619D1724454
:107EC0000265009A22444265019A32448265029A10
:107ED0002A44C265039A1A44049B02660B44436613
:107EE000059B63448366069B3B44C36649B0BDE87B
:107EF000F08F674635468C46264619461446AEE74F
:107F00000CCE070030B5E0B10F4A1049002400251F
:107F1000C0E91245C0E914120D4C0E4A0E4DC0E9DD
:107F200016420E4AC0E918520D4A826602F1745296
:107F3000A2F523020023A2F692420364C266184609
:107F400030BD0E20FCE700BF85AE67BB67E6096A5F
:107F500072F36E3C3AF54FA57F520E518C68059B2B
:107F6000ABD9831F70B5F0B1DAB900201CE00C4624
:107F70008D180026AC42F8D0036C14F8012BC254C3
:107F80000133402B0364F5D10146FFF71DFFD0E913
:107F9000123213F5007342F10002C0E91232066496
:107FA000E8E70029E3D10E2070BD70B50D461646F6
:107FB0000446002875D0002973D0026C8021372A2E
:107FC000815402F101034FF0000240D8382B39D11F
:107FD000D4E91201226C0823E3FB020103BAE36334
:107FE0000B0A84F83A300B0C84F839300B0EC4E9D4
:107FF000120184F83B1084F8383021462046FFF700
:10800000E3FE691E76B30023E26EDA4001F8012F29
:10801000A26EDA400A71626EDA400A72226EDA40AB
:108020000A73E26DDA400A74A26DDA400A75626D75
:10803000DA400A76226DDA400833202B0A77E3D142
:10804000002070BDE2540133C0E7E25401333F2BFE
:10805000FBD921462046FFF7B7FE3822002104F065
:1080600035FDB5E71823226DDA4001F8012F626D66
:10807000DA400A71A26DDA400A72E26DDA400A73E0
:10808000226EDA400A74626EDA400A75A26EDA4035
:108090000A76E26EDA40083B13F1080F0A77E2D164
:1080A000CEE70E20CDE743689B68184708B54368C4
:1080B00008305A7900F083F9002008BD2DE9F0411D
:1080C0000C469CB008461F460392FFF7ECFFD4F81D
:1080D0000480039998F80550BD4228BF3D460646E6
:1080E0002A4604A800F060F998F8052022990CA807
:1080F00000F065F900960CAB2A4604A904F10800CB
:1081000004F044FA002848F2425018BF00201CB086
:10811000BDE8F081024AD2F80034002BFBD0704752
:1081200000E001400A4908B50223C1F80435BFF355
:108130006F8FBFF34F8FC1F80805FFF7EBFF0023E8
:10814000C1F80435BFF36F8FBFF34F8F08BD00BF79
:1081500000E0014010B5094C0123C4F80435BFF319
:108160006F8FBFF34F8F0160FFF7D4FF0023C4F878
:108170000435BFF36F8FBFF34F8F10BD00E0014098
:108180000E4B10B50124C3F80445BFF36F8FBFF346
:108190004F8F01EB8204401AA14208D1074B002205
:1081A000C3F80425BFF36F8FBFF34F8F10BD431883
:1081B00051F8042B1A60FFF7ADFFEDE700E0014036
:1081C00028B139B10023C1E900301846704748F2A0
:1081D0001050704748F21350704738B1006848F2A9
:1081E0004053884214BF18460020704748F2105090
:1081F000704730B148F21153914214BF1846002025
:10820000704748F21050704770B506460C461D4640
:10821000FFF7D6FF50B9B3794AB1AB420AD1114644
:108220002046FFF743FF08B9044B236070BD48F2B6
:108230001050FBE748F21150F8E700BF7052464D6E
:108240002DE9F0470C4606460F492046DDE908892E
:1082500015461F46FFF7C1FFA0B963685A79494622
:1082600052004046FFF7C5FF60B94DB1CDF8208000
:108270003B462A4621463046BDE8F047FFF71EBF81
:1082800048F21050BDE8F0877052464D10B50446D4
:1082900038B149B141600B68984708B9044B236075
:1082A00010BD48F20150FBE748F21050F8E700BF5C
:1082B0006E524648F0B4134648B10768094EB742BB
:1082C0000AD161B12AB14368F0BC5B68184748F233
:1082D00001531846F0BC704748F20253F9E748F2E0
:1082E0001053F6E76E524648F0B460B107680C4E82
:1082F000B7420CD171B143681568DC68A5420CD354
:10830000F0BC9B68184748F20150F0BC704748F237
:108310000250FAE748F21350F7E748F21450F4E736
:108320006E524648F7B50446DDE9086715460193E5
:10833000FFF7ACFF68B9019A29462046FFF7BAFF5C
:1083400038B93A463146204603B0BDE8F040FFF761
:10835000CBBF03B0F0BD0000F8B50A4F0A4C0B4D7F
:10836000E41B0121E40829700026A64203D1022360
:108370002B700020F8BD57F8363098470028F9D107
:108380000136F2E7B4D20700B4D20700F02D002086
:1083900001390144814200D2704703780A7800F81D
:1083A000012B01F80139F5E7013A02440139824213
:1083B00000D2704711F8013F02F80139F7E770B5B4
:1083C00016460D46FFF7F0FF3246A9193044BDE8C6
:1083D0007040FFF7E9BF38B50D460446FFF7D8FFF8
:1083E00029466019BDE83840FFF7D2BFBFF34F8F71
:1083F0000549064BCA6802F4E0621343CB60BFF341
:108400004F8F00BFFDE700BF00ED00E00400FA055C
:10841000044A136801331360034B1B780BB100F05F
:10842000FFB87047FC2D0020F82D002010B5094C36
:1084300000F018F923785BB9074A137000F0B8F818
:10844000012323700549BDE81040A32000F0D6BBEE
:1084500010BD00BFF82D0020F12D00201184070071
:1084600008B5084B00221A7000F030F90649A32025
:1084700000F0C4FB054B1A68054B1A60054B01223E
:108480001A7008BDF82D002011840700FC2D002073
:10849000F42D0020F12D0020013870B5082823D8D4
:1084A000DFE800F00A0C23220522050E0C0011481B
:1084B000BDE87040FFF7BABF0F48F9E70F48F7E78C
:1084C00002F07AF80E4B1B787BB10E4E0E4D3468DD
:1084D0002B68E41A3B2C94BF0021012100F040F9E5
:1084E0003B2C01D933682B6070BDBDE87040FFF7AD
:1084F000B7BF00BF5DCF070058CF070062CF0700AE
:10850000F12D0020FC2D0020F42D002008B5FFF7F0
:108510006DFF08B5FFF76AFF08B500F089FC024857
:1085200000F0A6F9FFF762FF99840700F0B51B4B36
:108530001B4819781B4B1C4D5F5C0422012447FA31
:1085400002F6F60710F8013B1BD51F2B86BF03F080
:108550001F032E464FF0A04604FA03F3C6F80C356D
:10856000013AECD2114B5B5C1F2B86BF0E4903F026
:108570001F034FF0A041012202FA03F3C1F80835AE
:10858000F0BD1F2B86BF03F01F032E464FF0A04601
:1085900004FA03F3C6F80835E2E700BF052E002011
:1085A00067CF0700002E0020000300506CCF0700AB
:1085B00030B41748174D0022032410F8013B1F2B3D
:1085C00086BF03F01F0329464FF0A04103F5E07377
:1085D0000132052A41F82340EFD10F480D4D00220A
:1085E000032410F8013B1F2B86BF03F01F0329460D
:1085F0004FF0A04103F5E0730132052A41F8234012
:10860000EFD1064B00221A7030BCFFF78FBF00BFBE
:1086100067CF0700000300506CCF0700052E002035
:1086200010B40D4A0D4913780120C95C03441F2979
:10863000DBB28ABF0A4C4FF0A04401F01F01042BAB
:1086400000FA01F188BF0023C4F80C1513705DF81F
:10865000044BFFF76BBF00BF052E00206CCF070057
:108660000003005001460522014804F095B900BFFF
:10867000002E00201F2886BF054A00F01F004FF083
:10868000A042012303FA00F0C2F80805704700BFBA
:10869000000300500B4B185C1F288ABF0A4B4FF099
:1086A000A04300F01F01D3F8042598BF0146CA403B
:1086B000D20704D501228A40C3F80C257047FFF782
:1086C000D9BF00BF71CF070000030050F8B5204AA2
:1086D000204D214E002313602846032410F8012B5F
:1086E0001F2A86BF02F01F0231464FF0A04102F55B
:1086F000E0720133052B41F82240EFD1174C164FA1
:1087000020460022032610F8013B1F2B86BF03F0F2
:108710001F0339464FF0A04103F5E0730132052AEB
:1087200041F82360EFD1002115F8010BFFF7A2FFFC
:1087300001310529F8D1002114F8010BFFF79AFF48
:1087400001310529F8D1BDE8F8400020FFF7A2BFAC
:10875000082E002071CF07000003005076CF0700DD
:10876000F0B5164A164F1668DFF858C03446002593
:108770004FF0010E00EB8000642390FBF3F0A04269
:108780000BDCB042B8BF304605B11060A1B104287F
:1087900012DCBDE8F040FFF77DBFE35D1F2B8ABF11
:1087A00065464FF0A04503F01F030EFA03F3C5F82A
:1087B0000C3501340125E2E7F0BD00BF082E002092
:1087C00071CF070000030050007800F001007047EF
:1087D00041DF7047014B01221A7070472C32002094
:1087E000BFF34F8F0549064BCA6802F4E06213439A
:1087F000CB60BFF34F8F00BFFDE700BF00ED00E08F
:108800000400FA05024B034800221A7001F0F2BF7F
:108810002C320020E1870700042810B5044609D84F
:10882000022811D816D00D4B1B68B3B12046BDE805
:1088300010401847831F012BF5D8094B0948002227
:108840001A7001F0D7FFEEE707494FF4701000F0FF
:10885000A7F9E8E701F014FFE5E710BD303200208A
:108860002C320020E18707000588070000207047B0
:1088700038B5504B1860002001F0D2FF04460028A4
:1088800040F0928000F07EFA012800F088800228F3
:1088900000F08C80002840F087804FF08043D3F8B0
:1088A000004414F4803435D04FF48032C3F80024EF
:1088B0000446414D2B6A012B3FD04FF4701400F059
:1088C000F7FA3E4A20211820FEF7FEFD08B1FFF717
:1088D00020FE3B4B1A6802F0F802B02A06D11A6853
:1088E000D20742BF1A6802F04E021A60FFF7BEFFBD
:1088F000002859D12046334900F052F9324800F09F
:10890000E9FF002850D100F0F9FAFEF767FEFFF703
:108910005FFFF8E7D3F8202502F0F802A82A0AD171
:10892000D3F82025D10706D5D3F8202502F056022A
:10893000C3F82025BDE70124BBE743F204031A680E
:10894000224B9A4209D002F023F8AA69014694B159
:108950001F4802F07AFB90B9AFE76A6B1CB995F833
:108960006032012BEFD01B484FF4805102F06DFBB9
:108970000028E8D1A1E795F8A132012BE8D1104BEE
:108980001B6813F0B10F98D101F0AEFF60B9124B24
:108990001870124801F02EFF00F024F804E00E4B8E
:1089A0000F481C7001F026FF032038BD4FF4A024AF
:1089B00085E700BF30320020CC4E00200C2E002076
:1089C0001C0500400588070019880700DBE5B15148
:1089D0006D5100202C5100202C320020D58707003B
:1089E000E187070008B5074B4FF0FF32C3F880203E
:1089F000C3F8802101F060FCBDE808404FF48050CE
:108A000000F002B800E100E000B5EFF305830023B9
:108A1000D0E9001283F3148883F3108883F311885C
:108A200083F3138881F308884FF0FF339E46104785
:108A30005DF804FB00F1402000F50030002382B017
:108A4000036003680193019B02B0704738B56FF073
:108A50007F42134C057BD4F804358A4228BF0A466E
:108A6000891A13444A1E942A23F07F4305F5A872FD
:108A70009BBF963B96314160416044F82230094BE0
:108A80004FF4F86043F00103984705F1500080006F
:108A9000FFF7D0FF4FF48033AB40C4F8043338BD48
:108AA0000040024080CF070008B517490A7852BB42
:108AB0004FF080434FF48070D3F81834DB035EBF6F
:108AC000124B01221A60FFF7B5FF4FF4A070FFF7B9
:108AD000B1FF4FF4A270FFF7ADFF4FF4A470FFF7A2
:108AE000A9FF0B4B0B48A02283F8242310225A60C5
:108AF000094A0023C2F808350123036002201360ED
:108B0000C2F804030B7008BD383200200800004092
:108B100000E100E008400240004002402DE9F04141
:108B2000194B1B683BB1194A13684FF4827001332B
:108B30001360FFF77FFF164C164DDFF86080164E6E
:108B40004FF480372B68A5F5804080B25BB1FFF70A
:108B500071FF237B07FA03F3C8F80833616849B152
:108B60002046FFF773FF0435B54204F11004E9D144
:108B7000BDE8F081A16811B12046FFF767FF2368C7
:108B8000002BF0D09847EEE7044102403432002039
:108B9000EC2A0020404102404C410240004002408B
:108BA00070B50B4B1D682A7B4FF480339340094A04
:108BB0000E46C2F80833044640B1FFF775FF2E6039
:108BC00021462846BDE87040FFF740BF70BD00BF9A
:108BD0001C2B00200040024070B5074B1D680E465C
:108BE000A8600446FFF760FF2E6021462846BDE8D6
:108BF0007040FFF72BBF00BF242B002070B50E4B39
:108C00001C68237B4FF480329A400C4B0E46D3F8FD
:108C100004130A42054602D0A16881420BD0C3F872
:108C20000823A560FFF740FF266029462046BDE8DF
:108C30007040FFF70BBF70BD202B002000400240AA
:108C4000014B01221A7070473932002038B50F4BA2
:108C5000DA6A5D6A9C6CAC2A10D15B6B1C44ED1A1D
:108C60000B482A46214603F067FE68B100F046F93A
:108C700029462046BDE8384001F000BB002CEFD16A
:108C800001F09CFE0446EBE738BD00BFCC4E00204F
:108C9000007007002DE9F74F06468846A8EB060549
:108CA0002D0B02F6FF77144600F002F9802D28BF45
:108CB00080252B03DFF868B001933F0B0CB92346E6
:108CC00029E0BD422CBFBA46AA464FF000025146E9
:108CD000304634BFDDF80490A14601F0B7FA0346F0
:108CE000C8B909F1030222F003024146304601F0FF
:108CF0009FFA034678B9DBF830304B44CBF830307C
:108D000001F07EFDA7EB0A07A4EB09044E44C8441A
:108D100003460028D2D0184603B0BDE8F08F00BF4C
:108D2000CC4E002010B501F059FE154A42F2040362
:108D3000916CCC5803F1A34303F5471303F2D753C7
:108D40009C4218D1D2E90C32934216D0884204D109
:108D5000BDE81040002001F053BDD21A02F6FF72A8
:108D600022F47F6222F00F0219441844FFF792FFA9
:108D70000028EDD010BD0320FCE70020FAE700BF7B
:108D8000CC4E002070B5264CE36AAA2B37D005D80C
:108D9000012B0BD0A52B2ED0002070BDAC2BFBD10E
:108DA000FFF7C0FF48BBFFF751FF26E0A66C656ADE
:108DB00001F0EEFD864229D101F0EAFD00222946AC
:108DC000FEF776FCA36A984202BF0123C4E90703B9
:108DD000A5610025134801F0CFFD134B1348002275
:108DE0001A7001F00DFD68B975B1236A012B14BF2B
:108DF00001200220D1E7FFF795FF0125EAE7FFF701
:108E000025FFE6E70320C8E70120C6E7236BEA1A3F
:108E1000F1181844FFF73EFF0028DAD1CCE700BF75
:108E2000CC4E0020F04E002039320020418C07004B
:108E300008B540F6F8700368013302D10749FFF71F
:108E400089F940F6FC700368013305D1BDE808409C
:108E50004FF4FC21FFF77EB908BD00BF007007008A
:108E60000A4AD2F800347BB109480023D2F8081529
:108E7000D940C90748BF03F5C07103F1010348BFDA
:108E800042F82100072BF1D1704700BF00000140DC
:108E90003546526EFFF7E4BF044B002282B01A60E1
:108EA0001B680193019B02B0704700BF00010140A5
:108EB00038B50E4C2278BAB90D4BD3F800248AB1DC
:108EC000D3F80455FFF7CCFF40F61650A842B8BFC0
:108ED00028460849A0F54860FFF77EFE064B4FF490
:108EE00080321A600123237038BD00BF3A3200205F
:108EF00000000140958E070000E100E0034BD3F82D
:108F000000340BB1FFF7ACBF704700BF0000014059
:108F10000023C0E90232C0E900118B881A440261C3
:108F2000B1F906301A4442610888003818BF0120A0
:108F3000704710B5426811880346002939D002F104
:108F400010014160148A2CB9C2680168FFF7E0FF84
:108F5000204610BD9078118900F03004302C1BD1D0
:108F6000947C04F03004302C1DD190881969091AC2
:108F700019610021907810F0300F02BF986801301D
:108F80009860908A0844196901441961B2F9162061
:108F9000114459610120DCE700F0F004202C02D1DB
:108FA00050894143E6E700F0C000802808BF042153
:108FB000E0E70846CDE770B5466804460D466368AD
:108FC0001A88AA4204D19B7803F00F03082B07D11B
:108FD0002046FFF7AEFF6368B342F0D1002070BDBA
:108FE0000120FCE743681A44426011B101399A42FA
:108FF00001D10120704713F8010B01F8010FF6E7CA
:109000002DE9F34183680446884623B9002630469B
:1090100002B0BDE8F081036801220DF10701984715
:1090200006460028F2D0A3689DF80750013BA360D4
:109030009DF90730002B1ADA05F07F050727A36892
:10904000002BE3D0236801220DF107012046984749
:109050000028DBD0A3689DF80720013BA36002F045
:109060007F03BB401D43130607F1070702D4C8F86E
:109070000050CCE7232FE2D1C8E770B54268927860
:1090800002F00F01082986B003461FD103691C684E
:1090900000260CB906B070BD236826739D6862680F
:1090A00029466846FFF734FF6368049304F10C0314
:1090B0000593AB7803F0C003802B08BF231D6846DF
:1090C00008BF0493FFF7D9FFA468E2E712F0C001DC
:1090D00020D102F0300010280ED15A6911705A6860
:1090E00018699378D46803F00F03072B09D1014660
:1090F000204600F017F8CDE79006F0D55B6919809F
:10910000C8E71289214614B103F046FCC2E703F018
:10911000DDFCBFE78029BDD1006900219206016016
:10912000B8D5EBE77FB50A4601466846FFF7F0FE83
:1091300030B16846FFF7A1FF6846FFF7FAFEF7E790
:1091400007B05DF804FB000030B5044685B0154655
:10915000A9B90268114B9A4211D0102D06D82A469F
:1091600069462046FFF7F0FF05B030BD1022694682
:109170002046FFF7E9FF0028F6D0103DEDE7A36891
:10918000AB4201D20020EFE723682A4620469847E9
:109190000028F7D0A268521BA260E5E7E58F070020
:1091A000F7B50E4601A907461546FFF729FFA8B1F6
:1091B000019A0123D3184FF0000404D2B17801F0D2
:1091C000C001802901D1204608E031899942FAD3B3
:1091D00029463846FFF7B8FF019BEC5403B0F0BDB9
:1091E00073B50D4601A906461446FFF709FF98B16D
:1091F000019AB2F5803F11D2AB7803F0C003802B07
:1092000002F102010AD02B898B4207D32146304656
:1092100021F8022BFFF798FF02B070BD0020FBE79A
:1092200010B5034C82600022C0E90041C26010BD4D
:10923000E58F07002DE9F341002604460F46B046AE
:109240003546A3682BB3236801220DF107012046A0
:109250009847F0B1A3689DF807C0013B0CF07F026E
:10926000C5F12001A360A5F1200302FA03F322FA5D
:1092700001F10B43AA401CF0800F46EA020643EAC4
:10928000080805F1070502D1C7E9006802E0462D8C
:10929000D7D1002002B0BDE8F08173B50C46694615
:1092A0001646FFF7C7FF68B12389082B0CD1DDE90B
:1092B0000045C6E90045DDE90023AB4206BFA242F6
:1092C0000120002002B070BD042B04D1009B33604C
:1092D0001C460025EFE7022B4FF0000004D1009B55
:1092E00033809CB20546E6E7012BEBD1009B33703F
:1092F00003F0FF04F6E737B50D4669461446FFF75D
:1093000099FF30B12A89082ADDE9003103D1C4E987
:10931000003103B030BD042A18464FEAE37108D18A
:1093200023601A460B468B4206BF82420120002072
:10933000EFE7022A04D11BB223801AB2D317F2E757
:10934000012A03D15BB223705AB2F7E70020E0E7AD
:10935000F7B51F4600233B700D460B70136001A943
:1093600004461646FFF74CFE30B9A36813B9012333
:109370003B70002003B0F0BD019C002CF7D0E30847
:1093800004F0070433602C70F4E713B50446052994
:109390001FD8DFE801F0030F151E1E1C012201A9D2
:1093A0002046FFF7D1FE18B19DF90430002BF5DB04
:1093B00002B010BD082200212046FFF7C5FEF7E7E6
:1093C00001A9FFF71DFE0028F2D0019AF3E704225D
:1093D000F1E70020ECE773B50D4601A90446FFF75D
:1093E0000FFE064618B90026304602B070BD94E85C
:1093F0000F0085E80F0001998A42F4D3A960A368A1
:109400005B1AA360F0E700002DE9F0435768BB78D2
:1094100013F0C00489B006468C46154603D0402C94
:109420006AD000240CE003F00F025F4903F0300320
:10943000202B51F8228026D006D8CBB1102B1CD07F
:10944000204609B0BDE8F083302BF9D16B6939882B
:109450001980072A0AD16B6828691A89214603F006
:1094600035FB6B682969D868FFF75CFE2A6940E024
:109470002A693946C0470446E2E76B6901221A703F
:109480002A696968F6E7BCF1020FD5F8149024D177
:10949000042A22D804A9FFF79EFF04460028C0D062
:1094A000069B2BB16968B9F800304A899A4205D801
:1094B000059B7360069B002BC2D0B2E708892A691E
:1094C00003FB002204A8C04728B1B9F800300133DB
:1094D000A9F80030E4E70446EAE7B9F800307A89F1
:1094E0009A429ED92A693989581CA9F8000003FBC1
:1094F000012269683046BDE7D2F81080474657F828
:10950000043B13B9FFF741FFB5E7022914D104A9C1
:10951000FFF761FF002884D0D8F8003069683A4628
:1095200004A89847044600283FF47BAF069B002B15
:10953000F2D1059B736083E7012925D005292BD043
:1095400000297FF46EAF0C460DF1040901340B2C99
:109550003FF467AF012249463046FFF7F5FD00288A
:109560003FF45FAF19F9013B002BEFDB0F4B049386
:1095700001ABCDE9053400230793D8F800306968C2
:109580003A4604A8984776E7082201A9FFF7DCFDD0
:1095900008240028EAD144E704220DEB0201FFF77A
:1095A000D3FD0424F5E700BF88CF0700E58F07004F
:1095B0002DE9F04F91B00446002604A8CDE90266DB
:1095C000FFF7A6FCA3683BBBDDE9053404A89D7842
:1095D000FFF7AFFC0028F7D115F0300F03D1059B42
:1095E0001B8803B10134002C00F0A980630900221C
:1095F00002A9934240F09C8010AA02EB830304F07E
:109600001F0453F8383CC4F120044FF0FF30E04011
:10961000C31A584258410DE00DF1030301AA0DF1A0
:1096200002012046FFF794FE38B99DF80330002B65
:10963000CAD1002011B0BDE8F08F019904A8FFF74E
:10964000BAFC002850D1019BB3427DD3059D059AF9
:10965000937803F00F03082B7FD004A8FFF769FC71
:10966000059B9D42F3D14FF0FF36019FB7426BD36C
:10967000089B9DF802A0D4F808801D684FF00109EE
:10968000A368002D5DD098459CD12B68D3F800B01D
:10969000BBF1000F08D053463A4629462046D8472A
:1096A0000028C6D0AD68EBE7D3F808B0BBF80030AF
:1096B0009F42F7D16A6859460AA8FFF729FC6B68F0
:1096C0000E9305F10C030F939BF8023003F0C003D7
:1096D000802B04BF2B1D0E930AAA85F80C905146CF
:1096E0002046FFF791FEDBE7059B9B7813F0300FD8
:1096F0000FD1069A3F2A0CD8510910AB03EB810118
:1097000002F01F020123934051F8382C134341F813
:10971000383CE5682DB19DF80220019904AB204644
:10972000A8479DF8021004AA2046FFF76DFE10E03E
:1097300051F8225001357FF47DAF013259E7012005
:1097400078E798457FF43EAF9DF802102046FFF77A
:109750001CFE00287FF436AF6BE7168885E737B527
:109760000C460546114620460192FFF7DBFC019AA4
:109770002146284603B0BDE83040FFF719BF70B559
:1097800086B0CE6801920C4602A90546FFF723FE7B
:1097900068B1E06858B1A378019A03F03003202B38
:1097A000314602A805D1FFF7DAFF039B6B6006B0D4
:1097B00070BDFFF7FDFEF8E7D3B50C466946FFF72D
:1097C00039FD80B1DDE9001300274A0801F00106E8
:1097D00042EAC37256EA07014FEA53031CBFD24361
:1097E000DB43C4E9002302B0D0BD37B50D4669465E
:1097F0001446FFF7E1FF68B12B89082B0CD1DDE996
:109800000001C4E90001DDE900238B4206BF82426A
:109810000120002003B030BD042B03D1009820604C
:10982000C117F0E7022B04D1BDF90000208000B27F
:10983000F6E7012B04D19DF90000207040B2EFE75C
:109840000020E7E713B504220C460DEB0201FFF7F9
:109850007BFC08B1019B236002B010BD1146FFF7ED
:10986000F1BF13B508220C466946FFF76DFC18B12D
:10987000DDE90023C4E9002302B010BD1146FFF763
:10988000F0BF10B513681F2B144607D9002208300B
:10989000FEF78BFB08B92023236010BD48F214505B
:1098A000FBE70830FEF75EBB0830FEF72BBB00007D
:1098B000831F012B10B5044602D8002001F044F8A4
:1098C000034B1B681BB12046BDE81040184710BD74
:1098D0003C32002008B5074B18600020FFF7E8FF76
:1098E000054801F019F820B9BDE80840024800F029
:1098F0007BBE08BD3C320020B19807006EDF704788
:109900006FDF704772DF704773DF704774DF704737
:1099100075DF704776DF70477ADF70477CDF70470E
:109920007DDF70477FDF704786DF70478FDF7047CE
:1099300090DF7047A8DF7047AADF7047ADDF704740
:10994000AEDF7047AFDF7047B0DF7047B1DF704701
:10995000B5DF704762DF704766DF704713DF70471F
:109960007FB50023CDF80B308DF80F300A4BADF8E2
:1099700006109B89ADF8083001238DF80A300DF1EF
:109980000603CDE90430054B02A91888FFF7D8FF7C
:1099900007B05DF804FB00BF8E4200202A2B002098
:1099A00001460148FDF7A5BFBCD2070070B51822DB
:1099B0008CB00DEB0200002103F088F801238DF834
:1099C00018308DF82D30324B1B7828220892002B4E
:1099D0005CD0304B02AA03F110061546186859688E
:1099E000144603C40833B3422246F7D12A4C10224E
:1099F0002946204602F0A0FF002847D002238DF818
:109A00002C30012104F110036846CDE90034FFF742
:109A100075FF0122002101A8FFF772FF04231F4CEC
:109A200002941622A37003230926ADF80420E370E4
:109A300000225923CDE903220592012502226371F8
:109A400001A9FE23A019ADF80C6022706570227187
:109A5000A371FFF765FFB8B9BDF8043026725A1933
:109A6000E271BDF80C200E4C134402A906AA204650
:109A7000ADF80C30FFF746FF30B92078FFF746FF0E
:109A800020782946FFF740FF0CB070BD0623C6E7DB
:109A90000C43002080D10700D0420020A2420020C9
:109AA000282B00202DE9F0410388232B8AB004469F
:109AB00036D80F2B05D8012B00F0EB800AB0BDE89B
:109AC000F081103B132BF9D801A252F823F000BF0C
:109AD000519B07006D9B0700BD9A07003D9C070046
:109AE0008F9D0700BD9A0700BD9A0700BD9A070029
:109AF000BD9A0700BD9A0700E99D0700BD9A0700BF
:109B0000BD9A0700BD9A0700BD9A0700BD9A0700DD
:109B1000BD9A07006F9C0700BD9A07002D9C0700A7
:109B2000503B9AB2062AC9D8062BC7D801A252F8D0
:109B300023F000BF959B07009F9C0700E99D07004D
:109B4000BD9A0700BD9A0700ED9B07007F9C0700A8
:109B5000984B82881A80984A12681C460AB10120E4
:109B6000904796492088FFF7D3FEA7E7914B4FF621
:109B7000FF721A80924B1B685A0704D4FFF716FF36
:109B800008B1FEF7C6FC8C4B1B68002B96D0022058
:109B9000984793E78B4EE288B3889A428ED18A48E1
:109BA000FDF781FE0546002888D0228A04F11201C3
:109BB00002F0F2FE1822002104A802F087FF082319
:109BC0008DF81030814B0693814B0596CDE9073512
:109BD00004A8238AADF8243000F0FCFC00283FF4F0
:109BE0006DAF79482946FDF784FE67E7E188F629DD
:109BF0001AD8CB1E9B070DD0CB1F9BB2013B5A42FC
:109C000002F0030203F0030301F1FF3158BF534296
:109C1000C91A89B2674B1888FFF79AFE00283FF4EB
:109C20004DAFFEF776FC49E7F721F3E7002204A9E0
:109C30008088CDE90422FFF77BFEEFE700235D4C2F
:109C4000ADF812300223ADF81030208802AB04AA20
:109C500042F605210593FFF771FE08B1FEF759FCA6
:109C6000002320881A468521FFF75CFED6E70023F3
:109C700004A98088ADF81030FFF758FECEE7A3792D
:109C8000002B7FF41BAF4B4B13211888FFF742FECC
:109C9000C4E7484B00211888FFF75EFEBEE7A379B2
:109CA000002B3FF40BAF022B7FF408AF454920890E
:109CB0008A8990420E467FF401AFA27B012A7FF48D
:109CC000FDAE00220120CDE904228DF81600208A85
:109CD000384DADF81800608AADF81A0004F1140090
:109CE0000790ADF80A20098A28888DF8103001AF56
:109CF00002AAADF808300397FFF720FEA84660B926
:109D00003846FEF761FD40B940F2FD132888ADF8F2
:109D1000143004A9FFF718FED0E6002304A9B8F810
:109D20000000ADF81430FFF70FFE014600287FF465
:109D3000C5AE182204A802F0C9FE237D234A8DF87F
:109D40001030022B0596069218D0062B10D0012B4E
:109D500010D1204B1A88204B1A80637DD4F816202E
:109D60000893012B099205D11C4800F0EDFD01E09C
:109D7000637D089304A800F02DFC9FE6A27D637D1F
:109D800043EA0223134A1380134A1380F2E7144B69
:109D90001A7862B11349028ACB8D9A4201F104020A
:109DA00005D11C31A0880023FFF7BEFD36E7002156
:109DB000F8E700BF2A2B0020C8420020A6D10700E8
:109DC000C44200208E420020BCD20700BD9E070086
:109DD000A19907000E43002010430020B4D20700D1
:109DE0000C430020CC420020174B1B7833B3174B99
:109DF00017491C88082201232046FFF7A7FD0028E9
:109E00007FF40FAF0246014602232046FFF79EFD76
:109E100000287FF406AF0F4B4FF6FF7219882046DB
:109E2000FFF790FD43F2020398423FF447AE082843
:109E30003FF444AE11287FF4F1AE3FE6A0881A4605
:109E40001946FFF783FDE9E60C4300202A2B00208A
:109E5000044300208E42002038B5134A1368D90706
:109E600001D4002038BD11498842FAD01049088831
:109E70004FF6FF71884211D043F0040313211360A1
:109E8000FFF748FD0028EDD10A4DC82445F0010533
:109E90004FF47A40A847013CFAD1E2E7064B187824
:109EA000BDE83840FFF732BDC4420020B4D20700FD
:109EB0002A2B0020A0D10700282B002010B5044633
:109EC00086B000210D2202A8019102F0FFFD237847
:109ED000082B0BD1364A374913880988013B9BB2BE
:109EE0001380D9B1D3B9032311802370627823780A
:109EF0008DF805306021012A8DF804108DF80620B8
:109F00000ED00B2A12D100F0AFF98DF80700002017
:109F100000F0A4F9042101A8FFF722FD06B010BD4E
:109F2000062B05D0082B29D0032B27D00321F2E7DD
:109F3000E1688DF80710D4E90123080A8DF80800BC
:109F4000080C090E8DF80A10110A8DF80B208DF8F7
:109F50000C10110C120E8DF80E201A0A8DF80F300D
:109F60008DF810201A0C1B0E8DF80D108DF80900BD
:109F70008DF811208DF812300F21CCE7D4E90123A0
:109F8000110A8DF807208DF80810110C120E8DF8AB
:109F90000A201A0A8DF80B308DF80C201A0C1B0EB3
:109FA0008DF809108DF80D208DF80E300B21B2E7D9
:109FB000104300200E4300202DE9F0414D4B94B09A
:109FC00005464FF6FF721A8001204FF659632A4664
:109FD00002A98DF80A00ADF80830FFF7ABFC044683
:109FE000002840F08380444B04AA03F11007164672
:109FF00018685968144603C40833BB422246F7D197
:10A00000A91C3046FFF7A6FC044600286ED11C228E
:10A0100001460DA802F05AFD04F0F8029DF8343014
:10A02000ADF8044042F003028DF80620F42243F01C
:10A030000403CDE90A44ADF82C20304A8DF83430C1
:10A040000223ADF80C3092F80080AB788DF80E301A
:10A0500001AE212303AFCDE908768DF805300C94CD
:10A06000B8F1000F04D1012262F307138DF8053017
:10A070002B4608AA33F8040B0DA9FFF75DFC044634
:10A08000A0BB01461C220DA802F020FD9DF8343033
:10A09000ADF8044023F0180343F0180304F0E8027D
:10A0A00042F013028DF83430AB788DF80E30012178
:10A0B00021238DF806201722CDE90A44CDE9087640
:10A0C000ADF80C108DF805300C94ADF82C20B8F1DB
:10A0D000000F03D161F307138DF805302B4608AA52
:10A0E00033F80C0B0DA9FFF727FC0446204614B0EB
:10A0F000BDE8F0812A2B002090D107000C430020FE
:10A1000073B5354D2B6813F0010403D000242046AD
:10A1100002B070BD314E30603148FDF7ADFB0194A7
:10A1200000F0BDF804460028F1D12E48FFF716FCD8
:10A1300004460028EBD101F059FA04460028E6D184
:10A1400001A801F021FB04460028E0D101A901206B
:10A1500001F024FB04460028D9D101A801F082FBBC
:10A1600004460028D3D100F093FB1F4B002830D0C9
:10A170001E4A126A012A2CD11D481A7000F07CFB7D
:10A1800011231C488DF8043002F0FAFC194982B200
:10A1900001A8FFF7C3FB04460028B8D11648FFF713
:10A1A000BBFB04460028B2D11448FFF705FF044664
:10A1B0000028ACD1FFF7FAFB04460028A7D12B6892
:10A1C00043F001032B603368002B9FD00920984790
:10A1D0009DE700221A70D3E7C4420020C842002045
:10A1E000BCD20700007007000C430020CC4E0020BA
:10A1F000CC42002078D10700A6D107008E42002073
:10A2000043690BB1C06818477047000010B4054996
:10A21000054C0022904218BF214604485DF8044BCB
:10A22000FDF781BBC0CD0700ECCD0700A02B0020BF
:10A2300007B5009313460A4601460348FDF777FB2E
:10A2400003B05DF804FB00BFA02B002013460A46B4
:10A2500001460148FDF772BBA02B0020014B18708E
:10A260000B20704712430020024B002218781A700E
:10A27000704700BF1243002018DF704730B585B02B
:10A28000054610220C466846002102F01FFCA40877
:10A29000684601950294FFF7EFFF05B030BD1FB58A
:10A2A0000023CDE901330393684602230093FFF7AF
:10A2B000E3FF05B05DF804FB4FF000534FF480520C
:10A2C0001A60002070470000014B06201B681847E9
:10A2D0001C4300200A2803D90B38C0B2FFF7BEBFC9
:10A2E0007047000010B5044686B00020FDF72EFB35
:10A2F000014630B1164A18212046FDF709F906B08B
:10A3000010BD1822684602F0E1FB0423114A8DF8C3
:10A310000030114B116D1B68994211D10F4B186819
:10A3200000F0F4FF8DF80100FFF7D4FFD4E901132A
:10A330008DF8010068469847094800F061FADEE7A9
:10A3400001238DF801306846D4E901139847D6E718
:10A35000E5A20700CC4E0020144300201843002043
:10A36000C9A20700F0B5044687B01822002168464C
:10A3700002F0ACFB22788DF8002001238DF801302B
:10A38000531E0B2B00F20C81DFE813F01100330099
:10A39000110011000A0111000A0111000A010A014D
:10A3A0000A010C007F4B1B680720984721E0062A12
:10A3B0007D4901D0012A01D122690A700A78012A57
:10A3C00004D0022A51D000230B7094E0072B10D840
:10A3D000DFE803F0040F452F0F420F1C714B0320E1
:10A3E0001B689847606900F06BFDFFF773FF8DF8FD
:10A3F0000100D4E90113684698479DF80130012B0C
:10A4000000F0C380674B05201B68BDE0A18A20696E
:10A4100000F06EFDFFF75EFF644B8DF80100DA6B14
:10A420001B6C0293E3680192002BE2D020699847ED
:10A43000DFE75F495F4800F0A7FDFFF74BFF01280A
:10A440008DF80100D5D1002000F0DAF90028D0D035
:10A450000A238DF80130CCE74FF400730393534B7C
:10A46000DA6B1B6C01920293C3E7072BC1D801A2E0
:10A4700052F823F095A40700F3A3070059A507009D
:10A4800065A50700F3A307008FA50700F3A3070046
:10A49000FBA4070000F04CFD08B90823D9E7626966
:10A4A0000AB90323D5E7C2F30B0333B13F4B40494D
:10A4B0005B6D096813448B42F3D1B2F5805F01D91B
:10A4C0000423C6E7394B3A49586D096815188D427F
:10A4D000E3D85A64DA6C9A6418651863354B61697D
:10A4E0001B6801F6FF710022090B1844FFF7AEFE4E
:10A4F00000283FF47EAF0523ABE700F019FD0028EC
:10A50000CBD02A4DA18AD5E914329B1A6A6C0B4430
:10A510009342C6D8274B2F6B1B68206905F1480270
:10A520001F44FDF7C5F8E368A28A2169064638464C
:10A53000FFF77EFE08B1E36878E7A28A2B6B13442D
:10A540002B63A38A2A6DAE641344CDE901362B65D3
:10A55000144B08201B6828E7144B9A6C1B6D029261
:10A56000019346E7114BD3E91402596C821A8A42CF
:10A5700093D19A6C5865002120465964DA64FFF73C
:10A58000B1FE084B1B680420984707B0F0BD074B8D
:10A590009A6C1B6D01934FF480530292039328E74A
:10A5A000022356E71C4300202C2B0020CC4E002019
:10A5B0001443002018430020044B054A186D6423FF
:10A5C00043431068B3FBF0F0704700BFCC4E00204F
:10A5D0001443002083681BB1024A1821FCF798BF7E
:10A5E0000720704765A3070038B50546C0B10120B4
:10A5F000FFF70CFE044648B900F054FC00F098FC4C
:10A6000030B9084B00201D60FFF728FE204638BDFA
:10A610000549064800F0B8FC0128F2D00324F5E70C
:10A620000724F3E71C4300201443002018430020B4
:10A630002DE9F04115464FF46072064688461F46E4
:10A6400002F07AF928B915B90020BDE8F081A847D1
:10A65000FAE7002201213046FFF7F8FD70B94FF408
:10A6600060724146384602F097F92B464FF460720B
:10A6700039463046FFF7DCFD0028E5D00320E4E74B
:10A680002DE9F0413D4C236801335CD00022582174
:10A69000201DFDF70DF8D4F80080A8EB0002D2F1E0
:10A6A000000848EB0208364D364E2F683B680133F0
:10A6B0005ED000225821381DFCF7FAFF3B68834228
:10A6C00044D17C68012C0AD00022C32107F5187000
:10A6D000FCF7EEFFD7F85C42231A5C425C41B8F10C
:10A6E000000F35D0254927484FF4607202F054F925
:10A6F00064B1296824485422043102F04DF92968D4
:10A7000022484FF432725C3102F046F97468012C31
:10A710002CD11F49402201F5E47002F03DF91D499A
:10A720001C2201F5E47002F037F91B4986F8A142BA
:10A730000023042201F2862086F8603286F8E23295
:10A7400002F02AF910E04FF00008ACE70024C6E759
:10A7500024B129680B484FF46072D5E709484FF4DB
:10A760006072002102F0B2F902237360BDE8F0814B
:10A77000B8F1000FF2D00024B4E700BF00F00700EA
:10A78000302B0020CC4E0020D04E0020284F00203F
:10A790002850002068500020E84E002070B50D4C75
:10A7A0000546002258212046FCF782FF002244F88B
:10A7B000040CC32104F51770FCF77AFF261FC4F8B8
:10A7C00058022A463146044B0448BDE87040FFF762
:10A7D0002FBF00BFD04E00202043002000F0070014
:10A7E00002460248024B0068FFF722BF302B0020D0
:10A7F000A04600200149FFF7F3BF00BF00F00700AB
:10A8000038B505460020FFF7C9FF044618B90349CB
:10A810002846FFF7E5FF204638BD00BFCC4E00209C
:10A8200010B5FFF7F3FC044628B9FFF729FF2046CF
:10A83000FFF7E6FF00B1032010BD29DF70470000DD
:10A8400038B50C4D0446D5F8243378B101330FD117
:10A8500000223C210430FCF72BFF2060214605F547
:10A8600049701022BDE83840FFF7E7BF0E2038BD21
:10A870000820FCE700F0070008B528B10349402292
:10A8800002F08AF8002008BD0E20FCE724F3070040
:10A8900010B5064C00223C212046FCF709FF54F875
:10A8A000043C1B1A5842584110BD00BF28F3070052
:10A8B00038B50C4D0446D5F8643378B101330FD167
:10A8C000002218210430FCF7F3FE2060214605F534
:10A8D00059700722BDE83840FFF7AFBF0E2038BDE2
:10A8E0000820FCE700F0070010B50A4CD4F8243328
:10A8F000D4F864231340013309D04FF4FE20FDF750
:10A9000011FCC92221464FF4FE20FDF739FC00203E
:10A9100010BD00BFCC4E0020F8B5094E094CA41B59
:10A920000746E4080025A54201D10020F8BD56F8ED
:10A930003530384698470028F8D10135F3E700BF95
:10A94000B4D20700BCD20700F8B5094E094CA41BCD
:10A950000746E40800250436A54201D10020F8BDD1
:10A9600056F83530384698470028F8D10135F3E7D6
:10A97000B4D20700BCD2070008B50C22002102F0B7
:10A98000A5F8024B00221A6308BD00BFCC4E002080
:10A9900043F204031A68084B9A4201BF43F20803CA
:10A9A000186800F6FF7020F47F600CBF20F00F00E5
:10A9B0004FF48050704700BFDBE5B15108B5FFF799
:10A9C000E7FF054B9B69184400F6FF7020F47F6099
:10A9D00020F00F0008BD00BFCC4E00204FF4805087
:10A9E000704700002DE9F74F0193244BDFF894B036
:10A9F0001B6ADFF894900093054616464FF0000856
:10AA000043F2040AB8F1010F5FFA88F714D0022F5D
:10AA10001FD0FFF7D3FF6EB1009B013B5C425C414E
:10AA2000A9EB0000A84200D3F9B1B4B1A8421CD2EE
:10AA300004201FE03446F3E7FFF7AAFF019B33B978
:10AA4000DAF80040B4EB0B0418BF0124E8E74446F1
:10AA5000E6E701244FF48050E2E708F10108B8F17D
:10AA6000030FCFD1A842E3D300E017B10448FFF7AA
:10AA700083FF002003B0BDE8F08F00BFCC4E002064
:10AA8000E44E0020DBE5B1510040070090F855206E
:10AA900012F0FB0F07D190F8643023B1836ECBB175
:10AAA0000B600120704712F0010303D090F856307C
:10AAB00003B1836D9207F2D590F85C20002AEED0A6
:10AAC000054A006EC2F5FC22904201D80344E6E735
:10AAD000042070470F2070470070070010B5084C25
:10AAE0004FF40072FF21204601F0F0FF20220021E8
:10AAF000A4F1240001F0EAFF002344F82C3C10BD2F
:10AB0000284F00202DE9F0475A495B48DFF888813B
:10AB1000DFF88891DFF888A1584C92B00C2201F040
:10AB20000BFF064600284CD15349382204A801F0F7
:10AB300033FF4FF447723146204688F80060C9F869
:10AB40000060CAF8006001F0C1FF079D012D58D1D7
:10AB50004FF48073A3803423636143F20C0384F8C1
:10AB60006C612570A5712572E560257425831B88AD
:10AB7000E361089B2367032384F87630099BA4F8DC
:10AB80005C5084F85E50266684F86450A66684F8AB
:10AB90006C5084F87450A4F8783020220AA904F18B
:10ABA0007A0001F0F9FEA4F89A50A4F89C5084F8B9
:10ABB0009E60A4F8A06088F800500834304B1C60F8
:10ABC00020E03049304E8A6B6F465C313846FEF7E4
:10ABD00027FB97E80F0086E80F0000212B4B88F831
:10ABE00000104FF447722046C9F80010CAF8001050
:10ABF000F36001F06BFF264922463046FEF7AFFDB9
:10AC000020B90025284612B0BDE8F08798F800501A
:10AC1000002DF6D094F86C3194F800801BB3B8F195
:10AC2000000FEED194F87231002BEAD0DAF8002050
:10AC3000D9F800103846FEF7F3FA97E80F0086E8D7
:10AC40000F004FF4B272414604F5BA7001F03EFFB6
:10AC5000104904F5BA723046FEF781FD0028D0D0C5
:10AC600004F5BA74AAE7B8F1000FCAD0A379002B93
:10AC7000A3D1C6E7AED10700284F0020504A0020DC
:10AC8000284E0020CC4E00206C4D0020A5AC0700C3
:10AC900008D1070054D007004C4A0020484A002041
:10ACA000444A002030B55B68DA680D4B9A4208D1FF
:10ACB0000C490A6812B90C4A14681CB10B4B0022EB
:10ACC0001A7030BDD0E90134181913F9015B002D59
:10ACD000A0EB0304F9DB0B601460044B0122EFE7E7
:10ACE00054D00700484A0020444A00204C4A002023
:10ACF00010B543F2040319491C688C4202462BD05C
:10AD000042F20403C358581A434243418C42184646
:10AD100021D142F20403D358A3421CD14FF4405333
:10AD200002F500511B780978142B81BF43F21403FC
:10AD30000B481B68B3FBF0F398BF0023142989BFAD
:10AD400042F2140100205058054A88BFB0FBF2F0CF
:10AD5000181A18BF012010BD0023D7E7DBE5B15159
:10AD600040420F0000B591B0FDF7F6FA6846084979
:10AD70002022FDF724FB6A46064907484023FDF7D9
:10AD800043FA064B01221A7011B05DF804FB00BFB4
:10AD900018CF07007C4D00200CCF0700204A002070
:10ADA000F0B5A3B007460D4614461E467822202370
:10ADB000002104A8029301F089FE00230393194B9C
:10ADC0001B780BB9FFF7CEFF2DB337BB02AB164F85
:10ADD00001931649289B0097324604A8FDF7A2FA72
:10ADE000E8B9402C1BD1124E22462946304601F0CC
:10ADF000D3FD20213046FDF7EEFACDE90064029B39
:10AE00000C493A4603A8FDF71BFA00280CBF0120A5
:10AE1000052023B0F0BD1320FBE71620F9E70A2038
:10AE2000F7E700BF204A0020C44D0020ACCF070048
:10AE3000E44D00207C4D0020F0B5ABB004460D463B
:10AE400016461F467822202300210CA8039301F008
:10AE50003DFE114B1B780BB9FFF784FF2FB1214644
:10AE6000202204A8FDF7A0FA04AC03AB0B4F01931A
:10AE70000B49009733462A460CA8FDF753FA48B908
:10AE800020222146384601F057FDB0FA80F04009F3
:10AE90002BB0F0BD0020FBE7204A0020214A002013
:10AEA000ACCF070008B5044B986B08B1FFF72AFE3A
:10AEB000024B187008BD00BFCC4E0020244E00206D
:10AEC00010B5044658B1B0F5007F0AD8064B0022F1
:10AED0001A70FFF703FE054B01209C6310BD032091
:10AEE000FCE70420FAE700BF244E0020CC4E0020EF
:10AEF00070B50E4C0646E06BA36B42189A420D46A5
:10AF000011D85C300A462044314601F045FDE36B20
:10AF100004F140022B4429463046E363FCF7C8FBAA
:10AF20002064012070BD0320FCE700BFCC4E002050
:10AF3000014B1878704700BF244E002013B50F4C0A
:10AF400094F86C31B3B10E4B1B6800930D4BB4F801
:10AF5000DA221B6894F8D80204F53771FFF720FF56
:10AF6000012809D104F5B874201D02B0BDE81040D5
:10AF700000F0D0B90434F7E702B010BD504A002009
:10AF8000444A0020484A00202DE9F843DFF8888031
:10AF9000D8E90E329A4206460D4637D1DFF87C904A
:10AFA00099F800704FB1FFF709FD1A4B3060294640
:10AFB0001868BDE8F843FFF769BDFFF7A3FD38B394
:10AFC000FFF7BCFF0128376004462F601BD1114BEF
:10AFD00029461868FFF75AFD0128044613D198F84E
:10AFE000A112B1FA81F103463A4628684909FFF7F0
:10AFF000F9FC38B9FFF7E2FC89F8004030602046E0
:10B00000BDE8F8830424FFF769FDF8E70824F6E7B4
:10B010000524F4E7284E0020CC4E0020244E0020CA
:10B0200010B490F86C305BB190F86E404CB1B0F851
:10B03000704034B15DF8044B01237230FFF7FCBE61
:10B04000012318465DF8044B704713B504460846C3
:10B0500023781146032B03D8DFE803F021050F18EE
:10B06000002002B010BD0022D4F80140FCF720FB04
:10B07000844214BF00200120F3E70A460023014662
:10B08000601C02B0BDE81040FFF7D6BE0091034639
:10B090004022611C0020FFF783FE0128E9E7012020
:10B0A000DFE700002DE9F041A2B004460D46164648
:10B0B000002178221F4604A8202303939DF8A08036
:10B0C00001F004FD41220021204601F0FFFCB5F80B
:10B0D00094300BB195F8968084F80080B8F1030F96
:10B0E0001ED8DFE808F00902111F00223946304659
:10B0F000FCF7DEFAC4F801003A4631462046FFF775
:10B10000A4FF22B0BDE8F08103AB0193631C009360
:10B1100008493B46324604A8FDF704F90028EBD065
:10B120000020EEE7B5F8982005F19A01601C01F0C7
:10B1300033FCE1E7ACCF07002DE9F0476D4B1D680C
:10B14000A4B004460F4690460A4601462846FFF73B
:10B1500067FF002800F0CC8095F855601EBB4FF0CB
:10B160000109CDF800903B462246294613A8FFF777
:10B1700099FF00287FD0B8F1000F6DD041225E48C2
:10B1800013A901F009FC5D4BC3F82C901E626A689C
:10B190009A60002239462046FCF78AFA574B01256F
:10B1A000C3E909709FE04122002102A801F08EFC52
:10B1B00006F001094122002113A806F0020601F061
:10B1C00085FCB9F1000F4BD042F20403E15803F1C2
:10B1D000A34303F5471303F2D75399424BD1D5F854
:10B1E00058A00AF5FF520AF6FF73C3F30B031F3290
:10B1F000D21A42F20803E35893423CD343F20403C9
:10B200001B688B4213D14FF440531B78102B8ABF1D
:10B2100043F2100300221A6804F500531B78102B28
:10B220008ABF42F210030023E3589A4223D12046FA
:10B23000FFF75EFD00B1F6B10123009322465346AD
:10B24000294602A8FFF72EFFA8B1AB6DE218FB1A42
:10B250004EB9B8F1000F18D1284B01255D6110E0FF
:10B260003B462246F4E70021009113A82946FFF748
:10B2700019FF0028EDD10525B8F1000F30D1FFF7F7
:10B280002DFC284624B0BDE8F087DFF87080B9F1C6
:10B29000000F21D02046FFF72BFD18B108F1180050
:10B2A000FFF76AFB1648412202A901F075FB002E48
:10B2B00014BFAC23A523C8F82C30AB6DC8F83430CC
:10B2C000002E3FF466AF0F48412213A901F064FB42
:10B2D0006B68C8F80C305CE7AA23C8F82C30EFE79D
:10B2E0000948FFF749FBFFF7F9FB044B9C64C8E7EB
:10B2F0001725C1E7284E00206D510020CC4E0020BC
:10B300002C510020AE510020F04E00200122FFF70A
:10B3100013BF0000F0B590F854200346002A51D026
:10B3200090F8550003284DD893F86E20032A47D192
:10B330001A7A002A46D0DA68342A45D143F2040149
:10B340001A8A0C6821498C422AD152B15969E9B153
:10B35000D2B2002103F1140543F20C06CCB2A24292
:10B3600001D8122011E055F821703488A74201F16C
:10B370000101F3D11A78FAB101285B68144A15D893
:10B380009068834234BF10200120F0BD10B9012A1B
:10B39000E7D8EFE7421E18BF0122002AEAD1E0E712
:10B3A00012B15A69002ADCD11A78F6E7D0688342D4
:10B3B0008CBF01201020E8E7012818BF0F20E4E728
:10B3C0001420E2E70F20E0E71120DEE7DBE5B151D2
:10B3D000CC4E002038B1054B0360054B4360012380
:10B3E0000372002070470E20704700BF61B4070051
:10B3F00015B4070038B1054B0360054B43600123CA
:10B400000372002070470E20704700BF91B4070000
:10B410003BB4070069B10B78022B0CD1022804D091
:10B42000032814BF08201120704703230B7000204D
:10B4300070470E2070470820704769B10B78022BC7
:10B440000CD1022804D0032814BF08201120704713
:10B4500003230B70002070470E20704708207047B0
:10B4600010B50C4681B10B78012B06D00ED9033BE9
:10B47000012B94BF0820112010BDFFF7E1F900282F
:10B48000FAD102232370F7E70E20F5E70820F3E74F
:10B4900010B50C4681B10B78012B06D00ED9033BB9
:10B4A000012B94BF0820112010BDFFF701FA0028DE
:10B4B000FAD102232370F7E70E20F5E70820F3E71F
:10B4C00070B5144B144A0C21D21AB2FBF1F2816907
:10B4D00011F8025C044635B900690021914205D19A
:10B4E000012323600EE04FF0FF30F6E71E68AE4206
:10B4F0000CD1461C07D19D68D4E90001D4E9022390
:10B50000A847206070BD5E688642F4D001310C33DC
:10B51000E4E700BFD0D20700E8D207001EF0040F16
:10B520000CBFEFF30880EFF30980FFF7C9BF00BF3E
:10B5300010DF704711DF704713B5044609496846AC
:10B54000FCF72CFC019808B902B010BDD0E900212D
:10B550002046904718B16846FCF729FCF2E7112015
:10B56000F2E700BFC0D1070013B50446074968469B
:10B57000FCF714FC019B0BB902B010BD2046D3E9C7
:10B58000002190476846FCF712FCF3E7D8D107008A
:10B59000064B9A6822B11A6822F480021A6070473A
:10B5A000034B4FF48002C3F880207047C04E002048
:10B5B00000E100E00B4991F816335A09EC231341DE
:10B5C000DB0706D5084B9A683AB94FF480030B6045
:10B5D000704742F20200FCF79CBF1A6842F48002F6
:10B5E0001A60704700E100E0C04E0020F7B5194F27
:10B5F0003C7864BB184E012520463570FFF79CFF50
:10B60000112821D02046FFF7AFFF144B8DF80340DF
:10B61000186801900DF10300FCF710F8104901A81B
:10B62000FFF786FF0446B0FA80F0400938709DF8B5
:10B630000300FCF727F83CB90A4B34701C70FFF785
:10B64000B9FF2846FFF790FF204603B0F0BD08245D
:10B65000FAE700BF2D4E00202C4E0020BBD1070082
:10B660000D8507002E4E0020F7B5154F3B781BB314
:10B67000144E01203070FFF75FFF11284FF00005D6
:10B680001CD00220FFF770FF0DF107008DF8075066
:10B69000FBF7D4FFFFF74EFF04469DF807003D700F
:10B6A000FBF7F0FF2CB93470FFF772FF0320FFF7B0
:10B6B0005BFF204603B0F0BD0824FAE72C46F8E70C
:10B6C0002D4E00202C4E0020054B1B7833B1054B2E
:10B6D0001B780BB1FFF7C8BFFFF788BF0820704782
:10B6E0002C4E00202D4E0020014B1878704700BFD3
:10B6F0002D4E002007B508496846FCF74FFB019B1B
:10B7000013B903B05DF804FBD3E900209047684605
:10B71000FCF74DFBF3E700BFCCD10700FFF7EABF12
:10B7200060DF704769DF704761DF704730B5114DEA
:10B73000ADF5017D4FF4FA740DF1020103A8ADF8E7
:10B740000240FFF7F1FF70B9294601A8FCF726FB7C
:10B75000029B002BF0D003A8D3E90021904701A859
:10B76000FCF725FBF4E7052801D0FCF7D2FE0DF528
:10B77000017D30BDE4D10700024B1B780BB1FFF710
:10B78000D5BF70472F4E002018B1034B0360002037
:10B7900070470E20704700BFE82A00207FB506469C
:10B7A0000C46002959D02E4B0B600C22002101A819
:10B7B00001F08CF9012506232268ADF8083001A9B3
:10B7C00020208DF804608DF80650FFF7ABFF0C22A7
:10B7D000002101A801F07AF922688DF8055001A92D
:10B7E0004020FFF79FFF0C22002101A801F06EF915
:10B7F000F7232268ADF8063001A923208DF80460F4
:10B80000FFF790FF0C22002101A801F05FF92268E8
:10B810008DF8045001A92846FFF784FF0C2200216F
:10B8200001A801F053F94FF4B0632268019301A914
:10B83000A120FFF777FF0C22002101A801F046F9B3
:10B840009DF8043022682B4301A9A0208DF8043014
:10B85000FFF768FF002004B070BD0E20FBE700BFBB
:10B86000E82A002008B5FFF75BFF10B9014B012261
:10B870001A7008BD2F4E00204BDF70471FB50D4CCE
:10B8800001A8FFF7F9FF70B9214602A8FCF786FA74
:10B89000039B002BF4D00198D3E90021904702A824
:10B8A000FCF785FAF4E7052801D0FCF732FE04B076
:10B8B00010BD00BFF0D107008B1802448B4200D1AD
:10B8C000704713F8010D02F8010DF7E700000000C2
:10B8D000C3F10803DB0070B501330446002003A563
:10B8E0005B1920C940CAAD1920C4184720C940CAF5
:10B8F000754120C420C940CA754120C420C940CA2E
:10B90000754120C420C940CA754120C420C940CA1D
:10B91000754120C420C940CA754120C420C940CA0D
:10B92000754120C4404170BD0000000000000000CF
:10B93000C3F10803DB0070B50133002403A500BF89
:10B940005B1920C940CAAD1B20C0184720C940CA96
:10B95000B54120C020C940CAB54120C020C940CA55
:10B96000B54120C020C940CAB54120C020C940CA45
:10B97000B54120C020C940CAB54120C020C940CA35
:10B98000B54120C06441B4FA84F0400970BD00BFE5
:10B990002DE9F04F08B4F8CA04B451F8042BA3FB06
:10B9A000028940F8048B4FF0000AE4FB629A4FF0E2
:10B9B000000BE5FB62AB4FF0000CE6FB62BC4FF006
:10B9C000000EE7FB62CE51F8042B4FF00008E3FBBA
:10B9D000628940F8048BE4FB629AE5FB62ABE6FB0C
:10B9E00062BCE7FB62CE51F8042B4FF00008E3FB8A
:10B9F000628940F8048BE4FB629AE5FB62ABE6FBEC
:10BA000062BCE7FB62CE51F8042B4FF00008E3FB69
:10BA1000628940F8048BE4FB629AE5FB62ABE6FBCB
:10BA200062BCE7FB62CE51F8042B4FF00008E3FB49
:10BA3000628940F8048BE4FB629AE5FB62ABE6FBAB
:10BA400062BCE7FB62CE40F8049B40F804AB40F8D0
:10BA500004BB40F804CB40F804EB0CBC052B00F011
:10BA60001E810C68A0F11400A1F11401A2F11402CE
:10BA700052F804EB4FF0000550F8046BE4FB6E56EF
:10BA800052F804EB50F8047BE4FB6E6752F804EBC9
:10BA900050F8048BE4FB6E7852F804EB50F8049BEA
:10BAA000E4FB6E8952F804EB50F804ABE4FB6E9AA9
:10BAB000A0F1140052F8044B51F804EB4FF0000CC5
:10BAC000E4FB6EC540F804CB51F804EBE4FB6E5682
:10BAD00040F8045B51F804EBE4FB6E6740F8046B3C
:10BAE00051F804EBE4FB6E7840F8047B51F804EB6A
:10BAF000E4FB6E8940F8048B51F804EBE4FB6E9A8A
:10BB0000A0E80006062B00F0CA800C68A0F118001F
:10BB1000A1F11801A2F1180252F804EB4FF0000550
:10BB200050F8046BE4FB6E5652F804EB50F8047BBB
:10BB3000E4FB6E6752F804EB50F8048BE4FB6E787C
:10BB400052F804EB50F8049BE4FB6E8952F804EBC6
:10BB500050F804ABE4FB6E9A52F804EB50F804BBC7
:10BB6000E4FB6EABA0F1180052F8044B51F804EB63
:10BB70004FF0000CE4FB6EC540F804CB51F804EB29
:10BB8000E4FB6E5640F8045B51F804EBE4FB6E678F
:10BB900040F8046B51F804EBE4FB6E7840F8047B4A
:10BBA00051F804EBE4FB6E8940F8048B51F804EB88
:10BBB000E4FB6E9A40F8049B51F804EBE4FB6EAB97
:10BBC000A0E8000C072B6AD008B40C68A0F11C0098
:10BBD000A1F11C01A2F11C0252F804EB4FF0000588
:10BBE00050F8046BE4FB6E5652F804EB50F8047BFB
:10BBF000E4FB6E6752F804EB50F8048BE4FB6E78BC
:10BC000052F804EB50F8049BE4FB6E8952F804EB05
:10BC100050F804ABE4FB6E9A52F804EB50F804BB06
:10BC2000E4FB6EAB52F804EB50F804CBE4FB6EBCC3
:10BC3000A0F11C0052F8044B51F804EB4FF0000344
:10BC4000E4FB6E3540F8043B51F804EBE4FB6E5620
:10BC500040F8045B51F804EBE4FB6E6740F8046BBA
:10BC600051F804EBE4FB6E7840F8047B51F804EBE8
:10BC7000E4FB6E8940F8048B51F804EBE4FB6E9A08
:10BC800040F8049B51F804EBE4FB6EAB40F804ABC6
:10BC900051F804EBE4FB6EBCA0E8001808BCBDE85A
:10BCA000F08F002310B51C465AB2914200DC10BD43
:10BCB00040F823400133F7E710B500231A465CB281
:10BCC000A14203DCB2FA82F0400910BD50F82340D3
:10BCD00001332243F3E74A11012350F8220001F017
:10BCE0001F0103FA01F108407047013910B549B24C
:10BCF000041D0A06CBB204D4013954F82120002ACD
:10BD0000F7D001335BB273B103F18042013A50F8CE
:10BD10002220002022B9013B00EB431318B210BDD2
:10BD200052080130F6E71846F9E710B500235CB277
:10BD3000A24200DC10BD51F8234040F823400133FB
:10BD4000F5E710B5013A52B2130601D5002010BD37
:10BD500050F8224051F822309C4205D802F1FF32BF
:10BD6000F2D24FF0FF30F2E70120F0E700EB810163
:10BD70000023884200D3704751F8042D43EA520350
:10BD80000B60D307F5E737B51D469DF918300193D1
:10BD90000446FFF79DFD019B38B91A462146284607
:10BDA000FFF7CFFF0128019B07D02A4621462046F6
:10BDB00003B0BDE83040FFF7BBBD03B030BD37B5C1
:10BDC0001D469DF9183001930446FFF7B1FD019B14
:10BDD00038B12A462146204603B0BDE83040FFF77F
:10BDE00077BD03B030BD2DE9F04FB5B004AC9DF97F
:10BDF000F8501E4680462B462046FFF7C9FD24AB6F
:10BE000029463046CDE90234FFF76FFFC0EB8510BD
:10BE100004B2002C2146B8BF04F11F01634241F374
:10BE2000471103F01F0314A804F01F0758BF5F4217
:10BE3000FFF737FF002F08B22BDD14AB002203EB16
:10BE40008001C7F1200E1346AB4217D36B0001935C
:10BE500014AB03EB85096F1E34AB012603EB870798
:10BE6000002C54DA34AB03EB86062A4656F8C81C7D
:10BE70004046FFF75AFF35B0BDE8F08F56F823C0B3
:10BE80000CFA07F0024341F8042B01332CFA0EF2AE
:10BE9000DAE714AB2A46314603EB8000FFF745FF93
:10BEA000D4E70FFA82FE5AF8C83C53F82EB034ABF0
:10BEB00003EB8202013052F8803C0B44BBEB0303DE
:10BEC00034BF012200229B4518BF11465CF8C82CE4
:10BED00042F82E30019B42B29A42E2DB731A5E4274
:10BEE000294614A85E41FFF741FF34AB03EB8503FD
:10BEF000294653F8802C57F8803C484643EAC273E1
:10BF0000013C47F8803C24B2FFF730FFA8E734AB90
:10BF10000020C6F1010C014603EB860A03EB8C0CF2
:10BF2000D8E730B51C4691B0054693F90030684615
:10BF3000FFF72EFDD4F8AC3069462846984711B07B
:10BF400030BD13460A46FFF7ECBF2DE9F04793F9E1
:10BF5000006092B0044689461046314615461F4699
:10BF6000FFF7AAFE002840F091803A46494602A811
:10BF7000FFF7E7FF3B4602AA21460AA8FFF7D1FFD9
:10BF800002A908463A46FFF7DCFF3B462A464946E7
:10BF90004846FFF7C6FF07F104083A4629462846F7
:10BFA000FFF7CFFF43462A46214620460096FFF77B
:10BFB000EAFE43462A46294628460096FFF7E3FE56
:10BFC00043462A46214628460096FFF7F8FE3B46A0
:10BFD0002A4621462046FFF7A4FF43462246214633
:10BFE00028460096FFF7CFFE434600962A46214694
:10BFF0002046FFF7C8FE2368DB074AD53346424692
:10C0000021462046FFF764FC314682462046FFF772
:10C01000ADFE06F18043013B54F8232042EACA7288
:10C0200044F823203A4621462846FFF78AFF434634
:10C030000AAA294628460096FFF7C1FE43460AAAE7
:10C04000294628460096FFF7BAFE0AA90846434645
:10C050002A460096FFF7B3FE3B460AAA2146204631
:10C06000FFF75FFF02AA4346104621460096FFF7FE
:10C07000A6FE324629462046FFF757FE4946284687
:10C08000FFF753FE02A94846FFF74FFE12B0BDE886
:10C09000F08731462046FFF769FEC3E72DE9F041FE
:10C0A00015468AB004460E461C22002103A800F063
:10C0B0000DFD2F1D95F9008003232A4631462046A9
:10C0C0000293FFF73EFF3B4602AA21462046CDF8E9
:10C0D0000080FFF774FE2B46324621462046FFF7CC
:10C0E00020FFCDF800803B4605F184022146204622
:10C0F000FFF749FE0AB0BDE8F08100002DE9F042EB
:10C10000082288B00C468146FFF70FFECB6A0393E6
:10C110000B6B04934B6B05938B6B0693CB6B079365
:10C12000002708236A4669466846CDE901770097EB
:10C13000FFF7CEFB082305466A4649464846FFF707
:10C14000C7FB236B0393636B0493A36B0593E36BB0
:10C150000544CDE906376A46082369466846FFF775
:10C16000B7FB082305446A4649464846FFF7B0FB3B
:10C17000236A0093636A0193A36A0293A36B0693F5
:10C18000E36B0793054408236A4649464846CDE9D0
:10C1900004770397FFF79CFB636A0093A36AA26B83
:10C1A0000193E36A02930492636BE26B0393CDE91C
:10C1B0000523236A07932E1808236A4649464846F2
:10C1C000FFF786FBE36A0093236B0193636B029393
:10C1D000236A0693A36A0793351808236A464946DB
:10C1E0004846CDE904770397FFF7A2FB236B009342
:10C1F000636B0193A36B0293E36B0393636A0693F0
:10C20000E36A07932E1A08236A4649464846CDE951
:10C210000477FFF78DFB636B0093A36B0193E36BD4
:10C220000293236A0393636A0493A36ACDE90537F3
:10C23000236B0793361A08236A4649464846FFF798
:10C2400077FBA36B0093E36BCDE90137636A03933C
:10C25000A36A0493E36ACDE90537636B0793361A43
:10C2600008236A4649464846FFF762FB361A0E4CD9
:10C270000FD436B9082249462046FFF762FD01284F
:10C280000FD00823224649464846FFF751FB361A8D
:10C29000EFE70823224649464846FFF719FB3618C0
:10C2A000F7D408B0BDE8F08200D2070070B514469C
:10C2B0008AB006460D461A46214602A80193FFF7AA
:10C2C00040FE019B02AA31463046FFF72AFE02A932
:10C2D000019B22460846FFF724FE019B02AA29463D
:10C2E0002846FFF71EFE0AB070BD2DE9F0478AB060
:10C2F0001446DDF848A055461F4615F9046B009614
:10C30000804689462B460246214602A8FFF757FD84
:10C3100002A952460846FFF714FE534602AA4146B8
:10C320004046FFF7FEFD534602AA21462046FFF78E
:10C33000F8FD2B464A46394638460096FFF73FFD42
:10C340005246394602A8FFF7FCFD02A92B46424699
:10C3500008460096FFF733FD02A92B462246084601
:10C360000096FFF72CFD2B464246214620460096BC
:10C37000FFF725FD5346224649464846FFF7D1FDC3
:10C380002B4602AA414620460096FFF718FD534669
:10C39000224639463846FFF7C4FD2B464A46394601
:10C3A00038460096FFF70BFD324602A92046FFF7FC
:10C3B000BCFC0AB0BDE8F0872DE9F0479846B3F918
:10C3C0000230894613F11F0148BF03F13E01DD1D14
:10C3D00048BF03F10E05EC104E11944275B228BF10
:10C3E000144629460746FFF75CFC22464946FFF7FC
:10C3F00063FAB8F90230B3EBC40F4FEAC40220D29B
:10C40000D21A07EB86010020C2F120068F420FD31B
:10C4100008F124082A4639464046FFF792FC0128D5
:10C420000FD02B4642463846BDE8F047FFF780BAAA
:10C4300051F8044D24FA02F303430B6004FA06F0AA
:10C44000E4E7BDE8F08770B5036813F00106054620
:10C45000144605D013460A460146FFF739FA064648
:10C4600021462846FFF782FC46B104F18042013A9A
:10C4700055F8223043F0004345F8223070BDF0B546
:10C480000F46A1B006461946384615461C46FFF72A
:10C4900013FC20B13046FFF704FC21B0F0BD22466A
:10C4A00039466846FFF741FC294608A8FFF73DFCDE
:10C4B00010A82146FFF7F5FB012318A81093FFF7FA
:10C4C000F0FB224608A96846FFF73BFC28B9224644
:10C4D00010A93046FFF729FCDFE7009BDA0709D4F3
:10C4E00021466846FFF742FC2246294610A8FFF77E
:10C4F000AAFFE6E7089BDB0707D4214608A8FFF759
:10C5000035FC2246294618A8F1E7002823461CDD01
:10C5100008AA69466846FFF70BFA21466846FFF706
:10C5200025FC224618A910A8FFF70BFC002805DA05
:10C5300010A923462A460846FFF7CAF910A9234640
:10C5400018AA0846FFF7F4F9CEE708A96A46084694
:10C55000FFF7EEF9214608A8FFF708FC224610A9CC
:10C5600018A8FFF7EEFB002805DA18A923462A468B
:10C570000846FFF7ADF918A9234610AA0846FFF7A9
:10C58000D7F9BEE700487047FCD107002DE9F04F0E
:10C590002DED028BEDB08946789E05901946B6F9CF
:10C5A000023096F9004013F11F0748BF03F13E0720
:10C5B00047F3471707F1FF3B24AB002543F82B5007
:10C5C0006CAB03EB8B0307EE902A4CA896F9012085
:10C5D00043F8805C43F8605CFFF76EF996F9012040
:10C5E00054A81144FFF768F921464CA8FFF764FBF3
:10C5F0008046002840F0428154A8FFF75DFB03907D
:10C60000002840F03D8106F1240A3A464CA95046E4
:10C61000FFF797FB012840F035813A4654A9504670
:10C62000FFF78FFB0128069040F02C811CAD3B46A4
:10C63000524654A92846FFF722FF0DF13008039B0C
:10C6400048F82B3017EE902A494640463346FFF70C
:10C65000B3FE4146404653462A460097FFF7C3FBC8
:10C660000DF5B87B53462A464CA914A80097FFF74E
:10C67000BAFB224658460599FFF757FBA3000793DC
:10C68000059B0BEB840903EB84014846FFF74DFB48
:10C6900006F14403194634A80493FFF746FB049BB4
:10C6A000A10059183CA8FFF740FB331D08EE903A53
:10C6B000594634AA28460094FFF781FB4B465A4658
:10C6C0003CA934A80096FFF710FE18EE902A2346E6
:10C6D00029462846FFF7D3FE2A46494658463346A0
:10C6E000FFF7E4FD039B0893049B0993059B3946E0
:10C6F0004046CDE90A3BFFF7F8FA3946834614A8CD
:10C70000FFF7F3FA5845B8BF58461FFA80FB0BF104
:10C71000FF3109B240460491FFF7DDFA0499B0F108
:10C72000000814A818BF4FF00108FFF7D4FA00283A
:10C7300014BF0220002048EA00080DF1200922461B
:10C7400059F8281024A8FFF7F0FA0DF1B009A3005A
:10C7500019444846FFF7E9FA21462846FFF7A1FAAF
:10C76000069B2B60ABF1020824AB08EE105A0FFABF
:10C7700088F80493B8F1000F2ADA18EE902A18EE20
:10C78000101A18EE100A2346FFF779FE18EE102A49
:10C79000049833464946FFF789FD04993A465046C6
:10C7A000FFF7CFFA012805D004993B4652460846C8
:10C7B000FFF7BEF8013C64B24CAA230653D5039B95
:10C7C000B3FA83F040096DB0BDEC028BBDE8F08F89
:10C7D000334618EE102A0498D6F8A4504946A847C4
:10C7E00041460CA8FFF777FA4146B0F1000B14A8B8
:10C7F00018BF4FF0010BFFF76EFA002814BF02209C
:10C8000000204BEA000B08AB53F82B1031B3224643
:10C8100034A8FFF78AFA079B3CA81944FFF785FA6A
:10C8200018EE102A33463CA934A8FFF73FFD18EE56
:10C83000903A0499009434AA44A8FFF7C0FA049AE5
:10C8400000964B463CA934A8FFF74FFD18EE101A8E
:10C8500018EE100A334644AAFFF763FB08F1FF38CD
:10C860000FFA88F886E7049B52F8241053F8243016
:10C870004B40039919430391013C9EE72846A2E7E8
:10C880004046A0E703989EE7002301461A46184653
:10C8900000F0E4B908B5074B044613B1002100F0DD
:10C8A0002DFA054B1868836A03B19847204600F0BB
:10C8B00073FA00BFFDCC0700ACD2070038B50A4CB4
:10C8C0000A4D641BA4100AD004F18043013B05EB20
:10C8D0008305013C55F804399847002CF9D1BDE88F
:10C8E000384000F061BA00BFA02B00209C2B002034
:10C8F00070B50D4E0D4D761BB61006D000240134D8
:10C9000055F8043B9847A642F9D1094E094D761BCC
:10C9100000F044FAB61006D00024013455F8043B68
:10C920009847A642F9D170BD982B0020982B002083
:10C930009C2B0020982B0020032A70B412D940EAC7
:10C940000105AD0704460B4620D11946204653F891
:10C95000045B54F8046BAE4218D1043A032A204613
:10C960001946F2D8541E72B103780A789A4208BF69
:10C97000241806D00CE010F8013F11F8012F934263
:10C9800006D1A042F7D1002070BC7047541EEBE7DF
:10C99000981A70BC704700BF844641EA000313F048
:10C9A00003036DD1403A41D351F8043B40F8043BB6
:10C9B00051F8043B40F8043B51F8043B40F8043B79
:10C9C00051F8043B40F8043B51F8043B40F8043B69
:10C9D00051F8043B40F8043B51F8043B40F8043B59
:10C9E00051F8043B40F8043B51F8043B40F8043B49
:10C9F00051F8043B40F8043B51F8043B40F8043B39
:10CA000051F8043B40F8043B51F8043B40F8043B28
:10CA100051F8043B40F8043B51F8043B40F8043B18
:10CA200051F8043B40F8043B403ABDD2303211D3B8
:10CA300051F8043B40F8043B51F8043B40F8043BF8
:10CA400051F8043B40F8043B51F8043B40F8043BE8
:10CA5000103AEDD20C3205D351F8043B40F8043BB8
:10CA6000043AF9D2043208D0D2071CBF11F8013BB6
:10CA700000F8013B01D30B8803806046704700BF7C
:10CA8000082A13D38B078DD010F003038AD0C3F18B
:10CA90000403D21ADB071CBF11F8013B00F8013B6D
:10CAA00080D331F8023B20F8023B7BE7043AD9D32C
:10CAB000013A11F8013B00F8013BF9D20B78037001
:10CAC0004B7843708B78837060467047F0B486076C
:10CAD00046D0541E002A3CD0CAB2034602E014F1EC
:10CAE000FF3436D303F8012B9D07F8D1032C29D945
:10CAF000CDB245EA05250F2C45EA054533D9A4F109
:10CB00001006360903F1200707EB061703F11002A0
:10CB100042E9045542E902551032BA42F8D1721C7A
:10CB200014F00C0F03EB021204F00F0613D0331FA6
:10CB300023F003030433134442F8045B9342FBD114
:10CB400006F003042CB1C9B21C4403F8011B9C423B
:10CB5000FBD1F0BC704734461346002CF3D1F8E704
:10CB600014460346C2E71A462646E0E700000000E6
:10CB700000000000000000000000000000000000B5
:10CB800090F800F06DE9024520F007016FF0000C0D
:10CB900010F0070491F820F040F049804FF00004B5
:10CBA0006FF00700D1E9002391F840F000F1080090
:10CBB00082FA4CF2A4FA8CF283FA4CF3A2FA8CF3C8
:10CBC0004BBBD1E9022382FA4CF200F10800A4FA2F
:10CBD0008CF283FA4CF3A2FA8CF3E3B9D1E9042383
:10CBE00082FA4CF200F10800A4FA8CF283FA4CF3BA
:10CBF000A2FA8CF37BB9D1E9062301F1200182FA74
:10CC00004CF200F10800A4FA8CF283FA4CF3A2FA79
:10CC10008CF3002BC6D0002A04BF04301A4612BA87
:10CC2000B2FA82F2FDE8024500EBD2007047D1E98A
:10CC3000002304F00305C4F100004FEAC50514F019
:10CC4000040F91F840F00CFA05F562EA05021CBFEA
:10CC500063EA050362464FF00004A9E72DE9F843B3
:10CC6000224C25680DB36C681F2C3BDC984691461E
:10CC70000F46064688B1D5F8880028B3D0F80031B1
:10CC800040F824900122A24000EB84011343022EBD
:10CC9000C0F80031C1F8808010D0A31C01346C6052
:10CCA00045F823700020BDE8F883114E114D256032
:10CCB000002ED8D03468C5F88840D4E7D0F80431C5
:10CCC0001A43C0F80421E8E70B4B5BB14FF48470C2
:10CCD000AFF3008030B100236C68C0E94033C5F881
:10CCE0008800CDE74FF0FF30DDE700BFBC4E0020ED
:10CCF00000000000304E0020000000002DE9F04F41
:10CD0000DFF8908083B0D8F8005001900F464FF0C4
:10CD1000010A8DB16C68D5F88860013C0CD405F12E
:10CD2000080B67B12EB106F1800353F82430BB42E3
:10CD300005D014F1FF34F4D203B0BDE8F08F6B6876
:10CD40005BF82420013BA34216BF00236C604BF824
:10CD50002430002AEDD0D5F80490B6B1D6F80011F1
:10CD60000AFA04F30B4210D0D6F8040156F8241046
:10CD700003420CD1019890476B68D8F800204B45CE
:10CD800001D1AA42D5D01546C3E79047F4E708463B
:10CD90009047F1E7BC4E0020FEE700BFF8B500BFAA
:10CDA000F8BC08BC9E467047F8B500BFF8BC08BC8C
:10CDB0009E467047001000000400000001000000C3
:10CDC00095790700B9790700C9790700397A070012
:10CDD000D9790700A1790700A5790700A97907008B
:10CDE000001000000400000001000000457B070067
:10CDF000257B0700157B07004D7D0700017D07009F
:10CE0000E77A0700EB7A0700F17A0700982F8A4249
:10CE100091443771CFFBC0B5A5DBB5E95BC256398C
:10CE2000F111F159A4823F92D55E1CAB98AA07D8A4
:10CE3000015B8312BE853124C37D0C55745DBE72C7
:10CE4000FEB1DE80A706DC9B74F19BC1C1699BE447
:10CE50008647BEEFC69DC10FCCA10C246F2CE92DD7
:10CE6000AA84744ADCA9B05CDA88F97652513E98FB
:10CE70006DC631A8C82703B0C77F59BFF30BE0C602
:10CE80004791A7D55163CA0667292914850AB72790
:10CE900038211B2EFC6D2C4D130D385354730A652D
:10CEA000BB0A6A762EC9C281852C7292A1E8BFA204
:10CEB0004B661AA8708B4BC2A3516CC719E892D16C
:10CEC000240699D685350EF470A06A1016C1A419EF
:10CED000086C371E4C774827B5BCB034B30C1C39EE
:10CEE0004AAAD84E4FCA9C5BF36F2E68EE828F74AD
:10CEF0006F63A5781478C8840802C78CFAFFBE90C7
:10CF0000EB6C50A4F7A3F9BEF27871C64800280074
:10CF10000020400085C50700DDAC843D1EBD6AFCD5
:10CF2000F19B4BD0C49DB1BE608F0D7ACA0083AA1D
:10CF3000B84899DE96F7E90C05200B441BE1104A2E
:10CF4000A3418950BAD2FDB74999C850A1D379AF4E
:10CF50008939544350D9C92D06150E1506110A04F6
:10CF60000A1104041F04041C0B1F251E15160F189C
:10CF7000131C0B1F251E15160F18130000000000B0
:10CF80000338FDD870470000F79207009B92070016
:10CF9000EB9707005D9807007D980700E191070077
:10CFA000A19107007F97070000000000A9980700E3
:10CFB000A398070083980700200000007800000075
:10CFC000000000000100010000000000010000005E
:10CFD0000000000002000500010000004200000007
:10CFE0000000000000000000000000000000000041
:10CFF00000000000010011000100FFFF010000001F
:10D0000000000000020017000200FEFF64010000A3
:10D0100054D00700000000000000000000000000E5
:10D0200000000000010001000000000001000000FD
:10D0300000000000020005000100000022000000C6
:10D0400000000000000000000000000000000000E0
:10D0500000000000010011000400FCFF04000000BB
:10D0600000000000020011000400FCFF04000000AA
:10D0700000000000030021000400FCFF0400100079
:10D0800000000000040011000100FFFF010000008B
:10D0900000000000050011000200FEFF0400000077
:10D0A00000000000060011000400FCFF0400000066
:10D0B00000000000070011000400FCFF0400000055
:10D0C00000000000080017000200FEFF240000001E
:10D0D00024D00700090010000100FFFF010000003C
:10D0E00004D107000A0027000200FEFF44000300ED
:10D0F000C4CF070000000000000000000000000096
:10D100000000000000000000010017000400FCFF08
:10D1100068010000F4CF0700020017000400FCFFC4
:10D12000AC01000038D10700000000000000000042
:10D1300000000000000000000100070000000000E7
:10D1400068010000F4CF07000200010000000000A9
:10D1500001000000000000000300050001000000C5
:10D16000420000000000000000000000000000007D
:10D170000000000000000000446675546172670002
:10D18000000000000000000000000000000000009F
:10D1900050EADA308883B89F604F15F30000C98EDB
:10D1A0000338FDD870470C000C00000058026D6970
:10D1B00063726F6269745F61707000001002010039
:10D1C00008D3070010D3070008000000F8D20700BA
:10D1D00008D3070008000000F0D20700F8D20700CB
:10D1E00008000000E8D20700F0D2070008000000A5
:10D1F00010D3070018D30700080000000820000122
:10D20000FFFFFFFFFFFFFFFFFFFFFFFF000000002A
:10D21000000000000000000001000000FFFFFFFF11
:10D22000512563FCC2CAB9F3849E17A7ADFAE6BCC8
:10D23000FFFFFFFFFFFFFFFF00000000FFFFFFFFFA
:10D2400096C298D84539A1F4A033EB2D817D0377A0
:10D25000F240A463E5E6BCF847422CE1F2D1176B3B
:10D26000F551BF376840B6CBCE5E316B5733CE2B0E
:10D27000169E0F7C4AEBE78E9B7F1AFEE242E34F3D
:10D280004B60D2273E3CCE3BF6B053CCB0061D657A
:10D29000BC86987655BDEBB3E7933AAAD835C65A03
:10D2A0004BBF07009DC00700FDC00700382B0020C2
:10D2B0000000000001A10700599E07004032002035
:10D2C0007C4200208D42002048320020F400000003
:10D2D0000000000003000000F5B30700000000009C
:10D2E00002000000D5B30700A59A07000000000067
:10D2F000C17C07000000000079B7070000000000B3
:10D300007DB8070000000000017B0700000000005E
:10D310001D7C070000000000709FFF7F01000000DF
:10D320000090D0030000000000000000000000009A
:10D3300000000000000000000000000000000000ED
:10D3400001000000000000000000000000000000DC
:10D3500002000000EC2A00200C2B0020FC2A0020F8
:10D36000FF00FFFF0100000000E00700382B002055
:10D3700000000000000000000000000000000000AD
:10D38000000000000000000000000000000000009D
:10D39000000000000000000000000000000000008D
:10D3A000000000000000000000000000000000007D
:10D3B000000000000000000000000000000000006D
:10D3C000000000000000000000000000000000005D
:10D3D00069720700417207000000000000000000B1
:0CD3E00001A2070000100000000008007F
:10E00000BE361649020000000000000000000000BB
:10E0100000000000000000001CD20000105EBCF8F0
:10E0200001000000000000000000000000000000EF
:10E0300000000000000000000000000000000000E0
:10E0400000000000000000000000000000000000D0
:10E0500000000000000000000000000000000000C0
:10E0600000000000000000000000000000000000B0
:10E0700000000000000000000000000000000000A0
:10E080000000000000000000000000000000000090
:10E090000000000000000000000000000000000080
:10E0A0000000000000000000000000000000000070
:10E0B0000000000000000000000000000000000060
:10E0C0000000000000000000000000000000000050
:10E0D0000000000000000000000000000000000040
:10E0E0000000000000000000000000000000000030
:10E0F0000000000000000000000000000000000020
:10E10000000000000000000000000000000000000F
:10E1100000000000000000000000000000000000FF
:10E1200000000000000000000000000000000000EF
:10E1300000000000000000000000000000000000DF
:10E1400000000000000000000000000000000000CF
:10E1500000000000000000000000000000000000BF
:10E1600000000000000000000000000000000000AF
:10E17000000000000000000000000000000000009F
:10E18000000000000000000000000000000000008F
:10E19000000000000000000000000000000000007F
:10E1A000000000000000000000000000000000006F
:10E1B000000000000000000000000000000000005F
:10E1C000000000000000000000000000000000004F
:10E1D000000000000000000000000000000000003F
:10E1E000000000000000000000000000000000002F
:10E1F000000000000000000000000000000000001F
:10E20000000000000000000000000000000000000E
:10E2100000000000000000000000000000000000FE
:10E2200000000000000000000000000000000000EE
:10E2300000000000000000000000000000000000DE
:10E2400000000000000000000000000000000000CE
:10E25000000000000000000000000000A21BDAAC7B
:10E2600000000000000000000000000000000000AE
:10E27000000000000000000000000000000000009E
:10E28000000000000000000000000000000000008E
:10E29000000000000000000000000000000000007E
:10E2A000000000000000000000000000000000006E
:10E2B000000000000000000000000000000000005E
:10E2C000000000000000000000000000000000004E
:10E2D000000000000000000000000000000000003E
:10E2E000000000000000000000000000000000002E
:10E2F000000000000000000000000000000000001E
:10E30000000000000000000000000000000000000D
:10E3100000000000000000000000000000000000FD
:10E3200000000000000000000000000000000000ED
:10E3300000000000000000000000000000000000DD
:10E3400000000000000000000000000000000000CD
:10E3500000000000000000000000000000000000BD
:10E3600000000000000000000000000000000000AD
:10E37000000000000000000000000000000000009D
:10E38000000000000000000000000000000000008D
:10E39000000000000000000000000000000000007D
:10E3A000000000000000000000000000000000006D
:10E3B000000000000000000000000000000000005D
:10E3C000000000000000000000000000000000004D
:10E3D000000000000000000000000000000000003D
:10E3E000000000000000000000000000000000002D
:10E3F000000000000000000000000000000000001D
:10E40000000000000000000000000000000000000C
:10E4100000000000000000000000000000000000FC
:10E4200000000000000000000000000000000000EC
:10E4300000000000000000000000000000000000DC
:10E4400000000000000000000000000000000000CC
:10E4500000000000000000000000000000000000BC
:10E4600000000000000000000000000000000000AC
:10E47000000000000000000000000000000000009C
:10E48000000000000000000000000000000000008C
:10E49000000000000000000000000000000000007C
:10E4A000000000000000000000000000000000006C
:10E4B000000000000000000000000000000000005C
:10E4C000000000000000000000000000000000004C
:10E4D000000000000000000000000000000000003C
:10E4E000000000000000000000000000000000002C
:10E4F000000000000000000000000000000000001C
:10E50000000000000000000000000000000000000B
:10E5100000000000000000000000000000000000FB
:10E5200000000000000000000000000000000000EB
:10E5300000000000000000000000000000000000DB
:10E5400000000000000000000000000000000000CB
:10E5500000000000000000000000000000000000BB
:10E5600000000000000000000000000000000000AB
:10E57000000000000000000000000000000000009B
:10E58000000000000000000000000000000000008B
:10E59000000000000000000000000000000000007B
:10E5A000000000000000000000000000000000006B
:10E5B000000000000000000000000000000000005B
:10E5C000000000000000000000000000000000004B
:10E5D000000000000000000000000000000000003B
:10E5E000000000000000000000000000000000002B
:10E5F000000000000000000000000000000000001B
:10E60000000000000000000000000000000000000A
:10E6100000000000000000000000000000000000FA
:10E6200000000000000000000000000000000000EA
:10E6300000000000000000000000000000000000DA
:10E6400000000000000000000000000000000000CA
:10E6500000000000000000000000000000000000BA
:10E6600000000000000000000000000000000000AA
:10E67000000000000000000000000000000000009A
:10E68000000000000000000000000000000000008A
:10E69000000000000000000000000000000000007A
:10E6A000000000000000000000000000000000006A
:10E6B000000000000000000000000000000000005A
:10E6C000000000000000000000000000000000004A
:10E6D000000000000000000000000000000000003A
:10E6E000000000000000000000000000000000002A
:10E6F000000000000000000000000000000000001A
:10E700000000000000000000000000000000000009
:10E7100000000000000000000000000000000000F9
:10E7200000000000000000000000000000000000E9
:10E7300000000000000000000000000000000000D9
:10E7400000000000000000000000000000000000C9
:10E7500000000000000000000000000000000000B9
:10E7600000000000000000000000000000000000A9
:10E770000000000000000000000000000000000099
:10E780000000000000000000000000000000000089
:10E790000000000000000000000000000000000079
:10E7A0000000000000000000000000000000000069
:10E7B0000000000000000000000000000000000059
:10E7C0000000000000000000000000000000000049
:10E7D0000000000000000000000000000000000039
:10E7E0000000000000000000000000000000000029
:10E7F0000000000000000000000000000000000019
:10E800000000000000000000000000000000000008
:10E8100000000000000000000000000000000000F8
:10E8200000000000000000000000000000000000E8
:10E8300000000000000000000000000000000000D8
:10E8400000000000000000000000000000000000C8
:10E8500000000000000000000000000000000000B8
:10E8600000000000000000000000000000000000A8
:10E870000000000000000000000000000000000098
:10E880000000000000000000000000000000000088
:10E890000000000000000000000000000000000078
:10E8A0000000000000000000000000000000000068
:10E8B0000000000000000000000000000000000058
:10E8C0000000000000000000000000000000000048
:10E8D0000000000000000000000000000000000038
:10E8E0000000000000000000000000000000000028
:10E8F0000000000000000000000000000000000018
:10E900000000000000000000000000000000000007
:10E9100000000000000000000000000000000000F7
:10E9200000000000000000000000000000000000E7
:10E9300000000000000000000000000000000000D7
:10E9400000000000000000000000000000000000C7
:10E9500000000000000000000000000000000000B7
:10E9600000000000000000000000000000000000A7
:10E970000000000000000000000000000000000097
:10E980000000000000000000000000000000000087
:10E990000000000000000000000000000000000077
:10E9A0000000000000000000000000000000000067
:10E9B0000000000000000000000000000000000057
:10E9C0000000000000000000000000000000000047
:10E9D0000000000000000000000000000000000037
:10E9E0000000000000000000000000000000000027
:10E9F0000000000000000000000000000000000017
:10EA00000000000000000000000000000000000006
:10EA100000000000000000000000000000000000F6
:10EA200000000000000000000000000000000000E6
:10EA300000000000000000000000000000000000D6
:10EA400000000000000000000000000000000000C6
:10EA500000000000000000000000000000000000B6
:10EA600000000000000000000000000000000000A6
:10EA70000000000000000000000000000000000096
:10EA80000000000000000000000000000000000086
:10EA90000000000000000000000000000000000076
:10EAA0000000000000000000000000000000000066
:10EAB0000000000000000000000000000000000056
:10EAC0000000000000000000000000000000000046
:10EAD0000000000000000000000000000000000036
:10EAE0000000000000000000000000000000000026
:10EAF0000000000000000000000000000000000016
:10EB00000000000000000000000000000000000005
:10EB100000000000000000000000000000000000F5
:10EB200000000000000000000000000000000000E5
:10EB300000000000000000000000000000000000D5
:10EB400000000000000000000000000000000000C5
:10EB500000000000000000000000000000000000B5
:10EB600000000000000000000000000000000000A5
:10EB70000000000000000000000000000000000095
:10EB80000000000000000000000000000000000085
:10EB90000000000000000000000000000000000075
:10EBA0000000000000000000000000000000000065
:10EBB0000000000000000000000000000000000055
:10EBC0000000000000000000000000000000000045
:10EBD0000000000000000000000000000000000035
:10EBE0000000000000000000000000000000000025
:10EBF0000000000000000000000000000000000015
:10EC00000000000000000000000000000000000004
:10EC100000000000000000000000000000000000F4
:10EC200000000000000000000000000000000000E4
:10EC300000000000000000000000000000000000D4
:10EC400000000000000000000000000000000000C4
:10EC500000000000000000000000000000000000B4
:10EC600000000000000000000000000000000000A4
:10EC70000000000000000000000000000000000094
:10EC80000000000000000000000000000000000084
:10EC90000000000000000000000000000000000074
:10ECA0000000000000000000000000000000000064
:10ECB0000000000000000000000000000000000054
:10ECC0000000000000000000000000000000000044
:10ECD0000000000000000000000000000000000034
:10ECE0000000000000000000000000000000000024
:10ECF0000000000000000000000000000000000014
:10ED00000000000000000000000000000000000003
:10ED100000000000000000000000000000000000F3
:10ED200000000000000000000000000000000000E3
:10ED300000000000000000000000000000000000D3
:10ED400000000000000000000000000000000000C3
:10ED500000000000000000000000000000000000B3
:10ED600000000000000000000000000000000000A3
:10ED70000000000000000000000000000000000093
:10ED80000000000000000000000000000000000083
:10ED90000000000000000000000000000000000073
:10EDA0000000000000000000000000000000000063
:10EDB0000000000000000000000000000000000053
:10EDC0000000000000000000000000000000000043
:10EDD0000000000000000000000000000000000033
:10EDE0000000000000000000000000000000000023
:10EDF0000000000000000000000000000000000013
:10EE00000000000000000000000000000000000002
:10EE100000000000000000000000000000000000F2
:10EE200000000000000000000000000000000000E2
:10EE300000000000000000000000000000000000D2
:10EE400000000000000000000000000000000000C2
:10EE500000000000000000000000000000000000B2
:10EE600000000000000000000000000000000000A2
:10EE70000000000000000000000000000000000092
:10EE80000000000000000000000000000000000082
:10EE90000000000000000000000000000000000072
:10EEA0000000000000000000000000000000000062
:10EEB0000000000000000000000000000000000052
:10EEC0000000000000000000000000000000000042
:10EED0000000000000000000000000000000000032
:10EEE0000000000000000000000000000000000022
:10EEF0000000000000000000000000000000000012
:10EF00000000000000000000000000000000000001
:10EF100000000000000000000000000000000000F1
:10EF200000000000000000000000000000000000E1
:10EF300000000000000000000000000000000000D1
:10EF400000000000000000000000000000000000C1
:10EF500000000000000000000000000000000000B1
:10EF600000000000000000000000000000000000A1
:10EF70000000000000000000000000000000000091
:10EF80000000000000000000000000000000000081
:10EF90000000000000000000000000000000000071
:10EFA0000000000000000000000000000000000061
:10EFB0000000000000000000000000000000000051
:10EFC0000000000000000000000000000000000041
:10EFD0000000000000000000000000000000000031
:10EFE0000000000000000000000000000000000021
:10EFF0000000000000000000000000000000000011
:10F00000BE361649020000000000000000000000AB
:10F0100000000000000000001CD20000105EBCF8E0
:10F0200001000000000000000000000000000000DF
:10F0300000000000000000000000000000000000D0
:10F0400000000000000000000000000000000000C0
:10F0500000000000000000000000000000000000B0
:10F0600000000000000000000000000000000000A0
:10F070000000000000000000000000000000000090
:10F080000000000000000000000000000000000080
:10F090000000000000000000000000000000000070
:10F0A0000000000000000000000000000000000060
:10F0B0000000000000000000000000000000000050
:10F0C0000000000000000000000000000000000040
:10F0D0000000000000000000000000000000000030
:10F0E0000000000000000000000000000000000020
:10F0F0000000000000000000000000000000000010
:10F1000000000000000000000000000000000000FF
:10F1100000000000000000000000000000000000EF
:10F1200000000000000000000000000000000000DF
:10F1300000000000000000000000000000000000CF
:10F1400000000000000000000000000000000000BF
:10F1500000000000000000000000000000000000AF
:10F16000000000000000000000000000000000009F
:10F17000000000000000000000000000000000008F
:10F18000000000000000000000000000000000007F
:10F19000000000000000000000000000000000006F
:10F1A000000000000000000000000000000000005F
:10F1B000000000000000000000000000000000004F
:10F1C000000000000000000000000000000000003F
:10F1D000000000000000000000000000000000002F
:10F1E000000000000000000000000000000000001F
:10F1F000000000000000000000000000000000000F
:10F2000000000000000000000000000000000000FE
:10F2100000000000000000000000000000000000EE
:10F2200000000000000000000000000000000000DE
:10F2300000000000000000000000000000000000CE
:10F2400000000000000000000000000000000000BE
:10F25000000000000000000000000000A21BDAAC6B
:10F26000000000000000000000000000000000009E
:10F27000000000000000000000000000000000008E
:10F28000000000000000000000000000000000007E
:10F29000000000000000000000000000000000006E
:10F2A000000000000000000000000000000000005E
:10F2B000000000000000000000000000000000004E
:10F2C000000000000000000000000000000000003E
:10F2D000000000000000000000000000000000002E
:10F2E000000000000000000000000000000000001E
:10F2F000000000000000000000000000000000000E
:10F3000000000000000000000000000000000000FD
:10F3100000000000000000000000000000000000ED
:03F32000000000EA
:020000020000FC
:020000041000EA
:081014000070070000E0070076
:040000032000F0B138
:00000001FF
